-- phpMyAdmin SQL Dump
-- version 5.0.2
-- https://www.phpmyadmin.net/
--
-- Servidor: 127.0.0.1
-- Tiempo de generación: 03-03-2021 a las 21:02:13
-- Versión del servidor: 10.4.14-MariaDB
-- Versión de PHP: 7.4.10

SET SQL_MODE = "NO_AUTO_VALUE_ON_ZERO";
START TRANSACTION;
SET time_zone = "+00:00";


/*!40101 SET @OLD_CHARACTER_SET_CLIENT=@@CHARACTER_SET_CLIENT */;
/*!40101 SET @OLD_CHARACTER_SET_RESULTS=@@CHARACTER_SET_RESULTS */;
/*!40101 SET @OLD_COLLATION_CONNECTION=@@COLLATION_CONNECTION */;
/*!40101 SET NAMES utf8mb4 */;

--
-- Base de datos: `jefa`
--
CREATE DATABASE IF NOT EXISTS `jefa` DEFAULT CHARACTER SET latin1 COLLATE latin1_spanish_ci;
USE `jefa`;

-- --------------------------------------------------------

--
-- Estructura de tabla para la tabla `alumnos`
--

CREATE TABLE `alumnos` (
  `nExpediente` int(4) DEFAULT NULL,
  `apellido1` varchar(20) DEFAULT NULL,
  `apellido2` varchar(19) DEFAULT NULL,
  `nombre` varchar(19) DEFAULT NULL,
  `sexo` varchar(1) DEFAULT NULL,
  `idCurso` varchar(3) DEFAULT NULL,
  `letraGrupo` varchar(1) DEFAULT NULL,
  `edad` int(2) DEFAULT NULL
) ENGINE=InnoDB DEFAULT CHARSET=utf8;

--
-- Volcado de datos para la tabla `alumnos`
--

INSERT INTO `alumnos` (`nExpediente`, `apellido1`, `apellido2`, `nombre`, `sexo`, `idCurso`, `letraGrupo`, `edad`) VALUES
(416, 'IZQUIERDO', 'GARCIA', 'GERMAN', 'H', 'SAO', 'B', 40),
(1030, 'AZZOUZ', '', 'MOHAMED', 'H', '2ES', 'A', 40),
(10, 'IZQUIERDO', 'LECHUGA', 'ISABEL', 'M', '4ES', 'C', 40),
(519, 'IZQUIERDO', 'GARRIDO', 'JORGE', 'H', '2CX', 'A', 40),
(48, 'IZQUIERDO', 'MENDOZA', 'MARIA TERESA', 'M', '2LA', 'B', 40),
(2178, 'AYAS', 'CABALLERO', 'RUBÉN', 'H', '2AG', 'E', 39),
(591, 'AYUSO', 'MARTINEZ-CASTILLA', 'CONCEPCION', 'M', '3ES', 'B', 39),
(414, 'EXTREMERA', 'SANCHEZ', 'EMILIA NATALIA', 'M', '2AG', 'E', 38),
(963, 'EXPOSITO', 'MORALES', 'RAQUEL', 'M', '1SI', 'A', 38),
(446, 'EXPOSITO', 'REYES', 'MONICA RAQUEL', 'M', '3ES', 'D', 38),
(305, 'EXPOSITO', 'GOMEZ', 'JOSE ANTONIO', 'H', '4ES', 'D', 38),
(1782, 'EXPOSITO', 'REYES', 'ANGEL', 'H', '2CI', 'A', 38),
(37, 'AVIDAD', 'FERNANDEZ', 'ALBERTO', 'H', '1HU', 'F', 36),
(2660, 'AVILA', 'SANCHEZ', 'DOLORES', 'M', '1CI', 'B', 36),
(551, 'AVILA', 'JIMENEZ', 'NOELIA', 'M', '4ES', 'E', 36),
(640, 'AVILES', 'MENDIAS', 'LUIS JAVIER', 'H', '3ES', 'B', 36),
(2967, 'AVILES', 'CARDENAS', 'JONATHAN DAVID', 'H', '2CO', 'A', 36),
(550, 'AVILA', 'JIMENEZ', 'ALICIA', 'M', '4ES', 'D', 36),
(2537, 'AVILA', 'BERMUDEZ', 'AMADOR', 'H', '1CI', 'G', 36),
(639, 'AVILA', 'QUIROSA', 'JOSE', 'H', '3ES', 'A', 36),
(1791, 'QUESADA', 'POZO', 'Mª CARMEN', 'M', '2CO', 'A', 35),
(1839, 'BURGOS', 'MARTIN', 'ANTONIO', 'H', '1CO', 'B', 35),
(1829, 'RUIZ', 'RODRIGUEZ', 'SILVIA', 'M', '1CS', 'D', 35),
(2706, 'RUIZ', 'CONTRERAS', 'JAVIER', 'H', '4ES', 'D', 35),
(85, 'LUQUE', 'BUITRAGO', 'ROBERTO', 'H', '2LA', 'A', 35),
(1795, 'RUIZ', 'COBOS', 'JOSE RAMON', 'H', '5AD', 'B', 35),
(1863, 'MUNUERA', 'RUIZ', 'ANA Mª', 'M', '2ES', 'A', 35),
(1796, 'RUANO', 'RAMA', 'Mª TERESA', 'M', '1SI', 'A', 35),
(2708, 'MUÑOZ', 'AGUILERA', 'SERGIO', 'H', '1CI', 'A', 35),
(2679, 'QUESADA', 'HERNANDEZ', 'DANIEL', 'H', '1SI', 'B', 35),
(1985, 'GUERRERO', 'LEZAMA', 'NOELIA', 'M', '1CO', 'A', 35),
(1982, 'GUERRERO', 'GALINDO', 'ANTONIO MARIA', 'H', '2AG', 'E', 35),
(1978, 'RUIZ', 'MORALES', 'JOSE ANGEL', 'H', '2CI', 'A', 35),
(1923, 'MUÑOZ', 'PEREGRINA', 'TAMARA', 'M', '4ES', 'E', 35),
(1919, 'QUIROSA', 'NARVAEZ', 'ESTRELLA', 'M', '4ES', 'A', 35),
(368, 'RUIZ', 'MEDINA', 'EVA', 'M', '1CO', 'A', 35),
(1915, 'GUTIERREZ', 'FORNIELES', 'PABLO', 'H', '3ES', 'C', 35),
(1843, 'GUERRERO', 'POLO', 'JOSE MIGUEL', 'H', '5AD', 'A', 35),
(2680, 'GUTIERREZ', 'LLAMAS', 'ALEJANDRO', 'H', '2SI', 'A', 35),
(1895, 'RUBIO', 'GIL', 'YOLANDA', 'M', '1SI', 'B', 35),
(1888, 'RUIZ', 'GARCIA', 'JOSE LUIS', 'H', '1CO', 'B', 35),
(1883, 'RUANO', 'RAYO', 'MARIA DOLORES', 'M', '2AG', 'D', 35),
(1870, 'MUÑOZ', 'PALACIOS', 'ANA MARIA', 'M', '4ES', 'A', 35),
(1868, 'RUIZ', 'JIMENEZ', 'CARMEN', 'M', '3ES', 'E', 35),
(1745, 'MUÑOZ', 'BEDMAR', 'JOSE ANTONIO', 'H', '5AD', 'A', 35),
(95, 'RUEDA', 'HINOJOSA', 'REYES', 'M', '2SI', 'B', 35),
(369, 'RUIZ', 'RUIZ', 'GUADALUPE', 'M', '1CO', 'B', 35),
(1848, 'RUIZ', 'DANTA', 'RAQUEL', 'M', '1LA', 'A', 35),
(1917, 'QUERO', 'RODRIGUEZ', 'IMANOL', 'H', '3ES', 'E', 35),
(1579, 'RUIZ', 'MALDONADO', 'VANESSA', 'M', '4ES', 'D', 35),
(1656, 'RUIZ', 'CARVAJAL', 'DESIREE', 'M', '2CI', 'G', 35),
(1640, 'MUÑOZ', 'GIMENEZ', 'ALVARO M.', 'H', 'SAO', 'A', 35),
(1619, 'NUÑEZ', 'LLANELI', 'SERGIO', 'H', '3ES', 'A', 35),
(1605, 'MUÑOZ', 'JIMENEZ', 'JUAN DE DIOS', 'H', '1HU', 'F', 35),
(1595, 'RUIZ', 'MOYA', 'GUSTAVO', 'H', '2CO', 'A', 35),
(2774, 'MUÑOZ', 'LOPEZ', 'MIGUEL ANGEL', 'H', '5AD', 'A', 35),
(68, 'RUIZ', 'RODRIGUEZ', 'MARIA BELEN', 'M', '2CS', 'A', 35),
(1759, 'RUIZ', 'CARMONA', 'JESUS', 'H', '1SI', 'C', 35),
(67, 'RUIZ', 'DE MIRAS', 'ALBERTO', 'H', '2CI', 'A', 35),
(76, 'DURAN', 'TRIPIANA', 'LAURA', 'M', '2CO', 'A', 35),
(66, 'RUIZ', 'COBO', 'PAULA', 'M', '1CS', 'E', 35),
(458, 'QUESADA', 'ALGUACIL', 'SILVIA', 'M', '1CS', 'E', 35),
(1555, 'QUIROS', 'FERNANDEZ', 'ALBERTO', 'H', '2LA', 'A', 35),
(1546, 'RUIZ', 'GRANADOS', 'PATRICIA', 'M', '2CO', 'A', 35),
(1545, 'QUIROS', 'FERNANDEZ', 'ISMAEL', 'H', '1CO', 'B', 35),
(469, 'CUADROS', 'PEDROSA', 'DANIEL', 'H', '1CX', 'A', 35),
(1532, 'PULIDO', 'ALARCON', 'EVARISTO', 'H', '1CI', 'A', 35),
(1582, 'MUÑOZ', 'CALVENTE', 'ANA MARIA', 'M', '1CI', 'B', 35),
(411, 'CUADROS', 'RAYA', 'SARA', 'M', '2CS', 'A', 35),
(1787, 'RUANO', 'BARNES', 'JAVIER', 'H', 'SAO', 'A', 35),
(1771, 'RUIZ', 'GRANADOS', 'EMILIA', 'M', '3ES', 'F', 35),
(392, 'MUÑOZ', 'FAJARDO', 'JORGE', 'H', '1ES', 'A', 35),
(1999, 'RUIZ', 'REDONDO', 'NURIA', 'M', '2CI', 'G', 35),
(399, 'QUIRANTES', 'RAMON', 'MERCEDES', 'M', '3ES', 'F', 35),
(401, 'RUIZ', 'VILLA', 'NATALIA', 'M', '4ES', 'B', 35),
(1658, 'RUIZ', 'GOMEZ', 'MARIA DEL MAR', 'M', '8AD', 'C', 35),
(425, 'QUIROS', 'BELLIDO', 'ANTONIO', 'H', '1SI', 'B', 35),
(1689, 'CUADROS', 'RAYA', 'ROBERTO', 'H', 'SAO', 'A', 35),
(1688, 'RUIZ', 'BURGOS', 'IRENE', 'M', '2AG', 'E', 35),
(367, 'RUIZ', 'CABEZAS', 'ROSARIO', 'M', 'SAO', 'B', 35),
(202, 'MUÑOZ', 'MOLINA', 'ROBERTO', 'H', '3ES', 'E', 35),
(2432, 'RUIZ', 'CARILLA', 'MARGARITA', 'M', '5AD', 'B', 35),
(2554, 'MURADO', 'AGUILERA', 'EVA MARIA', 'M', '3ES', 'E', 35),
(2417, 'QUESADA', 'PELAEZ', 'ANTONIO', 'H', '1CS', 'D', 35),
(192, 'GUERRA', 'AVELLANEDA', 'VERONICA', 'M', '1SI', 'D', 35),
(2561, 'GUTIERREZ', 'HERNANDEZ', 'VIRGINIA', 'M', '1CI', 'A', 35),
(2365, 'HURTADO', 'JIMENEZ', 'NURIA', 'M', '1CI', 'A', 35),
(1995, 'GUTIERREZ', 'LINARES', 'ANA', 'M', '1LA', 'A', 35),
(2360, 'GUTIERREZ', 'MONTES', 'JESUS', 'H', '4ES', 'A', 35),
(2434, 'RUIZ', 'VERA', 'ALEJANDRO', 'H', '1SI', 'B', 35),
(203, 'MUROS', 'VELAZQUEZ', 'GERARDO', 'H', '3ES', 'F', 35),
(128, 'MUÑOZ', 'MARTINEZ', 'ROCIO', 'M', '5AD', 'A', 35),
(2332, 'CUCCURULLO', 'TORRES', 'ELENA', 'M', '2CX', 'A', 35),
(213, 'RUIZ', 'ARCOS', 'CARMEN', 'M', '1CS', 'E', 35),
(2576, 'HURTADO', 'CUADROS', 'MARIA ISABEL', 'M', '1CX', 'A', 35),
(214, 'RUIZ', 'CORDON', 'MONICA', 'M', '2CI', 'A', 35),
(215, 'RUIZ', 'DANTA', 'CAROLINA', 'M', '2CS', 'A', 35),
(2319, 'BURGOS', 'RUIZ', 'VICTORIA', 'M', '1CS', 'D', 35),
(2361, 'GUTIERREZ', 'QUILES', 'MAGDALENA', 'M', '4ES', 'B', 35),
(2523, 'JUSTICIA', 'ARRAEZ', 'FERNANDO', 'H', 'SAO', 'B', 35),
(2502, 'GUERRERO', 'SANCHEZ', 'MERCEDES', 'M', '3ES', 'B', 35),
(2495, 'JUSTICIA', 'GOMEZ', 'FRANCISCO JAVIER', 'H', '1SI', 'D', 35),
(2494, 'NUÑEZ', 'EICKELBERG', 'CHRISTIAN', 'H', '1SI', 'C', 35),
(2486, 'GUTIERREZ', 'SERRATO', 'JOSE ANTONIO', 'H', '2LA', 'A', 35),
(2529, 'ZURITA', 'RODRIGUEZ', 'JOSE MANUEL', 'H', '5AD', 'A', 35),
(2480, 'QUIROS', 'BENAVENTE', 'VICTOR MANUEL', 'H', '5AD', 'A', 35),
(2475, 'GUTIERREZ', 'CONTRERAS', 'DAVID', 'H', '1CO', 'A', 35),
(135, 'RUIZ', 'ALTIERI', 'MARIA', 'M', '1HU', 'F', 35),
(2433, 'RUIZ', 'VALENZUELA', 'BEGOÑA ELVIRA', 'M', '1SI', 'A', 35),
(2457, 'RUIZ', 'LOPEZ', 'IVAN N.', 'H', '3ES', 'F', 35),
(166, 'MUÑOZ', 'BEDMAR', 'SERGIO', 'H', '2CS', 'A', 35),
(2542, 'TUDELA', 'TALAVERA', 'XABIER', 'H', '1CX', 'C', 35),
(2545, 'RUIZ', 'BAÑOS', 'LUIS EDUARDO', 'H', '2SI', 'B', 35),
(2444, 'SUÑER', 'PEREIRA', 'DANIEL', 'H', '1CX', 'C', 35),
(172, 'RUIZ', 'FERNANDEZ', 'MARIA CARMEN', 'M', '1CO', 'A', 35),
(2310, 'RUIZ', 'BAÑOS', 'RAFAEL JAVIER', 'H', '3ES', 'F', 35),
(2467, 'SUSIN', 'CAÑADA', 'MARIA DEL MAR', 'M', '1CS', 'E', 35),
(2583, 'MUÑOZ', 'CUEVAS', 'FRANCISCO JAVIER', 'H', '1LA', 'A', 35),
(2629, 'RUIZ', 'ALVAREZ', 'MANUEL ANTONIO', 'H', '1SI', 'A', 35),
(2630, 'NUÑEZ', 'IBAÑEZ', 'ELISA Mª', 'M', '1SI', 'B', 35),
(2632, 'BUESO', 'CABALLERO', 'EMILIO JUAN', 'H', '1LA', 'A', 35),
(2125, 'CUESTA', 'PUERTAS', 'EVA MARIA', 'M', '2CI', 'A', 35),
(2116, 'MUÑOZ', 'ROMERO', 'JUAN MANUEL', 'H', '4ES', 'B', 35),
(2102, 'CUERVA', 'PEREZ', 'ANGEL', 'H', '1SI', 'C', 35),
(292, 'RUIZ', 'AGUILA', 'SANDRA', 'M', '1LA', 'B', 35),
(2156, 'RUIZ', 'JIMENEZ', 'Mª CARMEN', 'M', '1ES', 'A', 35),
(2085, 'RUEDA', 'GALLARDO', 'GUILLERMO', 'H', '2CO', 'A', 35),
(2062, 'CUESTA', 'MINGORANCE', 'MARIA JOSE', 'M', '3ES', 'C', 35),
(2047, 'MURILLO', 'FERNANDEZ', 'LORENA', 'H', '1CI', 'G', 35),
(325, 'PUERTOLLANO', 'SALAS', 'FERNANDO JOSE', 'H', '5AD', 'B', 35),
(1674, 'GUERRA', 'ROJAS', 'KELIAN TERESA', 'M', '4ES', 'A', 35),
(328, 'RUIZ', 'CASARES', 'RAFAEL', 'H', '2SI', 'A', 35),
(329, 'RUIZ', 'GARCIA', 'JOAQUIN', 'H', '1LA', 'A', 35),
(2640, 'QUESADA', 'GAMEZ', 'ANTONIO', 'H', '1CX', 'C', 35),
(242, 'MUÑOZ', 'CARBALLO', 'JOSE ANTONIO', 'H', '2SI', 'B', 35),
(2587, 'QUILES', 'PEREZ', 'ENCARNACION', 'M', '2CI', 'G', 35),
(2282, 'MUÑOZ', 'DEL PINO', 'FRANCISCO JESUS', 'H', '1CX', 'A', 35),
(2277, 'MUÑOZ', 'RODRIGUEZ', 'MARIA INMACULADA', 'M', 'SAO', 'A', 35),
(2593, 'GUERRERO', 'ABRIL', 'MARIA ISABEL', 'M', '1SI', 'D', 35),
(2275, 'HURTADO', 'ALCAZAR', 'JOSE ANTONIO', 'H', '2AG', 'D', 35),
(2254, 'RUIZ', 'LOPEZ', 'Mª ANGELES', 'M', '1ES', 'A', 35),
(2154, 'QUESADA', 'ROMERO', 'MARIA AMALIA', 'M', '1LA', 'B', 35),
(2238, 'GUTIERREZ', 'RODRIGUEZ', 'JOSE LUIS', 'H', '1SI', 'B', 35),
(216, 'RUIZ', 'ROBLES', 'MARIA JESUS', 'M', '2CS', 'B', 35),
(243, 'MUÑOZ', 'FERNANDEZ', 'SERGIO', 'H', '1LA', 'B', 35),
(246, 'PUERTAS', 'CABALLERO', 'IRENE', 'M', '2ES', 'A', 35),
(2607, 'MUÑOZ', 'AGUILERA', 'FRANCISCO JESUS', 'H', '4ES', 'C', 35),
(247, 'QUIRANTES', 'ARENAS', 'SAMUEL', 'H', '3ES', 'A', 35),
(2219, 'BURGOS', 'GARCIA', 'ANA ISABEL', 'M', '1CI', 'B', 35),
(116, 'HURTADO', 'MUÑOZ', 'AMOR', 'M', '2CI', 'A', 35),
(2180, 'RUIZ', 'LOPEZ', 'SONIA', 'M', 'SAO', 'B', 35),
(114, 'GUERRERO', 'RODRIGUEZ', 'FCO. JAVIER', 'H', '1CS', 'D', 35),
(2247, 'DURAN', 'MORALES', 'JOSE FERNANDO', 'H', '1CX', 'B', 35),
(2883, 'RUIZ', 'CASTILLO', 'SERGIO', 'H', '8AD', 'C', 35),
(2885, 'RUIZ', 'LOPEZ', 'JUAN NEMESIO', 'H', '1CX', 'C', 35),
(1123, 'HURTADO', 'REYES', 'JOSE CARLOS', 'H', '1SI', 'D', 35),
(1115, 'GUTIERREZ', 'MORENTE', 'ENRIQUE', 'H', '1HU', 'F', 35),
(1511, 'GUTIERREZ', 'LINARES', 'CARMEN JULIA', 'M', '8AD', 'C', 35),
(1113, 'GUERRERO', 'MARQUEZ', 'JOSE LUIS', 'H', '1LA', 'A', 35),
(584, 'RUBI', 'GARCIA-TRIVIÑO', 'JOSE MANUEL', 'H', '1SI', 'D', 35),
(567, 'LUQUE', 'ALEJO', 'MARIA JESUS', 'M', '1CX', 'A', 35),
(619, 'GUERRERO', 'POVEDANO', 'ANA ISABEL', 'M', '5AD', 'B', 35),
(624, 'LUCIO', 'RASTOLL', 'AGUSTIN DE', 'H', '2LA', 'A', 35),
(1009, 'QUIROS', 'CARRANZA', 'MARIA CARMEN', 'M', '2CX', 'A', 35),
(2912, 'RUBIO', 'IDAÑEZ', 'MARIA DEL PILAR', 'M', '2AG', 'D', 35),
(2913, 'MURIANA', 'GALINDO', 'ANA BELEN', 'M', '2AG', 'E', 35),
(539, 'RUIZ', 'PADILLA', 'SILVIA', 'M', '1ES', 'A', 35),
(1683, 'QUESADA', 'ARIAS', 'LIDIA', 'M', '1CS', 'E', 35),
(1230, 'QUESADA', 'QUESADA', 'LORENA MARIA', 'M', '3ES', 'D', 35),
(540, 'RULL', 'ROMERO', 'GEMMA', 'M', '2ES', 'A', 35),
(2858, 'NUÑEZ', 'GOMEZ', 'ILDEFONS', 'H', '1CS', 'D', 35),
(1248, 'RUIZ', 'SANCHEZ', 'MARIA LUISA', 'M', 'SAO', 'A', 35),
(1247, 'RUIZ', 'MEGIAS', 'FRANCISCO', 'H', '2AG', 'E', 35),
(1246, 'RUIZ', 'MEDIANO', 'JOSE MANUEL', 'H', '2AG', 'D', 35),
(1245, 'RUIZ', 'MARTIN', 'EMILIA', 'M', '2CS', 'B', 35),
(1244, 'RUIZ', 'LOPEZ', 'JUDITH', 'M', '2CS', 'A', 35),
(585, 'RUIZ', 'GARCIA', 'INMACULADA', 'M', '2SI', 'B', 35),
(1242, 'RUIZ', 'BURGOS', 'JUAN CARLOS', 'H', '1CS', 'E', 35),
(996, 'RUIZ', 'VILLA', 'ALFREDO', 'H', '1CS', 'D', 35),
(1229, 'QUESADA', 'HERRERA', 'JOSE MIGUEL', 'H', '3ES', 'C', 35),
(1228, 'QUESADA', 'ALBA', 'ELISABET', 'M', '3ES', 'B', 35),
(2871, 'LUPIAÑEZ', 'MEDINA', 'ALVARO', 'H', '2CX', 'A', 35),
(1227, 'QUERO', 'LOPEZ', 'IGNACIO PELAYO', 'H', '3ES', 'A', 35),
(1226, 'PUERTA', 'SANCHEZ', 'JOSE MANUEL', 'H', '2ES', 'A', 35),
(1211, 'MUÑOZ', 'QUIROSA', 'JOSE MANUEL', 'H', '1LA', 'A', 35),
(1210, 'MUÑOZ', 'JULIAN', 'PABLO FERNANDO', 'H', '2SI', 'A', 35),
(1209, 'MUÑOZ', 'ASENSIO', 'JUAN MANUEL', 'H', '1SI', 'B', 35),
(1243, 'RUIZ', 'CARMONA', 'IRENE BELEN', 'M', '2CI', 'A', 35),
(785, 'RUIZ', 'GARCIA', 'ISABEL', 'M', '2ES', 'A', 35),
(9, 'GUERRERO', 'MALDONADO', 'GEMA', 'M', '4ES', 'B', 35),
(689, 'MUÑOZ', 'CAMPOS', 'ANA BELEN', 'M', '3ES', 'B', 35),
(834, 'RUIZ', 'HERNANDEZ', 'YOMAIRA ENCARN.', 'M', '2ES', 'A', 35),
(815, 'RUIZ', 'MOLINA', 'FCO. JAVIER', 'H', '5AD', 'B', 35),
(698, 'BUSTOS', 'URIARTE', 'Mª CARMEN', 'M', '4ES', 'E', 35),
(809, 'MUÑOZ', 'GUERRERO', 'MARIA AMPARO', 'M', '1CO', 'A', 35),
(702, 'DURAN', 'PIÑA', 'JORGE RAUL', 'H', '1CS', 'D', 35),
(857, 'RUIZ', 'VILLADA', 'JOSE JONATHAN', 'H', 'SAO', 'B', 35),
(706, 'GUERRA', 'ROJAS', 'OCTAVIO JOSE', 'H', '2CS', 'B', 35),
(868, 'CUESTA', 'ASTORGA', 'JOSE MIGUEL', 'H', '1LA', 'A', 35),
(2973, 'PUERTAS', 'MORALES', 'MARIA JESUS', 'M', '1SI', 'B', 35),
(770, 'GUERRERO', 'GOMEZ', 'FCO. JAVIER', 'H', '1LA', 'A', 35),
(751, 'RUIZ', 'MARTIN', 'RAFAEL', 'H', '1CS', 'D', 35),
(723, 'RUIZ', 'BARRERA', 'JULIA M.', 'M', '1HU', 'F', 35),
(724, 'RUIZ', 'MOLINA', 'OSCAR', 'H', '1CI', 'G', 35),
(731, 'BURGUETE', 'ESTEBAN', 'MIGUEL', 'M', '1SI', 'D', 35),
(2939, 'NUÑEZ', 'MORALES', 'Mª CARMEN', 'M', '2LA', 'B', 35),
(634, 'PUERTOLLANO', 'RODRIGUEZ', 'LOURDES MARIA', 'M', '2SI', 'B', 35),
(986, 'PUERTA', 'IGLESIAS', 'JUAN JOSE', 'H', '3ES', 'E', 35),
(962, 'CUADROS', 'TALAVERA', 'MARIA TERESA', 'M', '5AD', 'B', 35),
(947, 'MUÑOZ', 'SANCHEZ', 'INMACULADA', 'M', '1CS', 'D', 35),
(651, 'HURTADO', 'URBANO', 'MARIO', 'H', '1CI', 'B', 35),
(856, 'RUIZ', 'NAVARRO', 'JESUS', 'H', 'SAO', 'A', 35),
(915, 'RUIZ', 'JIMENEZ', 'MARIA BELEN', 'M', '1SI', 'B', 35),
(1114, 'GUTIERREZ', 'FERNANDEZ', 'MARIA JOSE', 'M', '2LA', 'A', 35),
(668, 'CUERVA', 'JIMENEZ', 'OLIVIA', 'M', '5AD', 'B', 35),
(885, 'PUYOL', 'ROMERO', 'ROSARIO', 'M', '3ES', 'B', 35),
(884, 'PUERTAS', 'FERNANDEZ', 'RAUL', 'H', '3ES', 'A', 35),
(883, 'MUÑOZ', 'SANCHEZ', 'BEATRIZ', 'M', '2ES', 'A', 35),
(875, 'GUTIERREZ', 'VALENZUELA', 'CELIA', 'M', '1CX', 'B', 35),
(2950, 'CUADRADO', 'QUESADA', 'DARIO', 'H', '4ES', 'C', 35),
(874, 'GUERRERO', 'FERNANDEZ', 'DAVID', 'H', '8AD', 'C', 35),
(1491, 'CUEVAS', 'GARCIA', 'MARIA CARMEN', 'M', '2AG', 'D', 35),
(1471, 'RUIZ', 'VALENZUELA', 'IGNACIO', 'H', '2ES', 'A', 35),
(1495, 'GUERRERO', 'NAVARRETE', 'Mª ANGUSTIAS', 'M', '1CO', 'A', 35),
(1480, 'DURAN', 'RUIZ', 'DAVINIA', 'M', '4ES', 'C', 35),
(2987, 'JURADO', 'POMBO', 'ADRIAN', 'H', '1LA', 'B', 35),
(483, 'GUERRERO', 'DOMENE', 'EVA MARIA', 'M', '1CX', 'B', 35),
(2814, 'GUERRERO', 'JAIME', 'PABLO ANTONIO', 'H', '2AG', 'D', 35),
(2842, 'RUIZ', 'BAÑOS', 'MARIA ANGELES', 'M', '1ES', 'A', 35),
(2807, 'RUIZ', 'FERNANDEZ', 'MARIA LUZ', 'M', '1CI', 'B', 35),
(1343, 'JUGUERA', 'GALVEZ', 'CESAR', 'H', '2CS', 'B', 35),
(1486, 'MUÑOZ', 'FERNANDEZ', 'BEATRIZ', 'M', '1CS', 'D', 35),
(484, 'GUERRERO', 'JIMENEZ', 'SONIA ISABEL', 'M', '1CX', 'C', 35),
(1470, 'CUESTA', 'FERNANDEZ', 'JOSE MANUEL', 'H', '1ES', 'A', 35),
(1406, 'RUIZ', 'RUIZ', 'ENCARNACION', 'M', '2SI', 'A', 35),
(538, 'RUEDA', 'ALVAREZ', 'MARIA DOLORES', 'M', '2LA', 'B', 35),
(1498, 'QUESADA', 'HERRERA', 'SARA', 'M', '1CX', 'A', 35),
(536, 'PUERTOLLANO', 'SALAS', 'MARIA ANGUSTIAS', 'M', '2SI', 'B', 35),
(1448, 'SUÑER', 'PEREIRA', 'SILVIA', 'M', '2CO', 'A', 35),
(499, 'RUIZ', 'REINA', 'MONICA', 'M', '4ES', 'B', 35),
(1508, 'RUIZ', 'BLANCA', 'DIEGO', 'H', '1CI', 'G', 35),
(523, 'LUCIO', 'RASTOLL', 'ANA MARIA DE', 'M', '1SI', 'B', 35),
(1434, 'RUIZ', 'MEDIANO', 'BEATRIZ', 'M', '1CI', 'A', 35),
(2822, 'RUIZ', 'MUÑOZ', 'BEATRIZ', 'M', '2CX', 'A', 35),
(1309, 'DURAN', 'GONZALEZ', 'JOSE LUIS', 'H', '1LA', 'A', 35),
(1473, 'MUÑOZ', 'ORTEGA', 'MIGUEL ANGEL', 'H', '3ES', 'B', 35),
(516, 'GUERRERO', 'GUERRERO', 'ESTEFANIA', 'M', '1CO', 'B', 35),
(517, 'GUTIERREZ', 'ORTEGA', 'SONIA', 'M', '2CO', 'A', 35),
(1027, 'UTRILLA', 'ORTIZ', 'SONIA', 'M', '1LA', 'B', 34),
(1389, 'OTAZU', 'GARCIA', 'NATALIA', 'M', '1CS', 'E', 34),
(60, 'OTAZU', 'GARCIA', 'THIERRY', 'M', '4ES', 'D', 34),
(1327, 'OTERO', 'IGLESIAS', 'LAURA', 'M', '3ES', 'C', 34),
(1769, 'OTEO', 'RUIZ', 'RODRIGO', 'H', '3ES', 'D', 34),
(2586, 'ATLAN', 'RODRIGUEZ', 'JULIANA', 'M', '1CI', 'G', 34),
(1650, 'ESPINOSA', 'GUTIERREZ', 'JUAN', 'H', '1SI', 'B', 33),
(494, 'OSUNA', 'HARO', 'SANDRA', 'M', '3ES', 'C', 33),
(869, 'ESPINOSA', 'GUERRERO', 'C. IRENE', 'M', '2LA', 'A', 33),
(980, 'OSORIO', 'JIMENEZ', 'NURIA', 'M', '1ES', 'A', 33),
(2339, 'ESTEVEZ', 'MOLINA', 'SONIA', 'M', '2LA', 'A', 33),
(667, 'BSEISO', 'BLANCO', 'SERGIO', 'H', '5AD', 'A', 33),
(244, 'OSUNA', 'GONZALEZ', 'JUAN JOSE', 'H', '2LA', 'B', 33),
(1430, 'ESPINOSA', 'BENAVENTE', 'ISAAC', 'H', '4ES', 'B', 33),
(77, 'ESPINOLA', 'MANZANO', 'SONIA', 'M', '1CX', 'A', 33),
(2216, 'ESQUINA', 'ISERTE', 'MIGUEL ANGEL', 'H', '4ES', 'D', 33),
(2338, 'ESPINOSA', 'MONTALBAN', 'RAFAEL', 'H', '1LA', 'A', 33),
(413, 'ESTEVEZ', 'GALVEZ', 'LUZ MARINA', 'M', '2AG', 'D', 33),
(445, 'ESPINOSA', 'DIAZ', 'MARIA TERESA', 'M', '3ES', 'C', 33),
(669, 'ESTEVEZ', 'MARTIN', 'HUMBERTO', 'H', '1SI', 'A', 33),
(510, 'ESPINOSA', 'PUENTEDURA', 'Mª DIONISIA', 'M', '2CS', 'B', 33),
(782, 'OSUNA', 'GONZALEZ', 'MANUEL', 'H', '1LA', 'B', 33),
(821, 'ESTURILLO', 'MELGUIZO', 'ANA', 'M', '1HU', 'F', 33),
(2673, 'ESPINOLA', 'VILCHEZ', 'ANA BELEN', 'M', '2CO', 'A', 33),
(342, 'ESPINOSA', 'AIBAR', 'Mª VISITACION', 'M', '2LA', 'B', 33),
(1784, 'ASADI', 'FERNANDEZ', 'YAMILA Mª', 'M', '2CS', 'B', 33),
(2654, 'OSORIO', 'MENGIBAR', 'DOLORES', 'M', '4ES', 'A', 33),
(2471, 'OSORIO', 'DEL RIO', 'MARIA TERESA', 'M', '2AG', 'D', 33),
(734, 'ESTRADA', 'VERGARA', 'ISMAEL', 'H', '2LA', 'B', 33),
(781, 'OSORIO', 'MORELL', 'MARIA ROSARIO', 'M', '2SI', 'B', 33),
(2651, 'OSORIO', 'MENGIBAR', 'ANGUSTIAS', 'M', '3ES', 'D', 33),
(1803, 'ESCOLANO', 'JIMENA', 'ALEJANDRO', 'H', '2CI', 'G', 33),
(2196, 'ESCUDERO', 'MARIN', 'MIGUEL ANGEL', 'H', '3SA', 'A', 33),
(2020, 'ESPINOLA', 'TEJADA', 'DAVID', 'H', '4ES', 'D', 33),
(926, 'ESTEVEZ', 'GALLARDO', 'MARIA ADELA', 'M', '1SI', 'C', 33),
(1073, 'ESPINOLA', 'TEJADA', 'ALVARO LUIS', 'H', '1SI', 'C', 33),
(1379, 'ESPINOSA', 'SALOBREÑA', 'RODRIGO', 'H', '3ES', 'F', 33),
(2473, 'URBANO', 'VEGA', 'JUAN', 'H', 'SAO', 'A', 32),
(1537, 'FRANCO', 'AYAS', 'PALOMA', 'M', '2CI', 'A', 32),
(719, 'OROZCO', 'DE CARA', 'ESPERANZA', 'M', '1SI', 'B', 32),
(720, 'ORTEGA', 'LOPEZ', 'JUAN CARLOS', 'H', '2SI', 'A', 32),
(492, 'ORTIZ', 'AMATE', 'MARIA ISABEL', 'M', '3ES', 'A', 32),
(479, 'FRAIGEDO', 'TRESCASTRO', 'JUAN CARLOS', 'H', '1CI', 'G', 32),
(2515, 'URQUIZA', 'BERMUDEZ', 'SUSANA', 'M', '1CS', 'D', 32),
(456, 'ORTIZ', 'MARCOS', 'LETICIA', 'M', '1HU', 'C', 32),
(1591, 'ORTEGA', 'GUTIERREZ', 'DANIEL', 'H', 'SAO', 'A', 32),
(204, 'ORTEGA', 'MARTINEZ', 'SOFIA', 'M', '4ES', 'A', 32),
(205, 'ORTIZ', 'MOLINA', 'ANGELA MARIA', 'M', '4ES', 'B', 32),
(1599, 'FRIAS', 'POLO', 'LORENA', 'M', '5AD', 'B', 32),
(2409, 'ORTIZ', 'ARJONA', 'DAVID', 'H', '4ES', 'A', 32),
(167, 'ORTEGA', 'CRUZ', 'OSCAR DAVID', 'H', '2CS', 'B', 32),
(1479, 'ORTUÑO', 'FERNANDEZ', 'ELEAZAR', 'M', '4ES', 'B', 32),
(1563, 'ORTIZ', 'MORENO', 'PATRICIA', 'M', '1SI', 'C', 32),
(705, 'GRANIZO', 'MARTIN', 'SERGIO', 'H', '2CS', 'A', 32),
(209, 'PRIETO', 'JIMENEZ', 'ANA BELEN', 'M', '1CI', 'A', 32),
(438, 'BRAVO', 'LARA', 'NOEMI', 'M', '2SI', 'B', 32),
(1477, 'ORTEGA', 'SOLERA', 'LUZ DIVINA', 'M', '3ES', 'F', 32),
(1977, 'ORTEGA', 'MARTINEZ', 'JOSE JORGE', 'H', '1CS', 'E', 32),
(1761, 'ORTEGA', 'MALDONADO', 'ALVARO', 'H', '2SI', 'B', 32),
(1760, 'ORTEGA', 'NUÑEZ', 'Mª TEZULIA', 'M', '1SI', 'D', 32),
(393, 'ORTEGA', 'MOLINA', 'ANTONIO', 'H', '2ES', 'A', 32),
(1924, 'ORTEGA', 'MOLINA', 'JOSE MANUEL', 'H', '1CI', 'A', 32),
(1994, 'ORTEGA', 'CUESTA', 'MARÍA JOSE', 'M', '2SI', 'A', 32),
(1335, 'ORTEGA', 'PADILLA', 'ENCARNACION', 'M', '4ES', 'E', 32),
(580, 'PRIETO', 'GONZALEZ', 'LAURA', 'M', '8AD', 'C', 32),
(1737, 'PRIETO', 'ROMERO', 'ROBERTO', 'H', '2AG', 'E', 32),
(255, 'TRESCASTRO', 'JIMENEZ', 'VERONICA ANGELI', 'M', '4ES', 'C', 32),
(394, 'ORTEGA', 'PEREZ', 'SEBASTIAN', 'H', '3ES', 'A', 32),
(1844, 'ORTEGA', 'BAILON', 'ANA BELEN', 'M', '5AD', 'B', 32),
(1275, 'TRUJILLO', 'REQUENA', 'BEATRIZ', 'M', '2ES', 'A', 32),
(1274, 'TRIGUEROS', 'JIMENEZ', 'MARIA ANGELES', 'M', '1ES', 'A', 32),
(1822, 'ORTUÑO', 'FERNANDEZ', 'HERMINIA', 'M', '4ES', 'B', 32),
(1792, 'ORTIZ', 'RODRIGUEZ', 'INMACULADA', 'M', '1CX', 'A', 32),
(1764, 'OROZCO', 'GARCIA', 'Mª JESUS', 'M', '1ES', 'A', 32),
(1310, 'ORTEGA', 'SANCHEZ', 'CARMELO', 'H', '2LA', 'A', 32),
(1780, 'BRAVO', 'SANCHEZ', 'INMACULADA', 'M', '1CS', 'D', 32),
(631, 'ORTEGA', 'ORTEGA', 'CONCEPCION', 'M', '1CX', 'C', 32),
(1409, 'TRIVIÑO', 'MORILLAS', 'SARA', 'M', '1HU', 'F', 32),
(1415, 'GRANERO', 'GILABERT', 'FIDEL JUAN', 'H', '1CX', 'C', 32),
(1002, 'FRAMIT', 'JIMENEZ', 'RAQUEL', 'M', '2AG', 'E', 32),
(2187, 'GRACIA', 'ROMERO', 'CRISTINA', 'M', '5AD', 'B', 32),
(2190, 'URQUIZA', 'CONTRERAS', 'Mª CARMEN', 'M', '2SI', 'A', 32),
(1359, 'ORIA', 'GALVEZ', 'CLARA ESTHER', 'M', '2LA', 'A', 32),
(630, 'ORTEGA', 'LOZANO', 'CELIA', 'M', '1CX', 'B', 32),
(2153, 'ORTIZ', 'CARMONA', 'FRANCISCO JOSE', 'H', '2SI', 'B', 32),
(2234, 'GRANADOS', 'LOPEZ', 'CARLOS', 'H', '2CX', 'A', 32),
(979, 'OROZCO', 'MEDINA', 'FCO. JAVIER', 'H', '2LA', 'B', 32),
(493, 'ORTIZ', 'PALMA', 'EMILIO JOSE', 'H', '3ES', 'B', 32),
(2207, 'CRUZ', 'TORRES', 'Mª TERESA', 'M', '3ES', 'A', 32),
(286, 'ORTEGA', 'VILLEGAS', 'CAROLINA', 'M', '8AD', 'C', 32),
(1718, 'OREA', 'GARCIA', 'TAMARA YASMINA', 'M', '3ES', 'B', 32),
(2033, 'ORTIZ', 'PALMA', 'ALEJANDRO', 'H', 'SAO', 'B', 32),
(1007, 'ORTEGA', 'SEVILLA', 'ENCARNACION', 'M', '2CO', 'A', 32),
(2279, 'CRUZ', 'SALIDO', 'LUIS ESTEBAN', 'H', '1CO', 'A', 32),
(2572, 'CRESPO', 'BEAS', 'FRANCISCO MANUEL', 'H', 'SAO', 'B', 32),
(2793, 'TRUJILLO', 'REQUENA', 'ANTONIO', 'H', '1ES', 'A', 32),
(2641, 'PRADOS', 'NAVARRO', 'CARMEN MARIA', 'M', '1SI', 'C', 32),
(2971, 'OROZCO', 'MEDINA', 'MARCO ANTONIO', 'H', '5AD', 'B', 32),
(2534, 'BRIEBA', 'LOPEZ DEL AMO', 'RAMON', 'H', '1LA', 'A', 32),
(2796, 'CRUZ', 'GARCIA', 'FERNANDO', 'H', '3ES', 'B', 32),
(2845, 'PRATS', 'MARTOS', 'GUSTAVO ADOLFO', 'H', '3ES', 'B', 32),
(2829, 'ORTEGA', 'MARTINEZ', 'ROBERTO', 'H', '2LA', 'A', 32),
(2920, 'FRANCISCO', 'HERNANDEZ', 'MANUEL', 'H', '2CX', 'A', 32),
(2850, 'TROYA', 'TERRON', 'JOSE MARIA', 'H', '4ES', 'A', 32),
(92, 'ORTUÑO', 'RODRIGUEZ', 'ESTER', 'M', '1CX', 'C', 32),
(2700, 'GRAN', 'SABATEL', 'CARLOS', 'H', '3ES', 'D', 32),
(2863, 'CRUZ', 'MARTIN', 'SUSANA', 'M', '2AG', 'D', 32),
(2738, 'CRUZ', 'GARCIA', 'PABLO', 'H', '1CX', 'C', 32),
(2574, 'GRANADOS', 'PALMA', 'MARIA TERESA', 'M', '1CO', 'B', 32),
(2940, 'ORTEGA', 'ORTIZ', 'MARIA VICTORIA', 'M', '1ES', 'A', 32),
(59, 'ORTEGA', 'GARCIA', 'MARIA', 'M', '4ES', 'C', 32),
(326, 'RODRIGUEZ', 'VIDAL', 'JORGE', 'H', '1SI', 'A', 29),
(2655, 'DOBLAS', 'CORPAS', 'TERESA DE FATIMA', 'M', '4ES', 'B', 29),
(327, 'ROMERO', 'ROJAS', 'OSCAR', 'H', '1SI', 'B', 29),
(1349, 'RODRIGUEZ', 'MUÑOZ', 'YOLANDA', 'M', '1CO', 'B', 29),
(1350, 'RODRIGUEZ', 'LINARES', 'EVA MARIA', 'M', '2CO', 'A', 29),
(1353, 'RODRIGUEZ', 'MORALES', 'ALEJANDRO', 'H', '5AD', 'A', 29),
(1356, 'RODRIGUEZ', 'CORONA', 'ANTONIO JOSE', 'M', '1SI', 'B', 29),
(2659, 'HORCAJADAS', 'ORDOÑEZ', 'ANA BELEN', 'M', '1CI', 'A', 29),
(1363, 'NOGUERA', 'BENAVIDES', 'OSCAR', 'H', '3SA', 'A', 29),
(1367, 'NOGUERA', 'MUÑOZ', 'JAVIER', 'H', '1SI', 'C', 29),
(1324, 'RODRIGUEZ', 'BAENA', 'ENRIQUE', 'H', '2ES', 'A', 29),
(1933, 'CORTES', 'DE LA FLOR', 'JOSE', 'H', '2AG', 'E', 29),
(2016, 'CORTES', 'LOPEZ', 'ANA', 'M', '3ES', 'F', 29),
(1339, 'DOMINGUEZ', 'CRIADO', 'PALOMA', 'M', '1CS', 'D', 29),
(1330, 'ROJAS', 'GARCIA', 'CARMEN MARIA', 'M', '3ES', 'F', 29),
(1333, 'GOMEZ', 'CRIADO', 'NURIA', 'M', '4ES', 'C', 29),
(2006, 'ROCA', 'BERRIDI', 'ESTIBALIZ', 'M', '2SI', 'B', 29),
(1404, 'RODRIGUEZ', 'IZQUIERDO', 'Mª ANGELES', 'M', '1SI', 'A', 29),
(1405, 'RODRIGUEZ', 'GALLEGO', 'MARIA DEL MAR', 'M', '1SI', 'B', 29),
(1443, 'TORICES', 'MARTIN', 'CARMEN MARIA', 'M', '2AG', 'E', 29),
(504, 'TORREGROSA', 'ANDRES', 'LAURA', 'M', '1CI', 'B', 29),
(1945, 'RODRIGUEZ', 'MORALES', 'MIGUEL MANUEL', 'H', '2SI', 'A', 29),
(1425, 'CORDOBA', 'ESCOBAR', 'JUAN ANDRES', 'H', '3ES', 'C', 29),
(503, 'SOLER', 'RUIZ', 'MARIA BEATRIZ', 'M', '1CI', 'A', 29),
(1435, 'ROMERO', 'PUERTAS', 'CANDELARIA', 'M', '1CI', 'B', 29),
(1436, 'RODRIGUEZ', 'MARTINEZ', 'ANA ISABEL', 'M', '1HU', 'C', 29),
(1391, 'TORRES', 'LOPEZ', 'GREGORIA', 'M', '2CS', 'A', 29),
(497, 'RODRIGUEZ', 'MARTIN', 'MONICA', 'M', '3ES', 'F', 29),
(498, 'RODRIGUEZ', 'RIVAS', 'OSCAR', 'H', '4ES', 'A', 29),
(331, 'TORICES', 'MUÑOZ', 'MARIA ESTHER', 'M', '1HU', 'F', 29),
(1401, 'FORTIZ', 'FORTIZ', 'CARMEN BELEN', 'M', '2CX', 'A', 29),
(1451, 'COSTELA', 'SANMIGUEL', 'SERGIO', 'H', '5AD', 'A', 29),
(2861, 'COTELO', 'LEYVA', 'MARTA', 'M', '2CS', 'A', 29),
(2877, 'ROS', 'PEREZ', 'CARLOS ELOY', 'H', '1LA', 'A', 29),
(2876, 'RODRIGUEZ', 'PIÑERO', 'DAVID', 'H', '2SI', 'A', 29),
(563, 'GOMEZ', 'RUIZ', 'PABLO', 'H', 'SAO', 'B', 29),
(1213, 'NOCETE', 'SANCHEZ', 'ZAIDA', 'M', '1HU', 'F', 29),
(562, 'GOMEZ', 'HARO', 'ALBERTO', 'H', 'SAO', 'A', 29),
(1236, 'ROBLES', 'GARCIA', 'FRANCISCO', 'H', '4ES', 'D', 29),
(1237, 'RODRIGUEZ', 'GONZALEZ', 'ALBERTO', 'H', '4ES', 'E', 29),
(1238, 'RODRIGUEZ', 'LOPEZ', 'EMILIO JOSE', 'H', '1CI', 'A', 29),
(1239, 'RODRIGUEZ', 'RAMIREZ', 'MARIA ANGELES', 'H', '1CI', 'B', 29),
(2082, 'CORDOBA', 'GOMEZ', 'SILVIA', 'M', 'SAO', 'B', 29),
(1240, 'RODRIGUEZ', 'RUIZ', 'RAQUEL', 'M', '1HU', 'C', 29),
(41, 'DOMINGUEZ', 'MALDONADO', 'Mª DOLORES', 'M', '8AD', 'C', 29),
(312, 'GOMEZ', 'CALVO', 'JORGE A.', 'H', '2CI', 'A', 29),
(1224, 'PORCEL', 'JIMENEZ', 'JOSE MANUEL', 'H', '2LA', 'B', 29),
(2120, 'ROSILLO', 'ZUÑIGA', 'VERONICA', 'M', '1CI', 'A', 29),
(108, 'COBOS', 'CARVAJAL', 'MARIA JOSE', 'M', '4ES', 'C', 29),
(2105, 'RODRIGUEZ', 'IZQUIERDO', 'CARMEN', 'M', '1LA', 'B', 29),
(2046, 'TOMITA', 'DROZDEK', 'SANAI', 'M', '1HU', 'F', 29),
(2042, 'CORREA', 'RODRIGUEZ', 'ROMAN', 'H', '1SI', 'B', 29),
(537, 'RODRIGUEZ', 'FERNANDEZ', 'RAUL', 'H', '1LA', 'B', 29),
(1292, 'SOUSA', 'FERNANDEZ', 'JOSE', 'H', '2CI', 'A', 29),
(2854, 'GOMEZ', 'MANTAS', 'BARBARA', 'M', '4ES', 'E', 29),
(1932, 'TORO', 'CABRERIZO', 'MIGUEL ANGEL', 'H', '2AG', 'D', 29),
(313, 'GOMEZ', 'SOLIS', 'LYDIA', 'M', '2CS', 'A', 29),
(2036, 'PORCEL', 'ESTEVEZ', 'DAVID', 'H', '2CO', 'A', 29),
(544, 'TORO', 'JUAREZ', 'JOSE ANTONIO', 'H', '3ES', 'D', 29),
(2070, 'TORE', 'GURSEL', 'HARUN', 'H', '4ES', 'E', 29),
(1265, 'SOLANA', 'ENRIQUEZ', 'ANA', 'M', '3SA', 'A', 29),
(1266, 'SOLER', 'GARCIA', 'MARIA', 'M', '8AD', 'C', 29),
(1267, 'SOTO', 'MORENO', 'ALBERTO', 'H', '1CX', 'B', 29),
(1268, 'TORICES', 'MUÑOZ', 'ROSA MARIA', 'M', '1CX', 'C', 29),
(1269, 'TORO', 'CALLE', 'JORGE', 'H', '1SI', 'C', 29),
(2647, 'ROLDAN', 'GOMEZ', 'SERGIO', 'H', '2ES', 'A', 29),
(1318, 'RODRIGUEZ', 'SANCHEZ', 'EMILIO', 'H', '1SI', 'C', 29),
(1270, 'TORO', 'FERNANDEZ', 'ANTONIO', 'H', '1SI', 'D', 29),
(1272, 'TORRES', 'QUESADA', 'OMAR', 'H', '1LA', 'B', 29),
(1273, 'TORRES', 'SANCHEZ', 'ROSA MARIA', 'M', '2LA', 'B', 29),
(2855, 'RODRIGUEZ', 'MATUTE', 'Mª CARMEN', 'M', '1CI', 'A', 29),
(1634, 'GOMEZ', 'ROMERO', 'ALAIN', 'H', '1CS', 'E', 29),
(1824, 'RODRIGUEZ', 'MEDINA', 'BIBIANA', 'M', '4ES', 'D', 29),
(2710, 'RODRIGUEZ', 'ALCAIDE', 'LAURA', 'M', '1HU', 'C', 29),
(2713, 'ROLDAN', 'FORNELL', 'ROBERTO', 'H', '2CI', 'A', 29),
(84, 'LOZANO', 'RODRIGUEZ', 'ANA ELISA', 'M', '1LA', 'A', 29),
(72, 'TORRE', 'ZUÑIGA', 'JESUS DE LA', 'H', 'SAO', 'A', 29),
(2718, 'ROJAS', 'ESTUDILLO', 'SANTIAGO', 'H', 'SAO', 'A', 29),
(1642, 'GOMEZ', 'SERRANO', 'NATALIA', 'M', '1CO', 'A', 29),
(1773, 'RODRIGUEZ', 'GARRIDO', 'EDUARDO', 'H', '4ES', 'B', 29),
(1646, 'ROLDAN', 'MUÑOZ', 'PATRICIA', 'M', '2CX', 'A', 29),
(1812, 'RODRIGUEZ', 'MUÑOZ', 'CRISTINA', 'M', '2LA', 'B', 29),
(1922, 'TORRECILLAS', 'ORTEGA', 'CARLOS', 'H', '4ES', 'D', 29),
(377, 'FORTIZ', 'FORTIZ', 'ROSA MARIA', 'M', '2SI', 'A', 29),
(1813, 'RODRIGUEZ', 'SOLIS', 'JUAN ANGEL', 'H', '1ES', 'A', 29),
(388, 'LOZANO', 'BENITEZ', 'M. ANGUSTIAS', 'M', '1SI', 'D', 29),
(1811, 'LOZANO', 'SALCEDO', 'YOLANDA', 'M', '1LA', 'B', 29),
(442, 'CORTES', 'DOMINGUEZ', 'TANIA', 'M', '2ES', 'A', 29),
(1610, 'RODRIGUEZ', 'LOPEZ', 'CELIA MARIA', 'M', '1CX', 'B', 29),
(1612, 'RODRIGUEZ', 'CANTERO', 'ROCIO', 'M', '1SI', 'C', 29),
(1692, 'TORO', 'CABRERIZO', 'VIRGINIA', 'M', '1CO', 'B', 29),
(1742, 'ROMERO', 'MARTIN', 'MANUEL', 'H', '2CO', 'A', 29),
(1741, 'ROMERO', 'MADRID', 'JORGE', 'H', '1CO', 'B', 29),
(398, 'POLO', 'VICO', 'ELISABETH', 'M', '3ES', 'E', 29),
(2749, 'ROMERO', 'CERVAN', 'LUCIA', 'M', '3ES', 'D', 29),
(1735, 'ROMERO', 'COGOLLUDO', 'ROBERTO MANUEL', 'H', '2CS', 'B', 29),
(2748, 'ROJAS', 'RODRIGUEZ', 'PATRICIA', 'M', '3ES', 'C', 29),
(430, 'SOLER', 'GARCIA', 'YOLANDA', 'M', '1CI', 'G', 29),
(400, 'RODRIGUEZ', 'MUÑOZ', 'SANDRA', 'M', '4ES', 'A', 29),
(1729, 'ROCA', 'PORCEL', 'JUAN ANTONIO', 'H', '1CI', 'B', 29),
(1690, 'POVEDANO', 'MARTIN', 'FCO. RAFAEL', 'H', 'SAO', 'B', 29),
(1653, 'RODRIGUEZ', 'ARIZA', 'MIGUEL ANGEL', 'H', '2LA', 'A', 29),
(1654, 'RODRIGUEZ', 'ARIZA', 'MARIO LUIS', 'H', '1HU', 'F', 29),
(428, 'ROMERO', 'ORTEGA', 'ROSARIO', 'M', '2LA', 'A', 29),
(2723, 'GOMEZ', 'COBOS', 'ANTONIO VICTOR', 'H', '1CX', 'A', 29),
(2731, 'COCA', 'DIAZ', 'NURA', 'M', '2LA', 'A', 29),
(1752, 'RODRIGUEZ', 'URQUIZA', 'BEATRIZ', 'M', '1HU', 'F', 29),
(1670, 'TORRES', 'RUIZ', 'ROSA MARIA', 'M', '3ES', 'C', 29),
(80, 'GOMEZ', 'FERNANDEZ', 'MARIA CARMEN', 'M', '5AD', 'B', 29),
(1746, 'POVEDANO', 'DE LA HOZ', 'JOSE MANUEL', 'H', '5AD', 'B', 29),
(1768, 'GOMEZ', 'LOPEZ DE MEDINA', 'JOSE LUIS', 'H', '3ES', 'C', 29),
(427, 'RODRIGUEZ', 'LOPEZ', 'Mª YOLANDA', 'M', '1LA', 'A', 29),
(473, 'DOMINGUEZ', 'MACIAS', 'CRISTINA', 'M', '1SI', 'A', 29),
(1588, 'TORREGROSA', 'ROLDAN', 'MARIA JOSE', 'M', '2CS', 'B', 29),
(2791, 'RODRIGUEZ', 'IBERO', 'TANIA ESTRELLA', 'M', '1LA', 'B', 29),
(1896, 'PORRAS', 'MELGAREJO', 'CONCEPCION', 'M', '2SI', 'A', 29),
(2790, 'RODRIGUEZ', 'PRADES', 'MARIO', 'H', '2SI', 'B', 29),
(1893, 'RODRIGUEZ', 'FERNANDEZ', 'MANUEL', 'H', '5AD', 'B', 29),
(1891, 'TORRES', 'PEREA', 'Mª VICTORIA', 'M', '2CX', 'A', 29),
(351, 'GOMEZ', 'GONZALEZ', 'CRISTINA', 'M', '4ES', 'A', 29),
(1523, 'GOMEZ', 'HARO', 'SANDRA', 'M', '3ES', 'C', 29),
(1514, 'BOCANEGRA', 'CRUZ', 'JESUS', 'H', '1SI', 'C', 29),
(1525, 'SOLER', 'IBORTE', 'AGUSTIN', 'H', '3ES', 'E', 29),
(1529, 'RODRIGUEZ', 'PIÑAR', 'MANUEL', 'H', '4ES', 'C', 29),
(1530, 'GOMEZ', 'ALVARO', 'JOSE ANTONIO', 'H', '4ES', 'D', 29),
(1881, 'GOMEZ', 'ALVAREZ', 'NURIA', 'M', '2CS', 'A', 29),
(1879, 'POVEDANO', 'MOLINA', 'MARIA CRISTINA', 'M', '1CS', 'E', 29),
(1522, 'CORTES', 'LOPEZ', 'JOSE JOAQUIN', 'H', '3ES', 'B', 29),
(1461, 'BORREGO', 'PICAPIEDRA', 'ANTONIO', 'H', '3SA', 'A', 29),
(2811, 'TORRES', 'GOMEZ', 'RAQUEL', 'M', '2CI', 'A', 29),
(2808, 'TORE', 'GURSEL', 'SALIMA', 'M', '1HU', 'C', 29),
(1876, 'JOYA', 'RODRIGUEZ', 'ANTONIO', 'H', '1CI', 'B', 29),
(2678, 'CORTES', 'DIAZ', 'JESUS MARIA', 'H', '1SI', 'A', 29),
(62, 'PORCEL', 'CONTRERAS', 'ALICIA', 'M', '1CI', 'A', 29),
(63, 'PORCEL', 'LOPEZ', 'FCO. JAVIER', 'H', '1CI', 'B', 29),
(350, 'GOMEZ', 'CONTRERAS', 'ESMERALDA', 'M', '3ES', 'F', 29),
(1513, 'TORO', 'FERNANDEZ', 'VICTOR', 'H', '1CX', 'C', 29),
(1487, 'GOMEZ', 'GARCIA', 'ALEJANDRO', 'H', '1CS', 'E', 29),
(2779, 'GOMEZ', 'HEREDIA', 'FRANCISCO LUIS', 'H', '1LA', 'A', 29),
(1845, 'GOMEZ', 'PEREZ', 'ROSARIO', 'M', '1SI', 'A', 29),
(1576, 'TORRES', 'RUIZ', 'SERGIO', 'H', '4ES', 'A', 29),
(372, 'TORO', 'MARTIN', 'ROSA VANESSA', 'M', '2CX', 'A', 29),
(1577, 'RODRIGUEZ', 'BAENA', 'MARIA FCA.', 'M', '4ES', 'B', 29),
(449, 'GOMEZ', 'INFANTES', 'AITOR', 'H', '4ES', 'A', 29),
(2778, 'GOMIZ', 'GUERRERO', 'JUAN', 'H', '2SI', 'A', 29),
(448, 'GOMEZ', 'GUTIERREZ', 'DAVID', 'H', '3ES', 'F', 29),
(1931, 'RODRIGUEZ', 'MACHADO', 'JOSE ANTONIO', 'H', '2CS', 'B', 29),
(2789, 'RODRIGUEZ', 'POVEDANO', 'PABLO', 'H', '1SI', 'D', 29),
(1533, 'RODRIGO', 'GUTIERREZ MATURANA', 'MARIA ROSA', 'M', '1CI', 'B', 29),
(2788, 'RODRIGUEZ', 'ADAMUZ', 'JERONIMO', 'H', '1SI', 'C', 29),
(1869, 'NOGUERA', 'MONTORO', 'EVA MARIA', 'M', '3ES', 'F', 29),
(2787, 'ROJAS', 'ESTUDILLO', 'CARLOS', 'H', '1CX', 'C', 29),
(1540, 'ROMERA', 'GONZALEZ', 'JENNIFHER Mª', 'M', '2AG', 'D', 29),
(1853, 'GOMEZ', 'CABALLERO', 'MARGARITA', 'M', '3SA', 'A', 29),
(461, 'ROMERO', 'PODADERA', 'MARIA JOSE', 'M', '2CS', 'B', 29),
(2784, 'PORTERO', 'GARCIA', 'FERNANDO', 'H', '3SA', 'A', 29),
(1877, 'TORO', 'FERNANDEZ', 'GUADALUPE', 'M', '1HU', 'C', 29),
(1539, 'ROMERA', 'GONZALEZ', 'CYNTHIA MARIA', 'M', '2CS', 'B', 29),
(2954, 'RODRIGUEZ', 'SANTOS', 'ALBERTO', 'H', '1CI', 'B', 29),
(872, 'FORTES', 'CARDONA', 'CAROLINA', 'M', '2CI', 'G', 29),
(2563, 'RODRIGUEZ', 'DIAZ', 'ANTONIO', 'H', '1HU', 'C', 29),
(2370, 'JOYAS', 'CLARES', 'ANTº JAVIER', 'H', '2CI', 'A', 29),
(886, 'RODRIGUEZ', 'DOÑA', 'MARGARITA', 'M', '3ES', 'C', 29),
(673, 'GOMEZ', 'CABRERA', 'CARLOS', 'H', '2LA', 'A', 29),
(2951, 'RODRIGUEZ', 'MARQUEZ', 'ANA BELEN', 'M', '4ES', 'D', 29),
(217, 'TORRES', 'RODRIGUEZ', 'JAVIER', 'H', '2AG', 'D', 29),
(132, 'ROBLES', 'LOPEZ', 'GLORIA MARIA', 'M', '2SI', 'A', 29),
(845, 'GOMEZ', 'FRANCO', 'MIGUEL ANGEL', 'H', '4ES', 'E', 29),
(2564, 'ROBLEDILLO', 'GUERRERO', 'BASILIO', 'H', '1CS', 'D', 29),
(2331, 'COLORADO', 'CASADO', 'PEDRO', 'H', '1CX', 'A', 29),
(912, 'RODRIGUEZ', 'MOLINA', 'ANGELA MARIA', 'M', '5AD', 'A', 29),
(913, 'ROMERO', 'ALBA', 'ANTONIO ANGEL', 'H', '5AD', 'B', 29),
(658, 'PORRAS', 'MARTINEZ', 'EVA MARIA', 'M', '2AG', 'D', 29),
(212, 'RODRIGUEZ', 'LAFUENTE', 'MARIA CARMEN', 'M', '1CS', 'D', 29),
(888, 'TORREGROSA', 'DELGADO', 'ANTONIO', 'H', '3ES', 'E', 29),
(2335, 'DOMINGUEZ', 'CASTILLO', 'CLAUDIA', 'M', '1SI', 'A', 29),
(936, 'GOMEZ', 'CRESPO', 'ANA MARIA', 'M', '3ES', 'D', 29),
(938, 'LORCA', 'LOPEZ', 'JAVIER', 'H', '3ES', 'F', 29),
(2584, 'RODRIGUEZ', 'CAMPOS', 'DAVID', 'H', '2LA', 'A', 29),
(2357, 'GOMEZ', 'RODRIGO', 'ALEJANDRO', 'H', '3ES', 'D', 29),
(2356, 'GOMEZ', 'QUINTANILLA', 'FRANCISCO JAVIER', 'H', '3ES', 'C', 29),
(2355, 'GOMEZ', 'HERRERA', 'FRANCISCO JAVIER', 'H', '3ES', 'B', 29),
(2354, 'GOMEZ', 'DE LA TORRE SORIA', 'ALEJANDRO', 'H', '3ES', 'A', 29),
(2353, 'GOMEZ', 'CASTRO', 'VERONICA', 'M', '2ES', 'A', 29),
(2943, 'GOMEZ', 'GALLARDO', 'JUAN', 'H', '3ES', 'B', 29),
(666, 'BOVILLE', 'PEREZ', 'JAVIER', 'H', '2CX', 'A', 29),
(2336, 'DOMINGUEZ', 'GARCIA', 'JOSE MANUEL', 'H', '1SI', 'B', 29),
(151, 'DOMINGUEZ', 'GARCIA', 'MARIA VICTORIA', 'M', '3ES', 'C', 29),
(711, 'LORCA', 'MATAS', 'ANA MARIA', 'M', '1CO', 'A', 29),
(2489, 'RODRIGUEZ', 'UBRIC', 'FRANCISCO JOSE', 'H', '2CI', 'G', 29),
(767, 'GOMEZ', 'RUIZ', 'IGNACIO', 'H', '1SI', 'A', 29),
(768, 'GOMEZ', 'SANCHEZ', 'RAUL', 'H', '1SI', 'B', 29),
(791, 'DOMINGO', 'BAZAN', 'RUBEN', 'H', '3ES', 'F', 29),
(750, 'RODRIGUEZ', 'GONZALEZ', 'CARLOS JESUS', 'H', '1HU', 'C', 29),
(722, 'ROMERO', 'MORILLA', 'GEMA', 'M', '2LA', 'A', 29),
(2522, 'CORREA', 'JIMENEZ', 'MIGUEL ANGEL', 'H', 'SAO', 'A', 29),
(739, 'GOMEZ', 'ARIAS', 'MIGUEL ANGEL', 'H', '3ES', 'C', 29),
(2980, 'DOMINGUEZ', 'GONZALEZ', 'JUAN MIGUEL', 'H', '3SA', 'A', 29),
(2493, 'TORRES', 'MORENO', 'RUBEN', 'H', '1CX', 'C', 29),
(2978, 'GOMEZ', 'PALOMO', 'RAQUEL', 'M', '1CI', 'G', 29),
(2505, 'RODRIGUEZ', 'CASTELLON', 'ELISABETH', 'M', '3ES', 'E', 29),
(2499, 'RODRIGUEZ', 'RIAL', 'OLIVER', 'H', '1ES', 'A', 29),
(150, 'CORREA', 'MATURANA', 'MARIA DOLORES', 'M', '3ES', 'B', 29),
(2465, 'RODRIGUEZ', 'PERALTA', 'LUIS ALFONSO', 'H', '1HU', 'C', 29),
(2979, 'RODRIGUEZ', 'JIMENEZ', 'EDUARDO CARMELO', 'H', '2CI', 'G', 29),
(2425, 'RODRIGUEZ', 'MESA', 'LUIS ANGEL', 'H', 'SAO', 'B', 29),
(2549, 'LOZANO', 'MARTINEZ', 'JOSE MIGUEL', 'H', '2ES', 'A', 29),
(134, 'ROMERO', 'PEREZ', 'BEGOÑA', 'M', '2LA', 'A', 29),
(2431, 'ROMERO', 'MARTIN', 'ANTONIO', 'H', '5AD', 'A', 29),
(2430, 'ROMERO', 'JIMENEZ', 'RAUL', 'H', '2CX', 'A', 29),
(2426, 'RODRIGUEZ', 'TERRONES', 'CHISTIAN', 'H', '1CO', 'A', 29),
(174, 'SOJO', 'SERRANO', 'SERGIO', 'H', '2CO', 'A', 29),
(2424, 'RODRIGUEZ', 'BUSTOS', 'MANUEL', 'H', 'SAO', 'A', 29),
(2423, 'ROBLES', 'LLORENTE', 'JOSE CARLOS', 'H', '2AG', 'E', 29),
(2422, 'ROBLES', 'ESCOBAR', 'JOSE MIGUEL', 'H', '2AG', 'D', 29),
(833, 'RODRIGUEZ', 'GARCIA', 'JUAN JOSE', 'H', '1ES', 'A', 29),
(2959, 'POLO', 'RIVERA', 'CRISTINA', 'M', '2CS', 'A', 29),
(133, 'RODRIGUEZ', 'EXPOSITO', 'SONIA', 'M', '1LA', 'A', 29),
(2427, 'ROLDAN', 'MARIN', 'SHEILA', 'M', '1CO', 'B', 29),
(2969, 'RODRIGUEZ', 'ORTEGA', 'MARIA DOLORES', 'M', '2CX', 'A', 29),
(794, 'GOMEZ', 'ABASCAL', 'GUSTAVO', 'H', '4ES', 'C', 29),
(2540, 'ROBLEDILLO', 'ROMERO', 'ANTONIO JESUS', 'H', '8AD', 'C', 29),
(2541, 'RODRIGUEZ', 'QUIRANTES', 'ELENA ALICIA', 'M', '1CX', 'B', 29),
(176, 'TORRES', 'ROMERO', 'DAVID', 'H', '2CX', 'A', 29),
(175, 'TORO', 'FERNANDEZ', 'RUBEN', 'H', '1CX', 'A', 29),
(2965, 'TORRES', 'GAMERO', 'INMACULADA', 'M', '1CO', 'A', 29),
(812, 'POVEDANO', 'PINO', 'JUAN MANUEL', 'H', '1CX', 'A', 29),
(2448, 'TORRES', 'FERNANDEZ', 'SONIA MARIA', 'M', '1LA', 'B', 29),
(2447, 'TORO', 'FERNANDEZ', 'MARIA ISABEL', 'M', '2SI', 'B', 29),
(824, 'GOMEZ', 'RODRIGUEZ', 'BLANCA MARIA', 'M', '3SA', 'A', 29),
(2884, 'RODRIGUEZ', 'VILAR', 'ADELA', 'M', '1CX', 'B', 29),
(1102, 'GOMEZ', 'MARTINEZ', 'JOSE RAUL', 'H', 'SAO', 'B', 29),
(1103, 'GOMEZ', 'ORTEGA', 'VICTOR JAVIER', 'H', '1CO', 'A', 29),
(1104, 'GOMEZ', 'QUINTANILLA', 'Mª TATIANA', 'M', '1CO', 'B', 29),
(2194, 'RODRIGUEZ', 'MEGIAS', 'ELISABETH', 'M', '1CI', 'G', 29),
(1100, 'GOMEZ', 'HEREDIA', 'NURIA', 'M', '2AG', 'E', 29),
(2181, 'RODRIGUEZ', 'DIAZ', 'ANGEL', 'H', '1CO', 'A', 29),
(2617, 'LOZANO', 'GONZALEZ', 'MARIA DEL MAR', 'M', '2CS', 'B', 29),
(259, 'BORJA', 'EXPOSITO', 'VERONICA', 'M', '1CI', 'B', 29),
(2223, 'ROBLEDILLO', 'ROMERO', 'CRISTINA', 'M', '2CI', 'A', 29),
(2606, 'COGOLLUDO', 'MARTIN', 'Mª SUSANA', 'M', '4ES', 'B', 29),
(1069, 'CORDOBA', 'JOAQUIN', 'EDUARDO JOSE', 'H', '3SA', 'A', 29),
(2218, 'RODRIGUEZ', 'GIMENEZ', 'CARMELO J.', 'H', '1CI', 'A', 29),
(1101, 'GOMEZ', 'MANTAS', 'BARBARA', 'M', 'SAO', 'A', 29),
(2212, 'PORCEL', 'TENORIO', 'CARMELO', 'H', '3ES', 'F', 29),
(2211, 'GOMEZ', 'ALVAREZ', 'SUSANA', 'M', '3ES', 'E', 29),
(2210, 'BOZ', 'LLAMAS', 'LUIS DEL', 'H', '3ES', 'D', 29),
(252, 'RODRIGUEZ', 'GUERRERO', 'RAQUEL', 'M', '3ES', 'F', 29),
(2612, 'COCA', 'ANTON-CASINO', 'JOSE LUIS', 'H', '1HU', 'C', 29),
(2206, 'CORDOBA', 'MUÑOZ', 'RAFAEL', 'H', '2ES', 'A', 29),
(253, 'RODRIGUEZ', 'MUÑOZ', 'LAURA', 'M', '4ES', 'A', 29),
(1098, 'GOMEZ', 'CASTRO', 'CAROLINA', 'M', '2CS', 'B', 29),
(1099, 'GOMEZ', 'CONTRERAS', 'MANUEL JESUS', 'H', '2AG', 'D', 29),
(948, 'NOGUERAS', 'PASTOR', 'MARIA CARMEN', 'M', '1CS', 'E', 29),
(2138, 'RODRIGUEZ', 'PALANCO', 'JOSE', 'H', '5AD', 'B', 29),
(2887, 'RODRIGUEZ', 'CASTILLO', 'ISABEL', 'M', '1SI', 'D', 29),
(2148, 'RODRIGUEZ', 'VEGA', 'ESTHER', 'M', '8AD', 'C', 29),
(2143, 'RODRIGUEZ', 'CAÑIZARES', 'ALICIA', 'M', '2LA', 'A', 29),
(2174, 'SOLIER', 'JIMENEZ', 'ELIZABETH', 'M', '2CI', 'A', 29),
(1145, 'LOZANO', 'LORENTE', 'ANGUSTIAS ANA', 'M', '2CI', 'A', 29),
(2882, 'RODRIGUEZ', 'ADAMUZ', 'ANA TERESA', 'M', '3SA', 'A', 29),
(34, 'TORICES', 'LAMOLDA', 'JOSE MANUEL', 'H', '2SI', 'A', 29),
(38, 'BOCANEGRA', 'CRUZ', 'Mª ISABEL', 'M', '1CI', 'G', 29),
(583, 'ROLDAN', 'MARTIN', 'VIRGINIA', 'M', '1SI', 'C', 29),
(582, 'RODRIGUEZ', 'VIGIL', 'ALEJANDRO', 'M', '1CX', 'C', 29),
(581, 'RODRIGUEZ', 'MILLAN', 'ANA MARIA', 'M', '1CX', 'B', 29),
(579, 'PORRAS', 'MARTINEZ', 'LUZ MARIA', 'M', '3SA', 'A', 29),
(111, 'CORTES', 'CORTES', 'SILVIA', 'M', '1CI', 'A', 29),
(2165, 'ROMERO', 'GONZALEZ', 'Mª MERCEDES', 'M', '4ES', 'B', 29),
(608, 'ROLDAN', 'GARCIA', 'NURIA', 'M', '2CS', 'B', 29),
(1026, 'GOMEZ', 'ABASCAL', 'JAVIER', 'H', '2SI', 'B', 29),
(993, 'RODRIGUEZ', 'RAMOS', 'FRANCISCO', 'H', '1CI', 'A', 29),
(2597, 'COVES', 'MERINO', 'VICENTE', 'H', '1ES', 'A', 29),
(968, 'LOZANO', 'PEREZ', 'ANA MARIA', 'M', '1HU', 'F', 29),
(1029, 'RODRIGUEZ', 'ALMENDROS', 'MARIA JOSE', 'M', '1ES', 'A', 29),
(984, 'TORRE', 'RAMIREZ', 'INMACULADA DE L', 'M', '3ES', 'C', 29),
(2916, 'TORRES', 'GOMEZ', 'CARLOS', 'H', '1CO', 'A', 29),
(1006, 'BOULHDIR', '', 'BOUBAKER', 'H', '1CO', 'B', 29),
(2910, 'SOLER', 'PASTOR', 'DANIEL', 'H', '2CS', 'A', 29),
(1013, 'TORRE', 'PEREZ', 'JOSE A. DE LA', 'H', '1SI', 'B', 29),
(2261, 'RODRIGUEZ', 'FERNANDEZ', 'SANDRA', 'M', '3ES', 'F', 29),
(990, 'RODRIGUEZ', 'TORRES', 'MONTSERRAT', 'M', '4ES', 'C', 29),
(991, 'DOMINGUEZ', 'PEREZ', 'JOSE MIGUEL', 'H', '4ES', 'D', 29),
(2285, 'ROBLEDO', 'OLMO', 'SONIA', 'M', '5AD', 'B', 29),
(982, 'ROLDAN', 'GALLEGOS', 'INMACULADA', 'M', '3ES', 'A', 29),
(2590, 'RODRIGUEZ', 'CHAMORRO', 'ANA ISABEL', 'M', '1CX', 'B', 29),
(2902, 'TORRES', 'MUÑOZ', 'JOSE MANUEL', 'H', '4ES', 'D', 29),
(30, 'ROMERA', 'MONTORO', 'DOLORES MAGDA.', 'M', '5AD', 'A', 29),
(2242, 'RODRIGUEZ', 'PASCUAL', 'LAURA ISABEL', 'M', '1HU', 'F', 29),
(119, 'LOZANO', 'LOPEZ', 'JUANA MARIA', 'M', '2AG', 'D', 29),
(2602, 'GOMEZ', 'PALOMO', 'VIRGINIA', 'M', '3ES', 'D', 29),
(2603, 'LOZANO', 'NOVI', 'JULIA', 'M', '3ES', 'E', 29),
(635, 'ROBLES', 'CASTILLO', 'MARIA TERESA', 'M', '1LA', 'B', 29),
(954, 'TORTOSA', 'VICO', 'CARMEN', 'M', 'SAO', 'A', 29),
(29, 'RODRIGUEZ', 'MARTIN', 'ANA BELEN', 'M', '2CX', 'A', 29),
(2230, 'GOMEZ', 'MARTIN', 'Mª ANGELES', 'M', '1CO', 'A', 29),
(633, 'PORCEL', 'REIJA', 'RAQUEL', 'M', '1SI', 'D', 29),
(636, 'SORIA', 'ANDUJAR', 'ESTIBALIZ', 'M', '2LA', 'B', 29),
(2297, 'NOGUERAS', 'DE LA FUENTE', 'LETICIA EUGENIA', 'M', '1CX', 'C', 29),
(953, 'TORIBIO', 'SOLA', 'EVA MARIA', 'M', '2AG', 'E', 29),
(2797, 'ANDREU', 'AMIGO', 'DIANA', 'M', '3ES', 'C', 28),
(2366, 'INFANTE', 'CASTRO', 'FRANCISCO JAVIER', 'H', '1CI', 'B', 28),
(1723, 'UNICA', 'TORREGROSA', 'CRISTINA', 'M', '4ES', 'A', 28),
(1810, 'ANTEQUERA', 'ZUÑIGA', 'BEATRIZ', 'M', '2SI', 'B', 28),
(436, 'ANSOLA', 'BLANCO', 'JUAN MIGUEL', 'H', '1SI', 'C', 28),
(1806, 'ANTEQUERA', 'COBO', 'MAGDALENA', 'M', '1CX', 'B', 28),
(2300, 'UNICA', 'TORREGROSA', 'LUIS MIGUEL', 'H', '2SI', 'B', 28),
(2065, 'ANGUITA', 'AMBEL', 'YLENYA MARIA', 'M', '3ES', 'F', 28),
(697, 'ANGUITA', 'AMBEL', 'JOSE IGNACIO', 'H', '4ES', 'D', 28),
(1632, 'AMEZCUA', 'RODRIGUEZ', 'SERGIO MIGUEL', 'H', '1HU', 'C', 27),
(2000, 'AMINI', 'RODRIGUEZ', 'PATRICIA', 'M', '3SA', 'A', 27),
(871, 'FLORES', 'ESPADAFOR', 'MARIA VICTORIA', 'M', '1CI', 'G', 26),
(1024, 'EL-OUAFRASSI', '', 'MOUNIR', 'H', '1SI', 'C', 26),
(842, 'FLORES', 'MAZA', 'RAQUEL', 'M', '4ES', 'B', 26),
(1067, 'CLAVIJO', 'LARA', 'ARACELI MARIA', 'M', '1CI', 'G', 26),
(672, 'FLORES', 'PARRA', 'GUADALUPE', 'M', '1LA', 'A', 26),
(2520, 'EL KCHAOUCH', '', 'NOUR EDDINE', 'H', '2AG', 'D', 26),
(1366, 'OLMEDO', 'YAÑEZ', 'FCO. JAVIER', 'H', '1CX', 'C', 26),
(1973, 'OLMEDO', 'OLMEDO', 'MARIA DEL MAR', 'M', '1CI', 'A', 26),
(338, 'BLANCO', 'MELLADO', 'ANTONIA MARIA', 'M', '1SI', 'C', 26),
(144, 'BLANCO', 'CORTES', 'ANA MERCEDES', 'M', '2SI', 'B', 26),
(298, 'BLANCO', 'SOBRINO', 'JOSE MIGUEL', 'H', '3ES', 'C', 26),
(2064, 'OLMEDO', 'YAÑEZ', 'MARIA JOSE', 'M', '3ES', 'E', 26),
(2251, 'OLMEDO', 'REYES', 'IGNACIO', 'H', '2SI', 'B', 26),
(2725, 'ILLERAS', 'RODRIGUEZ', 'ANTONIO', 'H', '5AD', 'A', 26),
(1411, 'VILCHEZ', 'PUERTAS', 'CARMEN PATRICIA', 'M', '2CI', 'G', 23),
(2269, 'VILLEGAS', 'RAMIREZ', 'MARIA DEL MAR', 'M', '1HU', 'C', 23),
(1960, 'DIAZ', 'DE LA TORRE', 'JOSE  ANTONIO', 'H', '1ES', 'A', 23),
(334, 'VICO', 'PEREZ', 'MARIA NIEVES', 'M', '3SA', 'A', 23),
(1010, 'GIL', 'DEL AGUILA', 'GONZALO ANTONIO', 'H', '5AD', 'A', 23),
(628, 'NIETO', 'ALCAIDE', 'ROSARIO', 'M', '3SA', 'A', 23),
(1393, 'VINUESA', 'CASTAÑO', 'FRANCISCO', 'H', '2AG', 'D', 23),
(2914, 'RIEGO', 'PASCUAL', 'DANIEL', 'H', 'SAO', 'A', 23),
(2915, 'TITOS', 'VAZQUEZ', 'JUAN ANTONIO', 'H', 'SAO', 'B', 23),
(1354, 'CIRRE', 'GOMEZ', 'PABLO', 'M', '5AD', 'B', 23),
(1358, 'RIO', 'VILLALBA', 'OLIVIA DEL', 'M', '1LA', 'A', 23),
(1370, 'LIÑAN', 'RUIZ', 'JESUS', 'H', '1LA', 'B', 23),
(1378, 'DIAZ', 'COLLADOS', 'ALEJANDRA', 'M', '3ES', 'E', 23),
(1381, 'GIL', 'LIÑAN', 'Mª CARMEN', 'M', '4ES', 'B', 23),
(1497, 'GIL', 'FERNANDEZ', 'YOLANDA', 'M', '2CO', 'A', 23),
(337, 'BISE', 'EYENE', 'Mª PILAR', 'M', '1CX', 'C', 23),
(2934, 'NIETO', 'ALVAREZ', 'ALBERTO', 'H', '1CX', 'C', 23),
(61, 'PICO', 'SANCHEZ', 'JOSE LUIS DEL', 'H', '4ES', 'E', 23),
(2805, 'RIVAS', 'TEJERA', 'ROSA MARIA', 'H', '4ES', 'E', 23),
(1485, 'RIVAS', 'MARTIN', 'NATALIA', 'M', '1HU', 'C', 23),
(908, 'NIETO', 'TORO', 'JOSE ANTONIO', 'H', '1CO', 'B', 23),
(1505, 'SIERRA', 'ANTEQUERA', 'BEATRIZ', 'M', '1LA', 'A', 23),
(1903, 'PINO', 'RODRIGUEZ', 'MARIA DEL MAR', 'M', '8AD', 'C', 23),
(2343, 'FIGUEREDO', 'SALINAS', 'MANUEL', 'H', '3SA', 'A', 23),
(900, 'LIÑAN', 'FERNANDEZ', 'JOSE LUIS', 'H', '2CI', 'A', 23),
(1902, 'GIL', 'FERNANDEZ', 'JAVIER CARLOS', 'H', '3SA', 'A', 23),
(100, 'TIRADO', 'MORALES', 'EMILIO', 'H', '3ES', 'A', 23),
(1916, 'RICA', 'RODRIGUEZ', 'SERGIO', 'H', '3ES', 'D', 23),
(1419, 'MINGORANCE', 'AGUILERA', 'RAUL', 'H', '1LA', 'B', 23),
(1956, 'RIAZZO', 'ANDREU', 'LAURA', 'M', '1SI', 'D', 23),
(2670, 'RIEGO', 'PASCUAL', 'JAVIER', 'H', 'SAO', 'B', 23),
(223, 'DIAZ', 'CANOVACA', 'ANA JARA', 'M', '2CO', 'A', 23),
(1418, 'MINGORANCE', 'AGUILERA', 'YOLANDA', 'M', '2SI', 'B', 23),
(951, 'PINTO', 'FONTALBA', 'LOURDES', 'M', '2CS', 'B', 23),
(1938, 'VILLA', 'GONZALEZ', 'INMACULADA', 'M', '2CO', 'A', 23),
(57, 'MILLAN', 'CASAS', 'MARIA VANESA', 'M', '4ES', 'A', 23),
(1935, 'VILCHEZ', 'LOPEZ', 'FRANCISCO', 'H', 'SAO', 'B', 23),
(943, 'MIGUEL', 'GONZALEZ', 'ISRAEL DE', 'H', '4ES', 'E', 23),
(1469, 'DIAZ', 'RAMOS', 'MARIA CARMEN', 'M', '2LA', 'B', 23),
(548, 'VILCHEZ', 'ALONSO', 'MARIA SANDRA', 'M', '4ES', 'B', 23),
(2841, 'SILLES', 'GILA', 'JOSE ANTONIO', 'H', '2LA', 'B', 23),
(2074, 'DIAZ', 'ROLDAN', 'ARANZAZU', 'M', '1CS', 'D', 23),
(2171, 'LINDE', 'FERNANDEZ', 'REGINA', 'M', '1HU', 'C', 23),
(2176, 'PINTO', 'FONTALBA', 'ESPERANZA', 'M', '2CS', 'B', 23),
(2177, 'SILES', 'PEREZ', 'MIRYAM', 'M', '2AG', 'D', 23),
(1122, 'HITA', 'SAEZ', 'JOSE MIGUEL', 'H', '1SI', 'C', 23),
(1264, 'SICILIA', 'MARTOS', 'ABRAHAM', 'H', '2CI', 'G', 23),
(2058, 'NIETO', 'PEREZ', 'YUDIT', 'M', '1ES', 'A', 23),
(2129, 'RIVAS', 'PUERTAS', 'Mª AMPARO', 'M', '2AG', 'E', 23),
(2633, 'RIOS', 'MASCARENHAS', 'MANUEL', 'H', '2LA', 'A', 23),
(2634, 'VILLEGAS', 'PERALS', 'GABRIEL ALEJANDRO', 'H', '1HU', 'F', 23),
(2875, 'PINO', 'VAZQUEZ', 'JOSE MIGUEL', 'H', '1SI', 'B', 23),
(2092, 'TITOS', 'PEREZ', 'DANIEL', 'H', '2SI', 'A', 23),
(1139, 'LIÑAN', 'ORTEGA', 'ALEXIS', 'H', '4ES', 'E', 23),
(291, 'RIOS', 'FERNANDEZ', 'ALEJANDRO', 'H', '2SI', 'B', 23),
(113, 'GIL', 'JIMENEZ', 'VERONICA', 'M', '1HU', 'C', 23),
(265, 'DIAZ', 'REYES', 'ANTONIA', 'M', '2CS', 'B', 23),
(2869, 'HITOS', 'DONAIRE', 'ANTONIO JESUS', 'H', '2CO', 'A', 23),
(2088, 'DIAZ', 'RUBIO', 'INMACULADA', 'M', '5AD', 'A', 23),
(558, 'DIAZ', 'CARRILLO', 'MARIA VICTORIA', 'M', '2CS', 'A', 23),
(2642, 'TITOS', 'AGUILAR', 'ANTONIO LUIS', 'H', '1SI', 'D', 23),
(2184, 'DIAZ', 'RODRIGUEZ', 'RUBEN MANUEL', 'H', '1CX', 'A', 23),
(566, 'LINDE', 'JIMENEZ', 'INMACULADA', 'M', '2CO', 'A', 23),
(896, 'DIAZ', 'SEGOVIA', 'ROSARIO', 'M', '1CI', 'B', 23),
(1313, 'CIVICO', 'CASTRO', 'CARMEN', 'M', '2CI', 'G', 23),
(1071, 'DIEGUEZ', 'ORTEGA', 'SANTIAGO', 'H', '1CX', 'B', 23),
(1070, 'DIAZ', 'TORRES', 'BEATRIZ', 'H', '8AD', 'C', 23),
(1305, 'MILLAN', 'JUAREZ', 'PABLO JAVIER', 'H', '5AD', 'B', 23),
(1331, 'PINO', 'CASTILLA', 'NUBIA', 'M', '4ES', 'A', 23),
(118, 'LIÑAN', 'FERNANDEZ', 'MIGUEL A.', 'H', '2CS', 'B', 23),
(1334, 'GIL', 'DEL AGUILA', 'JOSE DAVID', 'H', '4ES', 'D', 23),
(2235, 'PIQUERAS', 'LOPEZ', 'RAMON', 'H', '5AD', 'A', 23),
(31, 'SIERRA', 'RUIZ', 'FELIX', 'H', '5AD', 'B', 23),
(1344, 'RIOS', 'RODRIGUEZ', 'JUAN MANUEL', 'H', '2AG', 'D', 23),
(496, 'RIVAS', 'LORENTE', 'VICTOR MANUEL', 'H', '3ES', 'E', 23),
(2616, 'GIL', 'PEREZ', 'PEDRO', 'H', '2CS', 'A', 23),
(2192, 'LIÑAN', 'LEYVA', 'Mª CARMEN', 'M', '2LA', 'A', 23),
(2193, 'DIAZ', 'ROLDAN', 'PURIFICACION', 'M', '1HU', 'F', 23),
(1283, 'VILCHEZ', 'ALONSO', 'SARA', 'M', '4ES', 'B', 23),
(1284, 'VILLANUEVA', 'JIMENEZ', 'ALEJANDRO', 'H', '4ES', 'C', 23),
(2183, 'DIAZ', 'RODRIGUEZ', 'WENCESLAO', 'H', '2CO', 'A', 23),
(1097, 'GIRELA', 'RUBIO', 'ROBERTO', 'H', '2CS', 'A', 23),
(1095, 'GIL', 'JALDO', 'JOSE IGNACIO', 'H', '1CS', 'E', 23),
(596, 'DIAZ', 'NAVARRETE', 'ANA MARIA', 'M', '4ES', 'A', 23),
(600, 'HINOJO', 'LUCENA', 'RAUL', 'H', '4ES', 'E', 23),
(387, 'LIÑAN', 'ORTEGA', 'FRANCISCA', 'M', '1SI', 'C', 23),
(699, 'CIVANTOS', 'ALCAZAR', 'SILVIA', 'M', '1CI', 'A', 23),
(2543, 'HITOS', 'DIAZ', 'DAVINIA', 'M', '1SI', 'C', 23),
(1802, 'NIETO', 'TORO', 'EUGENIO MANUEL', 'H', '1CI', 'G', 23),
(1800, 'DIAZ', 'TERRONES', 'FERNANDO', 'H', '2LA', 'A', 23),
(1613, 'VILLANUEVA', 'MARTIN', 'MARGARITA', 'M', '1SI', 'D', 23),
(814, 'RIOS', 'MORON', 'SONIA', 'M', '5AD', 'A', 23),
(1798, 'RIOS', 'ARENAS', 'MERCEDES', 'M', '2SI', 'A', 23),
(1597, 'GIL', 'JALDO', 'MARIA ROSA', 'H', '2CX', 'A', 23),
(386, 'HINOJO', 'LUCENA', 'SERGIO', 'H', '1CX', 'C', 23),
(1783, 'VILLA', 'VAZQUEZ', 'JULIA', 'M', '2CS', 'A', 23),
(1556, 'RIVAS', 'DIAZ', 'ALMUDENA', 'M', '1HU', 'F', 23),
(2455, 'VILLANUEVA', 'MARTIN', 'ALVARO', 'H', '3ES', 'D', 23),
(1846, 'VILLAVERDE', 'SOTO', 'VERONICA', 'M', '1SI', 'B', 23),
(895, 'DIAZ', 'SANCHEZ', 'TRINIDAD JER.', 'M', '1CI', 'A', 23),
(2961, 'RIVERA', 'ZAMORA', 'NEFTALI', 'H', '2AG', 'D', 23),
(4, 'DIAZ', 'GOMEZ', 'VANESSA', 'M', '3ES', 'C', 23),
(692, 'PINO', 'MOLINA', 'MARTA DEL', 'M', '3ES', 'E', 23),
(173, 'SIERRA', 'NEBOT', 'BEATRIZ', 'M', '1CO', 'B', 23),
(1818, 'DIAZ', 'MONTILLA', 'ELISABET', 'M', '3ES', 'D', 23),
(443, 'DIAZ', 'GIJON', 'JOSE ANTONIO', 'H', '3ES', 'A', 23),
(1815, 'VILLA', 'MARTIN', 'MANUEL', 'H', '3ES', 'A', 23),
(1701, 'VILCHEZ', 'MORAGA', 'MANUEL', 'H', '1LA', 'A', 23),
(1633, 'GIRELA', 'TRUJILLO', 'ANA BELEN', 'M', '1CS', 'D', 23),
(2506, 'PINEL', 'FERNANDEZ', 'ESTEFANIA', 'M', '3ES', 'F', 23),
(1734, 'VILLA', 'GONZALEZ', 'RAFAEL', 'H', '2CS', 'A', 23),
(746, 'MINGORANCE', 'MOLERO', 'LIDIA', 'M', '4ES', 'D', 23),
(1726, 'VILLOSLADA', 'RUIZ', 'ELISABET', 'M', '4ES', 'D', 23),
(412, 'DIAZ', 'GUTIERREZ', 'MARIA ESTEFANIA', 'M', '2CS', 'B', 23),
(717, 'NIETO', 'VALLECILLO', 'CARMEN', 'M', '5AD', 'B', 23),
(1699, 'RIVAS', 'SANCHEZ', 'MARIA LUISA', 'M', '1SI', 'B', 23),
(733, 'DIEGUEZ', 'ANEAS', 'RAUL', 'H', '1LA', 'B', 23),
(2986, 'DIAZ', 'RODRIGUEZ', 'MIGUEL ANGEL', 'H', '2SI', 'B', 23),
(786, 'SIERRA', 'NEBOT', 'CARLOS', 'H', '3ES', 'A', 23),
(433, 'VILLANUEVA', 'GARRIDO', 'MARIA LUISA', 'M', '8AD', 'C', 23),
(772, 'HISPAN', 'RUANO', 'JOSE ANTONIO', 'H', '1HU', 'F', 23),
(1602, 'VILCHEZ', 'LOZANO', 'JESUS ALBERTO', 'H', '2SI', 'A', 23),
(1755, 'VILLEGAS', 'PADILLA', 'ROBERTO', 'H', '3SA', 'A', 23),
(75, 'DIAZ', 'SANCHEZ', 'MARIA CARMEN', 'M', '1CO', 'B', 23),
(1753, 'RIOS', 'ARENAS', 'EMILIO', 'H', '1CI', 'G', 23),
(1747, 'LIUZZI', '', 'Mª NUBE AZUL', 'M', '1SI', 'A', 23),
(2364, 'HITOS', 'DIAZ', 'TANIA', 'M', '4ES', 'E', 23),
(2953, 'DIAZ', 'CARRASCO', 'MARIA LOURDES', 'M', '1CI', 'A', 23),
(471, 'DIAZ', 'GERVILLA', 'INMACULADA', 'M', '5AD', 'A', 23),
(193, 'HIJANO', 'FERNANDEZ', 'JESUS', 'H', '2SI', 'B', 23),
(470, 'DIAZ', 'CARRILLO', 'ANTONIO JOSE', 'H', '2CX', 'A', 23),
(366, 'PIÑERO', 'GONZALEZ', 'Mª FATIMA', 'M', 'SAO', 'A', 23),
(472, 'DIAZ', 'RAMOS', 'RAUL', 'H', '5AD', 'B', 23),
(894, 'DIAZ', 'QUESADA', 'PATRICIA', 'M', '4ES', 'E', 23),
(595, 'CHINCHILLA', 'JIMENEZ', 'EVA', 'M', '3ES', 'F', 22),
(2055, 'CHAVES', 'FAJARDO', 'MONICA', 'M', '2SI', 'B', 22),
(1666, 'CHICANO', 'PERANDRES', 'BELEN', 'M', '1ES', 'A', 22),
(1990, 'CHIROSA', 'BENITEZ', 'DAVID', 'H', '5AD', 'A', 22),
(1585, 'CHICA', 'VILLALBA', 'EVA MARIA', 'M', '1CS', 'E', 22),
(1520, 'CHUMILLAS', 'CARAVACA', 'MIRIAN', 'M', '2ES', 'A', 22),
(2897, 'AGUDO', 'GARCIA', 'RAFAEL ANTONIO', 'H', '3ES', 'E', 21),
(1711, 'AGUILERA', 'GUERRERO', 'FRANCISCO JAV.', 'H', '1SI', 'D', 21),
(1504, 'IGLESIAS', 'CABRERA', 'SERGIO', 'H', '2SI', 'A', 21),
(861, 'AGUILERA', 'ORTIZ', 'SERGIO', 'H', '1CX', 'A', 21),
(341, 'EGEA', 'CARRETERO', 'HECTOR', 'H', '1LA', 'B', 21),
(2243, 'IGLESIAS', 'DONAIRE', 'JOSE LUIS', 'H', '1CI', 'G', 21);
INSERT INTO `alumnos` (`nExpediente`, `apellido1`, `apellido2`, `nombre`, `sexo`, `idCurso`, `letraGrupo`, `edad`) VALUES
(754, 'AGUILERA', 'TIRADO', 'INMACULADA', 'M', '2CS', 'A', 21),
(2536, 'IGLESIAS', 'DONAIRE', 'DIANA PATRICIA', 'M', '1HU', 'F', 21),
(2812, 'AGUDO', 'GARCIA', 'JOSE MIGUEL', 'H', '2CS', 'A', 21),
(219, 'AGUETE', 'LOPEZ', 'SARAY', 'M', 'SAO', 'A', 21),
(2101, 'AGUADO', 'TOLEDO', 'ANA MARIA', 'M', '1CX', 'C', 21),
(740, 'IGLESIAS', 'SALINAS', 'VICTORIA', 'M', '3ES', 'D', 21),
(258, 'AGUADO', 'JIMENEZ', 'M. MERCEDES', 'M', '1CI', 'A', 21),
(1779, 'AGUAYO', 'MORAL', 'MERCEDES', 'M', '1HU', 'C', 21),
(2280, 'AGUILERA', 'MAZUELA', 'MARIA JESUS', 'M', '1CO', 'B', 21),
(1118, 'HERNANDEZ', 'CABALLERO', 'ENRIQUE', 'H', '3SA', 'A', 19),
(1080, 'FERNANDEZ', 'YEDRA', 'ANTONIO JOSE', 'H', '3ES', 'A', 19),
(211, 'REYES', 'PORCEL', 'JOSE RAMON', 'H', '1HU', 'C', 19),
(928, 'FERNANDEZ', 'ARIZA', 'CANDIDO', 'H', '2SI', 'B', 19),
(1119, 'HERNANDEZ', 'GONZALEZ', 'NATALIA', 'M', '8AD', 'C', 19),
(2528, 'FERNANDEZ', 'ESTREMERA', 'LUCIA', 'M', '2CX', 'A', 19),
(1117, 'HEREDIA', 'PEREZ', 'DAVINIA ISABEL', 'M', '2CI', 'G', 19),
(1121, 'HERNANDEZ', 'VILCHEZ', 'TAIDA', 'M', '1CX', 'C', 19),
(153, 'FERNANDEZ', 'HIDALGO', 'MONICA', 'M', '3ES', 'E', 19),
(2469, 'FERNANDEZ', 'LOPEZ', 'ROSA MARIA', 'M', '2CS', 'A', 19),
(671, 'FERNANDEZ', 'GARRIDO', 'ARMANDO', 'H', '2SI', 'A', 19),
(1120, 'HERNANDEZ', 'GONZALEZ', 'ROSA MARIA', 'M', '1CX', 'B', 19),
(2466, 'SEGUNDO', 'MARCHAL', 'RAMON', 'H', '1CS', 'D', 19),
(152, 'FERNANDEZ', 'GARCIA', 'ELENA', 'M', '3ES', 'D', 19),
(2477, 'MEDINA', 'FERNANDEZ', 'MANUEL', 'H', '2CO', 'A', 19),
(2614, 'SEVILLA', 'REINA', 'SERGIO', 'H', '1CS', 'E', 19),
(115, 'HERRERA', 'RIOS', 'FRANCISCO JOSE', 'H', '1CS', 'E', 19),
(138, 'SEGURA', 'SERRANO', 'WENCESLAO', 'H', '3SA', 'A', 19),
(154, 'FERRER', 'SOTO', 'MARIA BEGOÑA', 'M', '3ES', 'F', 19),
(2613, 'DEL CID', 'MESA', 'JUAN JOSE', 'H', '1CS', 'D', 19),
(922, 'VELASCO', 'RODRIGUEZ', 'MARIA BELEN', 'M', '3SA', 'A', 19),
(2892, 'DE LA TORRE', 'MARTINEZ', 'IVAN ORESTES', 'H', '2ES', 'A', 19),
(2363, 'HERRERA', 'ORTEGA', 'ESTEFANIA', 'M', '4ES', 'D', 19),
(771, 'HEREDIA', 'CORREDERA', 'ANA ISABEL', 'M', '2LA', 'A', 19),
(1116, 'HEREDIA', 'MALDONADO', 'RAUL', 'H', '1CI', 'G', 19),
(784, 'REYES', 'CABELLO', 'ANTONIO MANUEL', 'H', '1ES', 'A', 19),
(2474, 'MEDINA', 'QUIÑOY', 'JOSE DAVID', 'H', 'SAO', 'B', 19),
(2341, 'FERNANDEZ', 'GOMEZ', 'SERGIO', 'H', '1CI', 'G', 19),
(2150, 'BELKHIR', '', 'NAWEL', 'M', '1CX', 'C', 19),
(2149, 'FERNANDEZ', 'IGLESIAS', 'Mª ANGELES', 'M', '1CX', 'B', 19),
(2147, 'MELGUIZO', 'ESTURILLO', 'JOSE MANUEL', 'H', '3SA', 'A', 19),
(2362, 'HERNANDEZ', 'RICA', 'PILAR LUCIA', 'M', '4ES', 'C', 19),
(2513, 'DELGADO', 'CASTELLANO', 'ALEJANDRO', 'H', '1CI', 'B', 19),
(2342, 'FERNANDEZ', 'PIMENTEL', 'ROCIO', 'M', '2CI', 'G', 19),
(1172, 'MEDINA', 'ALCARAZ', 'ALEJANDRO LUIS', 'H', '1SI', 'D', 19),
(1173, 'MEGIAS', 'ROCINO', 'PAOLA MARIA', 'M', '2SI', 'B', 19),
(670, 'FERNANDEZ', 'CORREA', 'SALVADOR', 'H', '1SI', 'B', 19),
(2503, 'REBOLLO', 'PIQUERO', 'CELIA', 'M', '3ES', 'C', 19),
(1176, 'MERINO', 'CHAVES', 'JORGE', 'H', '1ES', 'A', 19),
(2340, 'FERNANDEZ', 'GOMEZ', 'CONCEPCION', 'M', '1HU', 'F', 19),
(1177, 'MESA', 'MARTIN', 'BEATRIZ', 'H', '2ES', 'A', 19),
(1178, 'MESA', 'RODRIGUEZ', 'ISRAEL', 'H', '3ES', 'A', 19),
(267, 'FERNANDEZ', 'MARTINEZ', 'VANESSA', 'M', '2AG', 'E', 19),
(268, 'FERNANDEZ', 'QUESADA', 'ANTONIO', 'H', 'SAO', 'A', 19),
(2137, 'MEGIAS', 'MEGIAS', 'Mª CARMEN', 'M', '5AD', 'A', 19),
(2569, 'FERNANDEZ', 'ROLDAN', 'SANDRA', 'M', '2AG', 'D', 19),
(2133, 'HERRERA', 'GERMAN', 'PEDRO', 'H', '1CO', 'B', 19),
(2985, 'FERNANDEZ', 'MARTIN', 'ADELA', 'M', '1SI', 'D', 19),
(1175, 'MEMBRIVE', 'GONGORA', 'DEBORA', 'M', '2LA', 'B', 19),
(917, 'SEGURA', 'VINUESA', 'CRISTINA', 'M', '1LA', 'A', 19),
(761, 'FERNANDEZ', 'PEREZ', 'ANA ISABEL', 'M', '1CO', 'B', 19),
(760, 'DELGADO', 'CASTRO', 'SERGIO', 'H', '1CO', 'A', 19),
(2976, 'FERNANDEZ', 'CARMONA', 'ELVIRA', 'M', '2LA', 'A', 19),
(2330, 'CERVANTES', 'REVELLES', 'FRANCISCO JAVIER', 'H', '2CO', 'A', 19),
(2333, 'DE LA TORRE', 'GARCIA', 'VICTOR MANUEL', 'H', '5AD', 'A', 19),
(2625, 'FERNANDEZ', 'JIMENEZ', 'Mª CARMEN', 'M', '1CX', 'A', 19),
(2169, 'RECUERDA', 'CAMBIL', 'ANTONIO ENRIQUE', 'H', '1CI', 'A', 19),
(2334, 'DE LA TORRE', 'RODRIGUEZ', 'ANDREA ISABEL', 'M', '5AD', 'B', 19),
(2162, 'FERNANDEZ', 'MONTENEGRO', 'VICTORIA E.', 'M', '3ES', 'E', 19),
(2160, 'SERRANO', 'AYUD', 'ALEJANDRA', 'M', '3ES', 'C', 19),
(906, 'MEGIAS', 'ROSON', 'IRENE', 'M', 'SAO', 'B', 19),
(2158, 'FERNANDEZ', 'ALCAZAR', 'MERCEDES', 'M', '3ES', 'A', 19),
(660, 'SERRANO', 'AYUD', 'LIDIA', 'M', 'SAO', 'A', 19),
(2172, 'VELAZQUEZ', 'HEREDIA', 'VICTOR MANUEL', 'H', '1CS', 'D', 19),
(2270, 'FERNANDEZ', 'MALDONADO', 'FAUSTINO', 'H', '1CS', 'D', 19),
(2539, 'FERNANDEZ', 'VARGAS', 'JORGE', 'H', '3SA', 'A', 19),
(2594, 'FERNANDEZ', 'MOLINA', 'ALMA', 'M', '2SI', 'B', 19),
(2917, 'HERREROS', 'GONZALO', 'JORGE', 'H', '1CO', 'B', 19),
(2419, 'REYES', 'PEÑA', 'ISMAEL', 'H', '2CI', 'A', 19),
(2420, 'REYES', 'PEÑA', 'RUBEN', 'H', '2CS', 'A', 19),
(2559, 'FERNANDEZ', 'MOYA', 'SOFIA', 'M', '4ES', 'D', 19),
(1012, 'REYES', 'DEL OJO', 'JUAN CARLOS', 'H', '1SI', 'A', 19),
(2268, 'RECHE', 'ARJONA', 'MARIA PILAR', 'M', '1CI', 'B', 19),
(2595, 'HERNANDEZ', 'FERNANDEZ', 'SILVIA', 'M', '1LA', 'B', 19),
(233, 'HERVIAS', 'AVILES', 'RAFAEL', 'H', '1HU', 'F', 19),
(178, 'VEGA', 'LEON', 'JUAN PABLO', 'H', '5AD', 'B', 19),
(961, 'CERVERA', 'BERMUDEZ', 'CIPRIANO', 'H', '5AD', 'A', 19),
(2299, 'SERRANO', 'AYUD', 'JESSICA', 'M', '1SI', 'D', 19),
(964, 'FERNANDEZ', 'SANTOS', 'ISABEL MARIA', 'M', '1SI', 'B', 19),
(967, 'HERNANDEZ', 'ESPINOLA', 'ESTHER', 'M', '2LA', 'A', 19),
(853, 'MERINO', 'SOLERA', 'DIEGO LUIS', 'H', '2CS', 'B', 19),
(642, 'BELTRAN', 'GUTIERREZ', 'SERGIO', 'H', '3ES', 'D', 19),
(2925, 'HERNANDEZ', 'MARCOS', 'MIGUEL', 'H', '2SI', 'A', 19),
(183, 'FERNANDEZ', 'RUIZ', 'MOISES', 'H', '2LA', 'A', 19),
(2389, 'MEDINA', 'O`DONNELL', 'EDUARDO', 'H', '1HU', 'F', 19),
(975, 'MELERO', 'MELERO', 'ARMANDO', 'H', '1SI', 'C', 19),
(621, 'HERRERA', 'RUIZ', 'SONIA', 'M', '1SI', 'B', 19),
(224, 'FERNANDEZ', 'GONZALEZ', 'IVAN', 'H', '1CX', 'A', 19),
(846, 'HEREDIA', 'TRAVE', 'SONIA', 'M', '1CI', 'A', 19),
(2390, 'MESA', 'RODRIGUEZ', 'LEA', 'M', '1CI', 'G', 19),
(225, 'FERNANDEZ', 'MARTINEZ', 'SONIA', 'M', '2CX', 'A', 19),
(981, 'REY', 'MERINO', 'MARTA', 'M', '2ES', 'A', 19),
(2283, 'SERRANO', 'ALVAREZ', 'VICTORIA', 'M', '2CX', 'A', 19),
(226, 'FERNANDEZ', 'PUENTES', 'RAUL', 'H', '5AD', 'A', 19),
(2591, 'FERNANDEZ', 'VELAZQUEZ', 'CARMEN VANESSA', 'M', '1CX', 'C', 19),
(2458, 'SERVI', 'LOPEZ', 'ISMAEL', 'H', '4ES', 'A', 19),
(616, 'FERNANDEZ', 'VALERO', 'SERGIO', 'H', '1CX', 'A', 19),
(700, 'DELGADO', 'PALMA', 'FRANCISCO JOSE', 'H', '1CI', 'B', 19),
(2454, 'VEGA', 'SALINAS', 'CARMEN', 'M', '3ES', 'C', 19),
(613, 'YESTE', 'AVILES', 'MARIA ISABEL', 'M', '1CO', 'A', 19),
(2966, 'SERRANO', 'RUIZ', 'PABLO', 'H', '1CO', 'B', 19),
(703, 'FERNANDEZ', 'MARTINEZ', 'MARIA OLGA', 'M', '1CS', 'E', 19),
(2949, 'HERRERA', 'RUBIO', 'ALEJANDRO', 'H', '4ES', 'B', 19),
(622, 'LEYVA', 'MONTILLA', 'FRANCISCA', 'M', '2SI', 'A', 19),
(2225, 'SEGURA', 'MOREU', 'MATIAS', 'H', '2CS', 'B', 19),
(805, 'MEDINA', 'SANCHEZ', 'MARIA CARMEN', 'M', '2AG', 'D', 19),
(124, 'MERLOS', 'FERNANDEZ', 'ESTHER', 'M', '1CO', 'B', 19),
(645, 'FERNANDEZ', 'DEL RIO', 'SANDRA', 'M', '4ES', 'A', 19),
(796, 'HERRERA', 'MONERA', 'ELODIA', 'M', '4ES', 'E', 19),
(881, 'MESA', 'CASTRO', 'ROSALINDA', 'M', '2LA', 'B', 19),
(2610, 'FERNANDEZ', 'TORREBLANCA', 'ENRIQUE', 'H', '1CI', 'A', 19),
(1074, 'FERNANDEZ', 'CUADRADO', 'JUAN MARIA', 'H', '1SI', 'D', 19),
(1075, 'FERNANDEZ', 'DELGADO', 'FCO. JAVIER', 'H', '2SI', 'B', 19),
(1076, 'FERNANDEZ', 'GARCIA', 'JORGE', 'H', '1LA', 'B', 19),
(2577, 'FERNANDEZ', 'RUBIO', 'RAFAEL', 'H', '2CX', 'A', 19),
(1077, 'FERNANDEZ', 'JIMENEZ', 'LAURA FABIANA', 'M', '2LA', 'B', 19),
(1078, 'FERNANDEZ', 'LOPEZ', 'VIRGINIA', 'M', '1ES', 'A', 19),
(604, 'MERELO', 'MUÑOZ', 'MARIA LUISA', 'M', '1CS', 'D', 19),
(2952, 'FERNANDEZ', 'MARTIN', 'CRISTINA', 'M', '4ES', 'E', 19),
(1079, 'FERNANDEZ', 'SEVILLA', 'CARLOS', 'H', '2ES', 'A', 19),
(825, 'HERRERA', 'MARTIN', 'FCO. MIGUEL', 'H', '8AD', 'C', 19),
(1025, 'FERNANDEZ', 'BERMEJO', 'JOSE CARLOS', 'H', '1SI', 'D', 19),
(2306, 'DE LA PAZ', 'MARTINEZ', 'DAVID', 'H', '3ES', 'B', 19),
(2907, 'FERRE', 'MILAN', 'SHEILA', 'M', '1CS', 'D', 19),
(620, 'HERNANDEZ', 'RAYA', 'HERMINIA', 'M', '1SI', 'A', 19),
(2445, 'TEVA', 'URENDEZ', 'ABEL', 'H', '1SI', 'C', 19),
(2246, 'HEREDIA', 'HEREDIA', 'ADORACION', 'M', '8AD', 'C', 19),
(2963, 'DELGADO', 'ROMERO', 'ANA', 'M', 'SAO', 'A', 19),
(870, 'FERNANDEZ', 'FERNANDEZ', 'JAIME', 'H', '1HU', 'F', 19),
(942, 'MEZCUA', 'GONZALEZ', 'CLARA MARIA', 'M', '4ES', 'D', 19),
(27, 'REYES', 'FERNANDEZ', 'DAVID', 'H', '2CO', 'A', 19),
(28, 'REYES', 'PEÑA', 'JOSE LUIS', 'H', '1CX', 'A', 19),
(649, 'HEREDIA', 'PEREZ', 'JUAN FRANCISCO', 'H', '4ES', 'E', 19),
(650, 'HERVIAS', 'LOPEZ', 'LUIS FRANCISCO', 'H', '1CI', 'A', 19),
(2901, 'DEL CASTILLO', 'ALVAREZ', 'ALEJANDRO', 'H', '4ES', 'C', 19),
(807, 'MERLO', 'MOLINA', 'SILVIA', 'M', 'SAO', 'A', 19),
(2600, 'VERDUGO', 'VEGA', 'MARISOL', 'M', '3ES', 'B', 19),
(806, 'MERLO', 'MOLINA', 'RAFAEL', 'H', '2AG', 'E', 19),
(2908, 'HEDEL', 'CASARES', 'BEATRIZ', 'M', '1CS', 'E', 19),
(1398, 'DELGADO', 'GARCIA', 'VICTORIA EUG.', 'M', '1CO', 'B', 19),
(1390, 'SERRANO', 'VALVERDE', 'FRANCISCO', 'H', '2CI', 'A', 19),
(1408, 'TEVA', 'NIEVAS', 'Mª CARMEN', 'M', '2LA', 'A', 19),
(509, 'CEJUDO', 'BAENA', 'GUILLERMO', 'H', '2CS', 'A', 19),
(2669, 'SERRANO', 'RUIZ', 'JOSE RAMÓN', 'H', 'SAO', 'A', 19),
(508, 'BERTOS', 'PEREZ', 'ANTONIO', 'H', '2CI', 'A', 19),
(1400, 'FERNANDEZ', 'LOPEZ', 'ELIZABETH', 'M', '1CX', 'A', 19),
(2704, 'FERNANDEZ', 'MOLINA', 'FRANCISCO JAVIER', 'H', '4ES', 'B', 19),
(71, 'SEGURA', 'CATENA', 'JUANA', 'M', '2AG', 'E', 19),
(1397, 'CEBRIAN', 'VINUESA', 'CELESTE', 'M', '1CO', 'A', 19),
(1971, 'LECHADO', 'MARTIN', 'MARIA JOSE', 'M', '4ES', 'D', 19),
(1607, 'FERNANDEZ', 'MEDINA', 'RAFAEL', 'H', '2CI', 'G', 19),
(1967, 'REYES', 'SANCHEZ', 'FELIPE', 'H', '3ES', 'F', 19),
(1427, 'FERNANDEZ', 'MARTINEZ', 'ANA', 'M', '3ES', 'E', 19),
(376, 'FERNANDEZ', 'FERNANDEZ', 'Mª MAYRA', 'M', '1SI', 'B', 19),
(502, 'SERRANO', 'GUTIERREZ', 'RUTH', 'M', '4ES', 'E', 19),
(336, 'BEIRO', 'ROJAS', 'ARACELI', 'M', '1CX', 'B', 19),
(1598, 'FERNANDEZ', 'ARANCE', 'IBRAHIM MUMIR', 'H', '5AD', 'A', 19),
(2707, 'FERNANDEZ', 'GARRIDO', 'FRANCISCO', 'H', '4ES', 'E', 19),
(2825, 'CEBRIAN', 'VILLA', 'NURIA', 'M', '1SI', 'A', 19),
(1414, 'GEA', 'TITOS', 'JOSE RAMON', 'H', '1CX', 'B', 19),
(56, 'MERELO', 'MUñOZ', 'MARIA JOSE', 'M', '3ES', 'F', 19),
(1392, 'VERA', 'LEYVA', 'MARIA DEL MAR', 'M', '2CS', 'B', 19),
(1993, 'HERNANDEZ', 'GONZALEZ', 'URBANO', 'H', '1SI', 'B', 19),
(385, 'HERNANDEZ', 'BLAS', 'MERCEDES', 'M', '1CX', 'B', 19),
(1347, 'DELGADO', 'MESA', 'DAVID', 'H', 'SAO', 'B', 19),
(47, 'HERNANDEZ', 'BLASCO', 'GLORIA', 'M', '1LA', 'B', 19),
(1856, 'SERVI', 'LOPEZ', 'OSCAR', 'H', '1CX', 'C', 19),
(2717, 'HERNANDEZ', 'CORZO', 'RUBEN', 'H', '2AG', 'E', 19),
(1361, 'HERVAS', 'FERNANDEZ', 'PILAR', 'M', '1CI', 'G', 19),
(1337, 'FERNANDEZ', 'RODRIGUEZ', 'YOLANDA', 'M', '1CI', 'B', 19),
(1637, 'LEIVA', 'GOMEZ', 'DAVID', 'H', '2CS', 'B', 19),
(1638, 'HEREDIA', 'HERNANDEZ', 'FRANCISCO', 'H', '2AG', 'D', 19),
(107, 'CEA', 'ARQUELLADA', 'MANUEL', 'H', '4ES', 'B', 19),
(1974, 'DE LA PAZ', 'MARTINEZ', 'YUMA', 'M', '1CI', 'B', 19),
(1975, 'VEGA', 'LAFUENTE', 'F. JAVIER', 'H', '1HU', 'C', 19),
(1385, 'MEDINA', 'JIMENEZ', 'JAIME', 'H', '1CI', 'A', 19),
(2668, 'TERRES', 'ROIG', 'ANGEL', 'H', '2AG', 'E', 19),
(2832, 'TERCERO', 'MOLINA', 'INMACULADA', 'M', '2CI', 'G', 19),
(1618, 'FERNANDEZ', 'RODRIGUEZ', 'DIEGO MIGUEL', 'H', '2ES', 'A', 19),
(1944, 'REYES', 'GONZALEZ', 'MARIA ROSARIO', 'M', '1SI', 'B', 19),
(518, 'HEREDIA', 'FERNANDEZ', 'MANUEL', 'M', '1CX', 'A', 19),
(1983, 'CERVERA', 'GUADIX', 'JUAN ALEJANDRO', 'H', 'SAO', 'A', 19),
(2662, 'REYES', 'DURÁN', 'ROSA MARÍA', 'M', '1CS', 'D', 19),
(1444, 'MEDINA', 'ALCARAZ', 'CAROLINA', 'M', 'SAO', 'A', 19),
(1362, 'FERNANDEZ', 'FENOY', 'MARIA JESUS', 'M', '2CI', 'G', 19),
(1500, 'DELGADO', 'TENORIO', 'MARIA CARMEN', 'M', '5AD', 'A', 19),
(1821, 'HERRERA', 'PADIAL', 'ALEJANDRO', 'H', '4ES', 'A', 19),
(478, 'FERRES', 'CIVANTOS', 'ROSA MARIA', 'M', '1HU', 'F', 19),
(1907, 'HERREROS', 'GONZALO', 'MARIA', 'M', '1SI', 'D', 19),
(2692, 'MEDINA', 'PINTADO', 'JUAN MIGUEL', 'H', '2SI', 'B', 19),
(476, 'FERRER', 'VILLANUEVA', 'VANESA', 'M', '1LA', 'A', 19),
(1502, 'GERVILLA', 'CHACON', 'JOSE ANTONIO', 'H', '1SI', 'A', 19),
(475, 'FERNANDEZ', 'FERNANDEZ', 'JESUS', 'H', '2SI', 'A', 19),
(459, 'REYES', 'SERRANO', 'ESTRELLA', 'M', '2CI', 'A', 19),
(346, 'FERRERAS', 'PAIZ', 'TAMARA', 'M', '3ES', 'B', 19),
(345, 'FERNANDEZ', 'GINES', 'LIDIA', 'M', '3ES', 'A', 19),
(65, 'REYES', 'ALVAREZ', 'SONIA', 'M', '1CS', 'D', 19),
(344, 'FERNANDEZ', 'BURGOS', 'LOURDES', 'M', '2ES', 'A', 19),
(98, 'SERNA', 'JANE', 'BEGOÑA RAQUEL', 'M', '1ES', 'A', 19),
(1861, 'FERNANDEZ', 'CANO', 'JESUS MODESTO', 'H', '2LA', 'B', 19),
(477, 'FERRER', 'VILLANUEVA', 'YOLANDA', 'M', '2LA', 'A', 19),
(1871, 'RESINA', 'ALBILLO', 'JUAN RAMON', 'H', '4ES', 'B', 19),
(2802, 'MESA', 'NIETO', 'Mª DEL MAR', 'M', '4ES', 'B', 19),
(358, 'MEDINA', 'MARTINEZ', 'JOSE MANUEL', 'H', '1HU', 'C', 19),
(357, 'MEDINA', 'GORDILLO', 'SUSANA', 'M', '1CI', 'B', 19),
(1889, 'BERLANGA', 'GARCIA', 'GERMAN', 'H', '2CO', 'A', 19),
(474, 'FERNANDEZ', 'CANO', 'ANA BELEN', 'M', '1SI', 'B', 19),
(1518, 'FERNANDEZ', 'FERNANDEZ', 'JAIRO MANUEL', 'H', '2LA', 'B', 19),
(1492, 'DEL PASO', 'CASARES', 'JORGE', 'H', '2AG', 'E', 19),
(447, 'FERNANDEZ', 'BARRALES', 'PATRICIA', 'M', '3ES', 'E', 19),
(1929, 'MEDINA', 'MARTINEZ', 'JESUS', 'H', '2CI', 'A', 19),
(1930, 'FERNANDEZ', 'RIVERA', 'TAMARA', 'M', '2CS', 'A', 19),
(1573, 'TEVA', 'FERNANDEZ', 'ANTONIO MIGUEL', 'H', '3ES', 'D', 19),
(1940, 'HERNANDEZ', 'RUIZ', 'MANUEL JESUS', 'H', '2CX', 'A', 19),
(1445, 'TEIXEIRA', 'RODRIGUEZ', 'CAMILA', 'M', 'SAO', 'B', 19),
(2776, 'FERNANDEZ', 'SIERRA', 'CHRISTIAN BLAS', 'H', '1SI', 'A', 19),
(375, 'FERNANDEZ', 'CASTAÑEDA', 'MARIA BELEN', 'M', '1SI', 'A', 19),
(1825, 'FERNANDEZ', 'GARCIA', 'INMACULADA', 'M', '4ES', 'E', 19),
(1797, 'REYES', 'MONLLOR', 'FRANCº MANUEL', 'H', '1SI', 'B', 19),
(1454, 'FERNANDEZ', 'MARTINEZ', 'ANTONIO MANUEL', 'H', '1SI', 'B', 19),
(1441, 'HERRERO', 'PEREZ', 'MARIA ISABEL', 'M', '2CS', 'B', 19),
(94, 'REINOSO', 'ZACARIAS', 'ANTONIO JUAN', 'H', '1SI', 'D', 19),
(1920, 'CERVERA', 'JIMENEZ', 'JUAN JOSE', 'H', '4ES', 'B', 19),
(2813, 'MEGIAS', 'CANO', 'RAFAEL', 'H', '2CS', 'B', 19),
(490, 'MESA', 'CAPILLA', 'MARIA LUISA', 'M', '1ES', 'A', 19),
(2781, 'MEDINA', 'FERNANDEZ', 'JOAQUIN', 'H', '1HU', 'F', 19),
(1568, 'HERAS', 'MELGAREJO', 'MARIA TRINIDAD', 'M', '1ES', 'A', 19),
(371, 'SEGOVIA', 'ROMERO', 'GUSTAVO', 'H', '1CX', 'A', 19),
(1927, 'VERDEJO', 'ROMAN', 'JUAN', 'H', '1CS', 'D', 19),
(1468, 'MEDINA', 'PEREZ', 'JUAN JOSE', 'H', '1LA', 'B', 19),
(1559, 'FERNANDEZ', 'LOPEZ', 'DANIEL', 'H', '3SA', 'A', 19),
(2675, 'MEDINA', 'DE HARO', 'SERGIO JOSE', 'H', '2CX', 'A', 19),
(2639, 'DEL CASTILLO', 'HERNANDEZ', 'ANGELA', 'M', '1CX', 'B', 19),
(1279, 'VELAZQUEZ', 'MOROTE', 'JAVIER', 'H', '3ES', 'D', 19),
(1280, 'VELAZQUEZ', 'PEREZ', 'EDUARDO', 'H', '3ES', 'E', 19),
(1281, 'VELAZQUEZ', 'SERRANO', 'PABLO ANTONIO', 'H', '3ES', 'F', 19),
(555, 'DE LA CRUZ', 'LESTIN', 'BRUNO', 'H', '1CS', 'D', 19),
(1282, 'VELEZ', 'MARQUEZ', 'ALMUDENA', 'M', '4ES', 'A', 19),
(557, 'DELGADO', 'MONTERO', 'MILAGROS', 'M', '2CI', 'A', 19),
(81, 'HERRERA', 'CALVENTE', 'JUAN MANUEL', 'H', '1SI', 'A', 19),
(2729, 'MEDINA', 'MEDINA', 'RAFAEL', 'H', '2SI', 'A', 19),
(294, 'SEGURA', 'MEGIAS', 'MARIA TERESA', 'M', '1ES', 'A', 19),
(308, 'FERNANDEZ', 'MIÑAN', 'LAURA', 'M', '1CI', 'B', 19),
(2759, 'FERNANDEZ', 'RUIZ', 'LETICIA', 'M', '1HU', 'C', 19),
(309, 'FERRERAS', 'PAIZ', 'ALBERTO', 'H', '1HU', 'C', 19),
(1262, 'SERRANO', 'CORTES', 'MIGUEL ANGEL', 'H', '1HU', 'F', 19),
(2044, 'DE LA CRUZ', 'SANCHEZ', 'ELISABETH', 'M', '1LA', 'A', 19),
(1664, 'MELGUIZO', 'ARROYO', 'HERMINIA', 'M', '1LA', 'B', 19),
(297, 'BELTRAN', 'CARACUEL', 'EDUARDO', 'H', '3ES', 'B', 19),
(43, 'FERNANDEZ', 'RECIO', 'EVA MARIA', 'M', '1CX', 'C', 19),
(423, 'MERINO', 'MEDINA', 'PEDRO', 'H', '5AD', 'B', 19),
(2079, 'HERNANDEZ', 'MEDINA', 'OLIVIA', 'M', '2AG', 'D', 19),
(1263, 'SERRANO', 'MARTIN', 'RICARDO', 'H', '1CI', 'G', 19),
(2080, 'SEDANO', 'MARTINEZ', 'ALVARO', 'H', '2AG', 'E', 19),
(303, 'DELGADO', 'FERNANDEZ', 'RAQUEL', 'M', '4ES', 'B', 19),
(2063, 'FERNANDEZ', 'GARCIA', 'SHEILA', 'M', '3ES', 'D', 19),
(2753, 'KELLY', 'RCZKOWSKI', 'ERIN CRISTINA', 'M', '4ES', 'B', 19),
(1241, 'DE LA ROSA', 'VAREZ', 'ZORAIDA', 'M', '1CS', 'D', 19),
(295, 'VELAZQUEZ', 'MUSSO', 'EVA MARIA', 'M', '2ES', 'A', 19),
(2083, 'FERNANDEZ', 'BARRALES', 'JOSE LUIS', 'H', '1CO', 'A', 19),
(306, 'FERNANDEZ', 'MARTINEZ', 'RAQUEL', 'M', '4ES', 'E', 19),
(307, 'FERNANDEZ', 'MESA', 'JOSE CARLOS', 'H', '1CI', 'A', 19),
(530, 'MERCADO', 'ESPIGARES', 'MIRIAM', 'M', '3SA', 'A', 19),
(2649, 'FERNANDEZ', 'GRANDE', 'JOSE MARIA', 'H', '3ES', 'B', 19),
(1307, 'FERNANDEZ', 'SANCHEZ', 'CLARA', 'M', '1SI', 'B', 19),
(1325, 'BERLANGA', 'GARCIA', 'BELEN', 'M', '3ES', 'A', 19),
(1323, 'FERNANDEZ', 'JIMENEZ', 'LUIS ALBERTO', 'H', '1ES', 'A', 19),
(2029, 'HERAS', 'ESPEJO', 'LORENA', 'M', '2CS', 'B', 19),
(1293, 'FERNANDEZ', 'CALVENTE', 'ALVARO MANUEL', 'H', '2CS', 'A', 19),
(1708, 'MEDINA', 'GUERRERO', 'MARIA DEL PILAR', 'M', '1CX', 'B', 19),
(2650, 'REYES', 'MUÑOZ', 'CONCEPCION', 'M', '3ES', 'C', 19),
(282, 'MERINO', 'DELGADO', 'JOSE LUIS', 'H', '1HU', 'F', 19),
(78, 'FERNANDEZ', 'MOLLA', 'ROCIO', 'M', '2CX', 'A', 19),
(315, 'HERRERA', 'HIDALGO', 'NAZARET', 'M', '2AG', 'D', 19),
(2848, 'CEREZUELA', 'MONTALVO', 'ANA VANESSA', 'M', '3ES', 'E', 19),
(2741, 'FERNANDEZ', 'PIMENTEL', 'EMILIO', 'H', '2SI', 'B', 19),
(1296, 'FERNANDEZ', 'MARTINEZ', 'MARIA PAZ', 'M', '2AG', 'E', 19),
(1696, 'REYES', 'ROLDAN', 'DEMELSA', 'M', '5AD', 'A', 19),
(1700, 'SEDANO', 'MARTINEZ', 'FCO. JAVIER', 'H', '2SI', 'A', 19),
(1702, 'LEIVA', 'GOMEZ', 'JUAN MANUEL', 'H', '2LA', 'A', 19),
(1770, 'SEGURA', 'GUTIERREZ', 'ANTONIA', 'M', '3ES', 'E', 19),
(1719, 'TERUGGI', 'FEDERICI', 'PABLO TOMAS', 'H', '3ES', 'C', 19),
(1707, 'FERNANDEZ', 'MARTIN', 'ESTHER NOEMI.', 'M', '8AD', 'C', 19),
(2034, 'VELAZQUEZ', 'PEREZ', 'ALEJANDRO', 'H', '1CO', 'A', 19),
(290, 'REYES', 'FERNANDEZ', 'CRISTINA', 'M', '1SI', 'D', 19),
(1772, 'SEVILLA', 'ROLDAN', 'RAFAEL', 'H', '4ES', 'A', 19),
(2094, 'FERNANDEZ', 'MARTIN', 'JESUS', 'H', '2LA', 'A', 19),
(2844, 'FERNANDEZ', 'SANCHEZ', 'MARIA JOSE', 'M', '3ES', 'A', 19),
(2849, 'FERNANDEZ', 'LOPEZ', 'ROSARIO PAMELA', 'M', '3ES', 'F', 19),
(2119, 'ACOSTA', 'JIMENEZ', 'EMILIO JOSE', 'H', '4ES', 'E', 17),
(1304, 'ACEVEDO', 'AJENJO', 'JOSE ANTONIO', 'H', '5AD', 'A', 17),
(2485, 'UCEDA', 'ESPAÑA', 'ALEJANDRO', 'H', '1LA', 'A', 17),
(718, 'OCHANDO', 'MEDINA', 'YOLANDA', 'M', '1SI', 'A', 17),
(91, 'OCHOA', 'FAJARDO', 'EVA', 'M', '1CX', 'B', 17),
(656, 'OCAÑA', 'TORRES', 'ELISA MARIA', 'M', '2CS', 'A', 17),
(2947, 'ABESO', 'EYAMA MANGUE', 'JOSE VALENTIN', 'H', '3ES', 'F', 16),
(2170, 'ABELLAN', 'SANCHEZ', 'ALFONSO', 'H', '1CI', 'B', 16),
(2689, 'IBAÑEZ', 'CARILLA', 'MARIA DEL CARMEN', 'M', '1CX', 'C', 16),
(415, 'IBAÑEZ', 'ALARCON', 'BEATRIZ', 'M', 'SAO', 'A', 16),
(1542, 'ABAD', 'MARTIN', 'BERNARDO', 'H', 'SAO', 'A', 16),
(1986, 'IBAÑEZ', 'VILLEGAS', 'IRENE', 'M', '1CO', 'B', 16),
(2823, 'IBAÑEZ', 'BONILLA', 'CAROLINA', 'M', '5AD', 'A', 16),
(2049, 'IBAÑEZ', 'GARCIA', 'ADRIANA', 'M', '3SA', 'A', 16),
(2256, 'ABRIL', 'MARTOS', 'JAVIER', 'H', '3ES', 'A', 16),
(1031, 'ABRIL', 'GONZALEZ', 'FRANCº JAVIER', 'H', '3ES', 'A', 16),
(2019, 'IBAÑEZ', 'OLMEDO', 'LAURA', 'M', '4ES', 'C', 16),
(1949, 'IBAÑEZ', 'OROZCO', 'LADISLAO', 'H', '1CI', 'G', 16),
(373, 'UBRI', 'AVIVAR', 'ROSARIO', 'M', '5AD', 'A', 16),
(1125, 'IBAÑEZ', 'GRANADOS', 'DELIA', 'M', '1LA', 'B', 16),
(707, 'IBAÑEZ', 'GONSCHIOR', 'MARIA GLORIA', 'M', '2AG', 'D', 16),
(2894, 'BOCANEGRA', 'CRUZ', 'DAVID', 'H', '3ES', 'B', 16),
(2278, 'ABELLAN', 'FERNANDEZ', 'MARIA', 'M', 'SAO', 'B', 16),
(1996, 'IBAÑEZ', 'TOLEDO', 'MIGUEL ANGEL', 'H', '2LA', 'A', 16),
(1438, 'UBIÑA', 'PEREZ', 'MARIA FRANCISCA', 'M', '1CS', 'E', 16),
(725, 'SANCHEZ', 'LORIGO', 'MARIA TISCAR', 'M', '2CI', 'G', 15),
(96, 'SANCHEZ', 'ROMERO', 'MARIA ELENA', 'M', '1LA', 'B', 15),
(463, 'SANCHEZ', 'MARTIN', 'SILVIA MARIA', 'M', '2AG', 'E', 15),
(403, 'SANTIAGO', 'CAMPOSO', 'BEATRIZ', 'M', '4ES', 'D', 15),
(370, 'SANCHEZ', 'GARCIA', 'RICARDO JOSE', 'H', '2CO', 'A', 15),
(426, 'RAMIREZ', 'HERNANDEZ', 'DANIEL', 'H', '2SI', 'A', 15),
(694, 'SAEZ', 'SALAS', 'MARIA ESTHER', 'M', '4ES', 'A', 15),
(136, 'SADABA', 'DELGADO', 'EVA', 'M', '1CI', 'G', 15),
(93, 'PASO', 'GARCIA', 'MARIA PAZ DEL', 'M', '1SI', 'C', 15),
(146, 'CANTERO', 'PRADES', 'ANTONIO', 'H', '2LA', 'B', 15),
(402, 'SANCHEZ', 'AGUAYO', 'MARIA ISABEL', 'M', '4ES', 'C', 15),
(429, 'SANCHEZ', 'MARTIN', 'CRISTINA', 'M', '1HU', 'F', 15),
(181, 'CABRERA', 'CEREZO', 'ALEJANDRO', 'H', '2SI', 'A', 15),
(70, 'SANTIAGO', 'CASTILLO', 'EDUARDO', 'H', '2AG', 'D', 15),
(379, 'GAMEZ', 'CABA', 'ALICIA', 'M', '2LA', 'A', 15),
(69, 'SANCHEZ', 'TITOS', 'OSCAR', 'H', '2CS', 'B', 15),
(695, 'SANCHEZ', 'GOMEZ', 'MARIA ROSA', 'M', '4ES', 'B', 15),
(592, 'CAÑETE', 'MUÑOZ', 'ENCARNACION', 'M', '3ES', 'C', 15),
(301, 'CASADO', 'SANCHEZ', 'ANTONIO', 'H', '3ES', 'F', 15),
(249, 'RAMIREZ', 'POLO', 'SUSANA', 'M', '3ES', 'C', 15),
(593, 'CASTILLO', 'MELGAREJO', 'MARIA ANGUSTIAS', 'M', '3ES', 'D', 15),
(254, 'SANCHEZ', 'CONDE', 'FRANCISCO', 'H', '4ES', 'B', 15),
(541, 'SANCHEZ', 'MOLEON', 'INMACULADA', 'M', '3ES', 'A', 15),
(260, 'CANO', 'MARTIN ENTRENA', 'ISRAEL', 'H', '1HU', 'C', 15),
(594, 'CASTILLO', 'TORRES', 'MARIA DEL MAR', 'M', '3ES', 'E', 15),
(106, 'CAZORLA', 'DEL CASTILLO', 'JAVIER', 'H', '4ES', 'A', 15),
(248, 'RAMIREZ', 'MARTIN', 'RAFAEL', 'H', '3ES', 'B', 15),
(300, 'CASADO', 'BARBERO', 'GERMAN', 'H', '3ES', 'E', 15),
(610, 'SANCHEZ', 'RUIZ', 'MARIA ANGUSTIAS', 'M', '2AG', 'E', 15),
(609, 'SANCHEZ', 'GONZALEZ', 'SANDRA', 'M', '2AG', 'D', 15),
(560, 'GAMEZ', 'CABA', 'INMACULADA', 'M', '2AG', 'D', 15),
(40, 'CAMPOS', 'RAMOS', 'MARIA JESUS', 'M', '3SA', 'A', 15),
(39, 'CAMPOS', 'CERVILLA', 'MIGUEL', 'H', '2CI', 'G', 15),
(589, 'SANTIAGO', 'RUBIA', 'DAVID', 'H', '2ES', 'A', 15),
(542, 'SANCHEZ', 'RUIZ', 'CRISTINA', 'M', '3ES', 'B', 15),
(543, 'SANCHEZ', 'SASTRE', 'SANDRA', 'M', '3ES', 'C', 15),
(299, 'CANSECO', 'PEREZ', 'ISMAEL', 'H', '3ES', 'D', 15),
(546, 'VAZQUEZ', 'AGUILA', 'VERONICA', 'M', '3ES', 'F', 15),
(547, 'VAZQUEZ', 'QUERO', 'RAFAEL', 'H', '4ES', 'A', 15),
(554, 'CASTRO', 'Y DE LA HIGUERA', 'YOLANDA DE', 'M', '1HU', 'C', 15),
(588, 'SANJUAN', 'PADIAL', 'ESTHER', 'M', '1ES', 'A', 15),
(264, 'CASTRO', 'LOPEZ', 'MARIA CRUZ', 'M', '2CS', 'A', 15),
(293, 'SANCHEZ', 'SAEZ DE TEJADA', 'LORENA', 'M', '2LA', 'B', 15),
(587, 'SANCHEZ', 'MARTIN', 'Mª MACARENA', 'M', '2LA', 'B', 15),
(586, 'SANCHEZ', 'DEL MORAL', 'EVA ISABEL', 'M', '1LA', 'B', 15),
(340, 'CASTILLO', 'MELGAREJO', 'YOLANDA', 'M', '2SI', 'B', 15),
(659, 'RAMIREZ', 'ROMAN', 'DAVID', 'H', '2AG', 'E', 15),
(210, 'RAMIREZ', 'GARCIA', 'ALBERTO', 'H', '1CI', 'B', 15),
(101, 'VAZQUEZ', 'GONZALEZ', 'AMALIA', 'M', '3ES', 'B', 15),
(363, 'PASO', 'MUSSO', 'ANA ISABEL DEL', 'M', '2CS', 'B', 15),
(675, 'HANNAT', 'BENAMAR', 'KARINA', 'M', '1CI', 'G', 15),
(97, 'SANTOS', 'FERNANDEZ', 'MARIA JOSE', 'M', '2LA', 'B', 15),
(339, 'CASTAÑO', 'MELERO', 'Mª JOSE', 'M', '1SI', 'D', 15),
(468, 'CASTILLO', 'TORRES', 'CARMEN', 'M', '2CO', 'A', 15),
(467, 'CANOVAS', 'RIOS', 'SONIA', 'M', '1CO', 'B', 15),
(26, 'RAYA', 'MUÑOZ', 'PEDRO JAVIER', 'H', '1CO', 'B', 15),
(105, 'CASTILLO', 'CAMPOS', 'EVA', 'M', '3ES', 'F', 15),
(25, 'RAMIREZ', 'MONTOSA', 'VANESSA', 'M', '1CO', 'A', 15),
(500, 'SANCHEZ', 'LOPEZ', 'RAQUEL', 'M', '4ES', 'C', 15),
(644, 'CASTILLO', 'YEBRA', 'ANGEL LUIS', 'H', '3ES', 'F', 15),
(221, 'CAMPOS', 'CABALLERO', 'FRANCº MIGUEL', 'H', '1CO', 'A', 15),
(506, 'VAQUERO', 'TROYA', 'JUAN ANTONIO', 'H', '1CS', 'D', 15),
(507, 'VAZQUEZ', 'AGUILA', 'MIRIAM', 'M', '1CS', 'E', 15),
(501, 'SANCHEZ', 'OCHOA', 'JESUS ROBERTO', 'H', '4ES', 'D', 15),
(2220, 'RAMIREZ', 'MORALES', 'ROSA MARIA', 'M', '1HU', 'C', 15),
(2226, 'CAMPOS', 'FERNANDEZ', 'JESUS', 'H', '2AG', 'D', 15),
(2253, 'BATISTA', 'RUIZ', 'MIGUEL ANGEL', 'H', '2LA', 'B', 15),
(2257, 'ZAFRA', 'MARTINEZ', 'IRIS', 'H', '3ES', 'B', 15),
(2267, 'SANTAELLA', 'LOPEZ', 'MARIA INMACULADA', 'M', '1CI', 'A', 15),
(2142, 'PAEZ', 'VILLALBA', 'JERONIMO', 'H', '1LA', 'A', 15),
(2168, 'CASTILLO', 'CRESPO', 'FRANCISCO J.', 'H', '4ES', 'E', 15),
(2191, 'SANCHEZ', 'LOPEZ', 'VERONICA', 'M', '1LA', 'A', 15),
(2198, 'BAUTISTA', 'TALENS', 'FELIX', 'H', '1CX', 'B', 15),
(2200, 'BAUTISTA', 'TALENS', 'DAVID', 'H', '1SI', 'C', 15),
(2205, 'SANCHEZ', 'SANCHEZ', 'Mª INMACULADA', 'M', '1ES', 'A', 15),
(2179, 'CASTILLO', 'GARRIDO', 'SANDRA', 'M', 'SAO', 'A', 15),
(2371, 'LABELLA', 'LOPEZ', 'JORGE', 'H', '2CS', 'A', 15),
(2372, 'LAPRESTA', 'MOLINA', 'ABRAHAM', 'H', '2CS', 'B', 15),
(2329, 'CASTRO', 'TORCUATO', 'SERGIO', 'H', '1CO', 'B', 15),
(2281, 'SANCHEZ', 'ROBLES', 'MARIA JOSE', 'M', '2CO', 'A', 15),
(2298, 'SANCHEZ', 'ANTELO', 'LETICIA', 'M', '1SI', 'C', 15),
(2311, 'SANCHEZ', 'PALOMINO', 'CRISTINA', 'M', '4ES', 'A', 15),
(2345, 'GAMEZ', 'GARCIA', 'CHRISTIAN', 'H', '1CX', 'B', 15),
(2321, 'CABRERA', 'RODRIGUEZ', 'JUAN JOSE', 'H', '2CI', 'A', 15),
(2322, 'CANO', 'MOHAMED', 'JAVIER', 'H', '2CS', 'A', 15),
(2326, 'CASTAÑO', 'MEGIAS', 'CHRISTIAN', 'H', 'SAO', 'A', 15),
(2327, 'CASTILLO', 'HISPAN', 'EVA MARIA', 'M', 'SAO', 'B', 15),
(2328, 'CASTRO', 'GUIRADO', 'LAURA', 'M', '1CO', 'A', 15),
(1942, 'CASTRO', 'ARNEDO', 'PABLO', 'H', '5AD', 'B', 15),
(1952, 'RAMIREZ', 'PICO', 'ANA', 'M', '8AD', 'C', 15),
(1963, 'SANCHEZ', 'GONGORA', 'JOSE ANTONIO', 'H', '3ES', 'B', 15),
(1965, 'CABRERA', 'CARABAZA', 'JESUS', 'H', '3ES', 'D', 15),
(2003, 'CASTRO', 'JIMENEZ', 'JUAN MANUEL', 'H', '1CX', 'C', 15),
(2007, 'CAMPOS', 'GUTIERREZ', 'ENCARNACION', 'M', '1LA', 'B', 15),
(1493, 'SANCHEZ', 'AGUAYO', 'VICTOR MANUEL', 'H', 'SAO', 'A', 15),
(1884, 'CABA', 'ARCO', 'MARIA JOSE', 'M', '2AG', 'E', 15),
(1892, 'CASTRO', 'MEGIAS', 'TRINIDAD', 'M', '5AD', 'A', 15),
(1899, 'SANCHEZ', 'MOLINA', 'ALBERTO', 'H', '1HU', 'F', 15),
(1918, 'IAÑEZ', 'OLMOS', 'RUBEN', 'H', '3ES', 'F', 15),
(2089, 'CABELLO', 'CARMONA', 'ANGELA', 'M', '5AD', 'B', 15),
(2098, 'CANTOS', 'GUTIERREZ', 'PEDRO LUIS', 'H', '3SA', 'A', 15),
(2123, 'SANTIAGO', 'GARCIA', 'JESUS', 'H', '1CS', 'D', 15),
(2051, 'CASTILLO', 'CONTRERAS', 'JUAN MANUEL', 'H', '1CX', 'B', 15),
(2017, 'SANCHEZ', 'ADAMUZ', 'DAVID', 'H', '4ES', 'A', 15),
(2023, 'PADILLA', 'PADIAL', 'INMACULADA', 'M', '1CI', 'B', 15),
(2041, 'CASTRO', 'MARTINEZ', 'JOSE FCO.', 'H', '1SI', 'A', 15),
(2084, 'RASTROJO', 'BORREGO', 'MIGUEL ANGEL', 'H', '1CO', 'B', 15),
(2050, 'BAUTISTA', 'SANCHEZ', 'INMACULADA', 'M', '8AD', 'C', 15),
(2066, 'CASTRO', 'CEJUDO', 'JAVIER', 'H', '4ES', 'A', 15),
(2782, 'PADILLA', 'ALVAREZ', 'JOSE ANTONIO', 'H', '1CI', 'G', 15),
(2792, 'SANCHEZ', 'MARTINEZ', 'Mª VICTORIA', 'M', '2LA', 'B', 15),
(2806, 'ZAFRILLA', 'RODRIGUEZ', 'Mª CARMEN', 'M', '1CI', 'A', 15),
(2809, 'SANCHEZ', 'GOMEZ', 'VICTOR JOSE', 'H', '1CS', 'D', 15),
(2816, 'SANTOS', 'MARTINEZ', 'RAQUEL', 'M', 'SAO', 'A', 15),
(2831, 'RAJA', 'PODADERA', 'ANTONIO', 'H', '1CI', 'G', 15),
(2833, 'BASTOS', 'SALAS', 'LUISA IVANIA', 'M', '3SA', 'A', 15),
(2834, 'SANCHEZ', 'NOGUERAS', 'MANUEL', 'H', '8AD', 'C', 15),
(2837, 'SANCHEZ', 'MOLINA', 'ALEJANDRO', 'H', '1SI', 'C', 15),
(2709, 'IAÑEZ', 'ASPIZUA', 'CARLOS', 'H', '1CI', 'B', 15),
(2712, 'CAMPOS', 'GARCIA', 'RAFAEL', 'H', '1CS', 'E', 15),
(2775, 'CASTILLO', 'PEÑA', 'JOSE LUIS', 'H', '5AD', 'B', 15),
(2739, 'CAMPOS', 'CASTILLO', 'JUAN MANUEL', 'H', '1SI', 'C', 15),
(2750, 'SANCHEZ', 'NOVO', 'JUAN JOSE', 'H', '3ES', 'E', 15),
(2757, 'CASTRO', 'MARTINEZ', 'EDUARDO', 'H', '1CI', 'A', 15),
(2839, 'SANCHEZ', 'OREA', 'GEMA MARIA', 'M', '2SI', 'B', 15),
(2930, 'SANTOS', 'MORILLA', 'MARIA JOSE', 'M', '2CI', 'G', 15),
(2941, 'SANCHEZ', 'HERNANDEZ', 'ISAAC', 'H', '2ES', 'A', 15),
(2918, 'TAPIA', 'ALARCON', 'SUSANA', 'M', '2CO', 'A', 15),
(2960, 'TAPIA', 'CHAVES', 'CRISTINA', 'M', '2CS', 'B', 15),
(2964, 'NAVAS', 'PEREZ', 'JORGE', 'H', 'SAO', 'B', 15),
(2970, 'LAMRANI', 'EL GASRI', 'HAYAT', 'M', '5AD', 'A', 15),
(2974, 'SANCHEZ', 'RIVAS', 'BEATRIZ', 'M', '2SI', 'A', 15),
(2857, 'BAEZ', 'MIRON', 'PABLO AGUSTIN', 'H', '1HU', 'C', 15),
(2878, 'CASTILLA', 'GARRE', 'BEATRIZ', 'M', '2LA', 'A', 15),
(2921, 'CABRERA', 'HOLANDA', 'ELISA', 'M', '5AD', 'A', 15),
(2896, 'PASADAS', 'MAYA', 'NATALIA', 'M', '3ES', 'D', 15),
(2904, 'SANCHEZ', 'MALAGON', 'RAUL', 'H', '1CI', 'A', 15),
(2909, 'SASIAIN', 'REYES', 'BEGOÑA', 'M', '2CI', 'A', 15),
(2911, 'BAUTISTA', 'IBAÑEZ', 'MARIA JOSE', 'M', '2CS', 'B', 15),
(2479, 'LACHICA', 'LIÑAN', 'MIGUEL', 'H', '2CX', 'A', 15),
(2482, 'LAHABA', 'DOMENECH', 'CRISTINA', 'M', '1SI', 'A', 15),
(2492, 'CASTILLO', 'FAJARDO', 'ANA BELEN', 'M', '1CX', 'B', 15),
(2497, 'CANTERO', 'ACEDO', 'ALBERTO ISRAEL', 'H', '1LA', 'B', 15),
(2472, 'SANCHEZ', 'HITOS', 'LUISA MARIA', 'M', '2AG', 'E', 15),
(2501, 'CASTILLO', 'RODRIGUEZ', 'TAMARA', 'M', '3ES', 'A', 15),
(2509, 'RAYA', 'VILLARRASO', 'JUAN GABRIEL', 'H', '4ES', 'C', 15),
(2511, 'CASTILLO', 'MARTIN', 'DOLORES', 'M', '4ES', 'E', 15),
(2496, 'CASTRO', 'SANCHEZ', 'DANIEL', 'H', '2SI', 'B', 15),
(2418, 'RAMIREZ', 'RODRIGUEZ', 'RUBEN', 'H', '1CS', 'E', 15),
(2435, 'SACRISTAN', 'FRESNEDA', 'JESUS', 'H', '2SI', 'A', 15),
(2438, 'SANCHEZ', 'PALOMINO', 'Mº ANGELES', 'M', '1HU', 'F', 15),
(2439, 'SANCHEZ', 'RODRIGUEZ', 'FRANCISCO JOSE', 'H', '1CI', 'G', 15),
(2440, 'SANCHEZ', 'ROLDAN', 'BENJAMIN', 'H', '2CI', 'G', 15),
(2441, 'SANCHEZ', 'ROMERO', 'JAIME', 'H', '3SA', 'A', 15),
(2443, 'SANZ', 'RODRIGUEZ', 'MOHAMMED SALAGUDIN', 'H', '1CX', 'B', 15),
(2442, 'SANCHEZ', 'RUIZ', 'Mª ANGUSTIAS', 'M', '8AD', 'C', 15),
(2531, 'SANCHEZ', 'JAEN', 'Mª PILAR', 'M', '1SI', 'A', 15),
(2626, 'CAMPOY', 'HEREDIA', 'ROSA MARIA', 'M', '2CX', 'A', 15),
(2628, 'VAZQUEZ', 'MEDINA', 'PABLO', 'H', '5AD', 'B', 15),
(2643, 'SANCHEZ', 'PEREZ-LEMAUR', 'MANUEL', 'H', '2SI', 'B', 15),
(2681, 'CAÑADAS', 'SANCHEZ', 'FRANCISCO JAVIER', 'H', '1LA', 'A', 15),
(2685, 'GAVILAN', 'MOLINA', 'ANTONIO', 'H', '2CI', 'G', 15),
(2691, 'CASTILLO', 'RIENDA', 'ANA', 'M', '1SI', 'D', 15),
(2696, 'CASADO', 'PRIETO', 'PABLO', 'H', '2ES', 'A', 15),
(2560, 'CASTRO', 'ABOAL', 'INES', 'M', '4ES', 'E', 15),
(2585, 'LA TORRE', 'SALAS', 'JUAN MANUEL', 'H', '1HU', 'F', 15),
(2596, 'SANCHEZ', 'RUIZ', 'MARIA ESTEFANIA', 'M', '2LA', 'B', 15),
(2573, 'SANTISTEBAN', 'SALGUERO', 'JOSE ANTONIO', 'H', '1CO', 'A', 15),
(1062, 'CASADO', 'GARCIA', 'MERCEDES', 'M', '1SI', 'B', 15),
(1063, 'CASAS', 'GARCIA', 'JESUS JOSE', 'H', '2SI', 'A', 15),
(1064, 'CASTILLA', 'BELTRAN', 'FCO. BORJA', 'H', '1LA', 'A', 15),
(1065, 'CASTILLO', 'MARTIN', 'FCO. JULIO', 'H', '2LA', 'A', 15),
(1066, 'CASTRO', 'JIMENEZ', 'LUCAS FIDEL', 'H', '1HU', 'F', 15),
(1124, 'IAÑEZ', 'ASPIZUA', 'ANTONIO JESUS', 'H', '2SI', 'B', 15),
(1020, 'SANCHEZ', 'GARCIA', 'ANTONIO', 'H', '3SA', 'A', 15),
(989, 'RAYA', 'MUÑOZ', 'ANA MARIA', 'M', '4ES', 'B', 15),
(997, 'IAÑEZ', 'TELLO', 'MARIANO', 'H', '1CS', 'E', 15),
(1000, 'NAVAS', 'CANTON', 'MARIA CANDIDA', 'M', '2CS', 'B', 15),
(1023, 'VAZQUEZ', 'LUQUE', 'Mª CONCEPCION', 'M', '1CX', 'C', 15),
(1234, 'RAYA', 'POLO', 'ROSA ANA', 'M', '4ES', 'B', 15),
(1216, 'PASO', 'MUSSO', 'PATRICIA DEL', 'M', '3SA', 'A', 15),
(1231, 'RAMIREZ', 'PEREZ', 'JORGE', 'H', '3ES', 'E', 15),
(1249, 'SAAVEDRA', 'TORRES', 'ALICIA', 'M', 'SAO', 'B', 15),
(1251, 'SANCHEZ', 'BURGOS', 'MARIA CARMEN', 'M', '1CO', 'B', 15),
(1252, 'SANCHEZ', 'FERNANDEZ', 'CRISTINA', 'M', '2CO', 'A', 15),
(1253, 'SANCHEZ', 'GARCIA', 'VERONICA', 'M', '1CX', 'A', 15),
(1254, 'SANCHEZ', 'GARCIA', 'LUIS', 'H', '2CX', 'A', 15),
(1255, 'SANCHEZ', 'MORALES', 'DAVID', 'H', '5AD', 'A', 15),
(1256, 'SANCHEZ', 'ORTEGA', 'FCO. JAVIER', 'H', '5AD', 'B', 15),
(817, 'VACAS', 'BEDMAR', 'ALVARO JESUS', 'H', '1SI', 'B', 15),
(985, 'CAMPOS', 'LOPEZ', 'ANA MARIA', 'M', '3ES', 'D', 15),
(835, 'SANCHEZ', 'ROLDAN', 'ZORAIDA', 'M', '3ES', 'A', 15),
(840, 'BACA', 'AVILES', 'JESUS', 'H', '3ES', 'F', 15),
(732, 'CASADO', 'MARTINEZ', 'GERMAN', 'H', '2SI', 'B', 15),
(783, 'PASTOR', 'GARBERO', 'ESTHER', 'M', '2LA', 'B', 15),
(789, 'CAÑETE', 'ALGUACIL', 'NURIA', 'M', '3ES', 'D', 15),
(753, 'SANJUAN', 'RODRIGUEZ', 'Mª LORENA', 'M', '2CI', 'A', 15),
(858, 'SANCHEZ', 'CEA', 'JOSE ANTONIO', 'H', '1CO', 'A', 15),
(956, 'YAÑEZ', 'LUPIAÑEZ', 'ESTHER', 'M', '1CO', 'A', 15),
(1259, 'SANCHEZ', 'RAMIREZ', 'NAZARET', 'M', '2SI', 'A', 15),
(887, 'SANCHEZ', 'MARTIN', 'CARLOS ALBERTO', 'H', '3ES', 'D', 15),
(859, 'SANCHEZ', 'GALLARDO', 'MARIA JOSE', 'M', '1CO', 'B', 15),
(1677, 'SANTOS', 'VERA', 'JORGE JUAN', 'H', '4ES', 'D', 15),
(1651, 'SANCHEZ', 'ROBLES', 'MARA', 'M', '2SI', 'A', 15),
(1652, 'SANCHEZ', 'HORTAL', 'MARIA', 'M', '1LA', 'A', 15),
(1660, 'SANCHEZ', 'PEREZ', 'DAVID', 'H', '1CX', 'C', 15),
(1694, 'SANTOS', 'MORILLA', 'RAFAEL', 'H', '1CX', 'A', 15),
(1257, 'SANCHEZ', 'ORTEGA', 'ANTONIO', 'H', '1SI', 'A', 15),
(1581, 'SANCHEZ', 'JIMENEZ', 'PATRICIA', 'M', '1CI', 'A', 15),
(1586, 'CAÑAS', 'ORTIZ', 'Mª YESICA', 'M', '2CI', 'A', 15),
(1649, 'SANCHEZ', 'ROMERO', 'HUGO', 'H', '1SI', 'A', 15),
(1594, 'BASTOS', 'SAMPAIO', 'FCO. HILTON', 'H', '1CO', 'B', 15),
(1644, 'CAMPILLO', 'RIVAS', 'IÑAKY', 'H', '2CO', 'A', 15),
(1609, 'CASTRO', 'PEREZ', 'JAVIER', 'H', '8AD', 'C', 15),
(1614, 'SANCHEZ', 'SAEZ DE TEJADA', 'MARIA JOSE', 'M', '2SI', 'B', 15),
(1616, 'SANCHEZ', 'MADRID', 'JONATHAN', 'H', '2LA', 'B', 15),
(1628, 'DANAN', 'BAÑOS', 'ALBERTO', 'H', '4ES', 'D', 15),
(1629, 'SANCHEZ', 'PADILLA', 'CLARA EUGENIA', 'M', '4ES', 'E', 15),
(1714, 'SANTOS', 'JIMENEZ', 'MARIA JOSE', 'M', '2LA', 'B', 15),
(1816, 'SANCHEZ', 'RUIZ', 'MARIO', 'H', '3ES', 'B', 15),
(1842, 'PAZ', 'LUIS', 'JOSE ANTONIO', 'H', '2CX', 'A', 15),
(1854, 'HATIM', 'EL ABDI', 'IMAD', 'H', '8AD', 'C', 15),
(1859, 'SANCHEZ', 'MEDINA', 'JESUS', 'H', '2SI', 'B', 15),
(1721, 'RAMIREZ', 'ESPIGARES', 'MARIA ESTHER', 'M', '3ES', 'E', 15),
(1725, 'CASTILLO', 'HERMOSO', 'MARIA ANGELES', 'M', '4ES', 'C', 15),
(1730, 'LAHABA', 'DOMENECH', 'DANIEL', 'H', '1HU', 'C', 15),
(1731, 'RAMIREZ', 'RAMOS', 'MANUEL', 'H', '1CS', 'D', 15),
(1748, 'HANSE', 'GAY DE MONTELLA', 'NICOLAS DYLAN N', 'H', '1SI', 'B', 15),
(1749, 'CASTRO', 'MARTINEZ', 'JAIME', 'H', '2SI', 'A', 15),
(1750, 'SACRISTAN', 'FRESNEDA', 'RAFAEL JAVIER', 'H', '1LA', 'A', 15),
(1756, 'CAÑETE', 'GONZALEZ', 'ALICIA', 'M', '8AD', 'C', 15),
(1765, 'RAMIREZ', 'SALIDO', 'RAFAEL', 'H', '2ES', 'A', 15),
(1767, 'SANCHEZ', 'BOLIVAR', 'MANUEL ULISES', 'H', '3ES', 'B', 15),
(1396, 'CASTILLO', 'ROS', 'CONCEPCION', 'M', 'SAO', 'B', 15),
(1364, 'VAZQUEZ', 'GUILLAMET', 'BLANCA', 'M', '8AD', 'C', 15),
(1375, 'CANTOS', 'MENDOZA', 'LUIS FRANCISCO', 'H', '3ES', 'B', 15),
(1376, 'CANTOS', 'MUÑOZ', 'ENCARNACION', 'M', '3ES', 'C', 15),
(1348, 'SANCHEZ', 'ROBLES', 'CARMEN YOLANDA', 'M', '1CO', 'A', 15),
(1377, 'CASADO', 'PRIETO', 'ROSA MARIA', 'M', '3ES', 'D', 15),
(1308, 'SANCHEZ', 'MORALES', 'MARIA ESTHER', 'M', '2SI', 'A', 15),
(1260, 'SANCHEZ', 'ROBLES', 'ENRIQUE', 'H', '1LA', 'A', 15),
(1261, 'SANCHEZ', 'ROBLES', 'FRANCISCO', 'H', '2LA', 'A', 15),
(1295, 'CAPILLA', 'BERBEL', 'YOLANDA', 'M', '2AG', 'D', 15),
(1322, 'CASAS', 'AZNAR', 'FCO. JAVIER', 'H', '2LA', 'B', 15),
(1338, 'SANTAELLA', 'GUADIX', 'PURIFICACION', 'M', '1HU', 'C', 15),
(1345, 'SANCHEZ', 'PEINADO', 'RAFAEL', 'H', '2AG', 'E', 15),
(1294, 'SANCHEZ', 'RODRIGUEZ', 'BERNARDINO', 'H', '2CS', 'B', 15),
(1517, 'SAEZ', 'CARA', 'RAFAEL JOSE', 'H', '1LA', 'B', 15),
(1526, 'CAMPOS', 'UTRERA', 'JUAN LUIS', 'H', '3ES', 'F', 15),
(1528, 'LANZA', 'FERNANDEZ', 'CARLOS', 'H', '4ES', 'B', 15),
(1512, 'CABELLO', 'ASENSIO', 'FRANCISCO', 'H', '1CX', 'B', 15),
(1510, 'SANCHEZ', 'RUIZ', 'GUILLERMO', 'H', '3SA', 'A', 15),
(1553, 'SANCHEZ', 'ROLDAN', 'VERONICA', 'M', '2SI', 'A', 15),
(1558, 'SANTOS', 'HERRERO', 'BEATRIZ', 'M', '2CI', 'G', 15),
(1538, 'SANTIAGO', 'SANCHEZ', 'NIEVES', 'M', '2CS', 'A', 15),
(1472, 'SANTANDER', 'GONZALEZ', 'MATILDE RAQUEL', 'M', '3ES', 'A', 15),
(1258, 'SANCHEZ', 'PEREZ', 'ALEJANDRO', 'H', '1SI', 'B', 15),
(1452, 'SANCHEZ', 'GONZALEZ', 'ALICIA', 'M', '5AD', 'B', 15),
(1453, 'BAZAN', 'JIMENEZ', 'DAVID', 'H', '1SI', 'A', 15),
(1456, 'CASTRO', 'ARNEDO', 'JOSE ANTONIO', 'H', '1LA', 'A', 15),
(1516, 'CASTRO', 'TORCUATO', 'JOSE IGNACIO', 'H', '2SI', 'B', 15),
(1490, 'CASTRO', 'NARANJO', 'ANGEL', 'H', '2CS', 'B', 15),
(1499, 'PATO', 'MUÑIZ', 'IÑAKI', 'H', '2CX', 'A', 15),
(1501, 'BAU', 'RODRIGUEZ', 'GABRIEL', 'H', '5AD', 'B', 15);

-- --------------------------------------------------------

--
-- Estructura de tabla para la tabla `alumnos_materias`
--

CREATE TABLE `alumnos_materias` (
  `nExpediente` int(4) DEFAULT NULL,
  `idAsignatura` varchar(4) DEFAULT NULL,
  `estado` varchar(1) DEFAULT NULL
) ENGINE=InnoDB DEFAULT CHARSET=utf8;

--
-- Volcado de datos para la tabla `alumnos_materias`
--

INSERT INTO `alumnos_materias` (`nExpediente`, `idAsignatura`, `estado`) VALUES
(4, '0301', 'M'),
(4, '0304', 'A'),
(4, '0306', 'M'),
(4, '0310', 'M'),
(4, '0311', 'M'),
(4, '0313', 'M'),
(4, '0314', 'A'),
(4, '0315', 'M'),
(4, '0318', 'M'),
(4, '0321', 'M'),
(4, '0322', 'M'),
(4, '0331', 'M'),
(4, '0390', 'M'),
(9, '0401', 'M'),
(9, '0404', 'M'),
(9, '0405', 'M'),
(9, '0406', 'M'),
(9, '0413', 'M'),
(9, '0414', 'M'),
(9, '0415', 'M'),
(9, '0419', 'M'),
(9, '0422', 'M'),
(9, '0431', 'M'),
(9, '0432', 'M'),
(9, '0489', 'M'),
(9, '0490', 'M'),
(9, '0494', 'M'),
(9, '4232', 'M'),
(9, '4745', 'M'),
(10, '0401', 'M'),
(10, '0405', 'M'),
(10, '0406', 'M'),
(10, '0410', 'M'),
(10, '0411', 'M'),
(10, '0413', 'M'),
(10, '0414', 'M'),
(10, '0415', 'M'),
(10, '0418', 'M'),
(10, '0422', 'M'),
(10, '0431', 'M'),
(10, '0489', 'M'),
(10, '0494', 'M'),
(10, '0495', 'M'),
(25, '0104', 'M'),
(25, '0106', 'M'),
(25, '1102', 'M'),
(25, '1362', 'M'),
(25, '1363', 'M'),
(25, '1364', 'M'),
(25, '1365', 'M'),
(25, '1367', 'M'),
(25, '1591', 'M'),
(26, '0106', 'M'),
(26, '1102', 'M'),
(26, '1362', 'M'),
(26, '1363', 'M'),
(26, '1364', 'M'),
(26, '1365', 'M'),
(26, '1367', 'A'),
(26, '1591', 'M'),
(27, '2377', 'M'),
(28, '0104', 'M'),
(28, '0106', 'M'),
(28, '1188', 'M'),
(28, '1367', 'M'),
(28, '1588', 'M'),
(28, '1591', 'M'),
(28, '1993', 'M'),
(29, '2102', 'M'),
(29, '2107', 'M'),
(29, '2197', 'M'),
(29, '2377', 'M'),
(29, '2587', 'M'),
(29, '2589', 'M'),
(30, '0506', 'M'),
(30, '0518', 'M'),
(30, '0520', 'M'),
(30, '0522', 'M'),
(30, '5010', 'M'),
(30, '5023', 'A'),
(30, '5024', 'M'),
(30, '5025', 'M'),
(30, '5080', 'M'),
(30, '5287', 'M'),
(31, '0518', 'M'),
(31, '0520', 'M'),
(31, '0522', 'A'),
(31, '5010', 'M'),
(31, '5023', 'M'),
(31, '5024', 'M'),
(31, '5025', 'M'),
(31, '5080', 'M'),
(31, '5287', 'M'),
(34, '2603', 'M'),
(34, '2605', 'M'),
(34, '2606', 'M'),
(37, '0124', 'M'),
(37, '0128', 'M'),
(37, '0131', 'M'),
(37, '0194', 'M'),
(37, '1234', 'M'),
(38, '0118', 'M'),
(38, '0128', 'M'),
(38, '0131', 'M'),
(38, '0194', 'M'),
(38, '1232', 'M'),
(39, '0201', 'M'),
(39, '0206', 'M'),
(39, '0233', 'M'),
(39, '0294', 'M'),
(39, '2008', 'M'),
(39, '2243', 'M'),
(40, '0101', 'M'),
(40, '0104', 'M'),
(40, '0106', 'M'),
(40, '0113', 'M'),
(40, '0118', 'M'),
(40, '0121', 'M'),
(40, '3771', 'M'),
(41, '0506', 'M'),
(41, '5009', 'M'),
(41, '5010', 'M'),
(41, '5013', 'M'),
(41, '5022', 'M'),
(41, '5080', 'M'),
(41, '5097', 'M'),
(41, '5286', 'M'),
(43, '0106', 'M'),
(43, '1102', 'M'),
(43, '1188', 'M'),
(43, '1591', 'M'),
(47, '1607', 'M'),
(47, '1609', 'M'),
(47, '1611', 'M'),
(47, '1612', 'M'),
(48, '1102', 'M'),
(48, '1608', 'M'),
(48, '2610', 'M'),
(56, '0301', 'M'),
(56, '0304', 'M'),
(56, '0306', 'M'),
(56, '0310', 'M'),
(56, '0311', 'M'),
(56, '0313', 'M'),
(56, '0314', 'M'),
(56, '0315', 'M'),
(56, '0318', 'M'),
(56, '0321', 'M'),
(56, '0322', 'A'),
(56, '0390', 'M'),
(56, '0394', 'M'),
(56, '3355', 'M'),
(56, '3761', 'M'),
(57, '0401', 'A'),
(57, '0405', 'M'),
(57, '0406', 'M'),
(57, '0413', 'M'),
(57, '0414', 'M'),
(57, '0415', 'M'),
(57, '0419', 'M'),
(57, '0422', 'M'),
(57, '0431', 'A'),
(57, '0432', 'M'),
(57, '0489', 'M'),
(57, '4232', 'M'),
(57, '4745', 'M'),
(59, '0401', 'M'),
(59, '0405', 'M'),
(59, '0406', 'M'),
(59, '0410', 'M'),
(59, '0411', 'M'),
(59, '0413', 'M'),
(59, '0414', 'M'),
(59, '0415', 'M'),
(59, '0418', 'M'),
(59, '0422', 'M'),
(59, '0431', 'M'),
(59, '0489', 'M'),
(59, '0494', 'M'),
(59, '0495', 'M'),
(60, '0113', 'M'),
(60, '0401', 'M'),
(60, '0404', 'M'),
(60, '0405', 'M'),
(60, '0406', 'M'),
(60, '0410', 'M'),
(60, '0411', 'M'),
(60, '0413', 'M'),
(60, '0414', 'M'),
(60, '0415', 'M'),
(60, '0418', 'M'),
(60, '0422', 'M'),
(60, '0464', 'M'),
(60, '0489', 'M'),
(60, '4480', 'M'),
(60, '4481', 'M'),
(61, '0401', 'M'),
(61, '0405', 'M'),
(61, '0406', 'M'),
(61, '0413', 'M'),
(61, '0414', 'M'),
(61, '0415', 'M'),
(61, '0418', 'M'),
(61, '0422', 'M'),
(61, '0431', 'M'),
(61, '0489', 'M'),
(61, '0494', 'M'),
(61, '0495', 'M'),
(61, '4232', 'M'),
(62, '0101', 'M'),
(62, '0106', 'M'),
(62, '0114', 'M'),
(62, '0118', 'M'),
(62, '0122', 'M'),
(62, '0128', 'M'),
(62, '0131', 'M'),
(62, '0132', 'M'),
(62, '0194', 'M'),
(62, '1232', 'M'),
(63, '0101', 'M'),
(63, '0106', 'M'),
(63, '0114', 'M'),
(63, '0115', 'M'),
(63, '0118', 'M'),
(63, '0122', 'M'),
(63, '0128', 'M'),
(63, '0131', 'M'),
(63, '0132', 'M'),
(63, '0191', 'M'),
(63, '0194', 'M'),
(63, '1232', 'M'),
(65, '0101', 'M'),
(65, '0106', 'M'),
(65, '0114', 'M'),
(65, '0122', 'M'),
(65, '0128', 'M'),
(65, '0131', 'M'),
(65, '0194', 'M'),
(65, '1021', 'M'),
(65, '1234', 'M'),
(65, '1236', 'M'),
(66, '0101', 'M'),
(66, '0106', 'M'),
(66, '0114', 'M'),
(66, '0115', 'M'),
(66, '0122', 'M'),
(66, '0128', 'M'),
(66, '0131', 'M'),
(66, '0194', 'M'),
(66, '1021', 'M'),
(66, '1234', 'M'),
(66, '1236', 'M'),
(66, '1241', 'M'),
(67, '0201', 'M'),
(67, '0206', 'M'),
(67, '0212', 'M'),
(67, '0214', 'M'),
(67, '0215', 'M'),
(67, '0218', 'M'),
(67, '0222', 'M'),
(67, '0233', 'M'),
(67, '0235', 'M'),
(67, '0294', 'M'),
(67, '2008', 'M'),
(67, '2243', 'M'),
(68, '0201', 'M'),
(68, '0206', 'M'),
(68, '0212', 'M'),
(68, '0214', 'M'),
(68, '0215', 'M'),
(68, '0222', 'M'),
(68, '0234', 'M'),
(68, '0236', 'M'),
(68, '0294', 'M'),
(68, '2008', 'M'),
(68, '2233', 'M'),
(68, '2243', 'M'),
(69, '0201', 'M'),
(69, '0206', 'M'),
(69, '0212', 'M'),
(69, '0214', 'M'),
(69, '0215', 'M'),
(69, '0222', 'M'),
(69, '0234', 'M'),
(69, '0236', 'M'),
(69, '0238', 'M'),
(69, '0294', 'M'),
(69, '2233', 'M'),
(69, '2249', 'M'),
(70, '0201', 'M'),
(70, '0206', 'M'),
(70, '0212', 'M'),
(70, '0215', 'M'),
(70, '0222', 'M'),
(70, '0275', 'M'),
(70, '0294', 'M'),
(70, '2189', 'M'),
(70, '2236', 'M'),
(70, '2237', 'M'),
(70, '2243', 'M'),
(70, '2262', 'M'),
(71, '0201', 'M'),
(71, '0204', 'M'),
(71, '0206', 'M'),
(71, '0212', 'M'),
(71, '0214', 'M'),
(71, '0215', 'M'),
(71, '0222', 'M'),
(71, '0275', 'M'),
(71, '0292', 'M'),
(71, '0294', 'M'),
(71, '2189', 'M'),
(71, '2236', 'M'),
(71, '2237', 'M'),
(71, '2243', 'M'),
(71, '2262', 'M'),
(72, '1102', 'M'),
(72, '1315', 'M'),
(72, '1348', 'M'),
(72, '1997', 'M'),
(75, '0106', 'M'),
(75, '1102', 'M'),
(75, '1362', 'M'),
(75, '1363', 'M'),
(75, '1364', 'M'),
(75, '1365', 'M'),
(75, '1367', 'M'),
(75, '1591', 'M'),
(76, '2377', 'A'),
(77, '0104', 'M'),
(77, '0106', 'A'),
(77, '1188', 'M'),
(77, '1367', 'M'),
(77, '1588', 'M'),
(77, '1591', 'M'),
(77, '1993', 'M'),
(78, '2102', 'M'),
(78, '2107', 'M'),
(78, '2197', 'M'),
(78, '2377', 'M'),
(78, '2587', 'M'),
(78, '2589', 'M'),
(80, '0518', 'M'),
(80, '0520', 'M'),
(80, '0522', 'M'),
(80, '5010', 'M'),
(80, '5023', 'A'),
(80, '5024', 'M'),
(80, '5025', 'M'),
(80, '5080', 'M'),
(80, '5287', 'M'),
(81, '1102', 'A'),
(81, '1440', 'M'),
(81, '1479', 'M'),
(81, '1601', 'M'),
(81, '1602', 'A'),
(81, '1604', 'M'),
(84, '1102', 'M'),
(84, '1607', 'M'),
(84, '1608', 'M'),
(84, '1609', 'M'),
(84, '1610', 'M'),
(84, '1611', 'M'),
(84, '1612', 'M'),
(85, '2377', 'M'),
(91, '0104', 'M'),
(91, '0106', 'M'),
(91, '1102', 'M'),
(91, '1188', 'M'),
(91, '1591', 'M'),
(92, '0106', 'M'),
(92, '1102', 'M'),
(92, '1188', 'M'),
(92, '1591', 'M'),
(93, '1102', 'M'),
(93, '1479', 'M'),
(93, '1601', 'M'),
(93, '1602', 'M'),
(94, '1440', 'M'),
(94, '1479', 'M'),
(94, '1601', 'M'),
(94, '1602', 'M'),
(95, '2603', 'M'),
(95, '2604', 'M'),
(95, '2605', 'M'),
(96, '1607', 'M'),
(96, '1609', 'M'),
(96, '1611', 'M'),
(96, '1612', 'M'),
(97, '1102', 'M'),
(97, '1608', 'M'),
(97, '2610', 'M'),
(98, '0101', 'M'),
(98, '0106', 'M'),
(98, '0110', 'M'),
(98, '0111', 'M'),
(98, '0113', 'M'),
(98, '0114', 'M'),
(98, '0115', 'M'),
(98, '0118', 'M'),
(98, '0121', 'M'),
(98, '0122', 'M'),
(98, '0190', 'M'),
(98, '0194', 'M'),
(98, '1355', 'M'),
(98, '1761', 'M'),
(100, '0301', 'M'),
(100, '0306', 'M'),
(100, '0310', 'M'),
(100, '0311', 'M'),
(100, '0313', 'M'),
(100, '0314', 'M'),
(100, '0315', 'M'),
(100, '0318', 'A'),
(100, '0321', 'M'),
(100, '0322', 'M'),
(100, '0390', 'M'),
(100, '0394', 'M'),
(101, '0301', 'M'),
(101, '0306', 'M'),
(101, '0310', 'M'),
(101, '0311', 'M'),
(101, '0313', 'M'),
(101, '0314', 'M'),
(101, '0315', 'M'),
(101, '0318', 'M'),
(101, '0321', 'M'),
(101, '0322', 'M'),
(101, '0331', 'M'),
(101, '0390', 'M'),
(105, '0301', 'M'),
(105, '0304', 'M'),
(105, '0306', 'M'),
(105, '0310', 'M'),
(105, '0311', 'M'),
(105, '0313', 'A'),
(105, '0314', 'M'),
(105, '0315', 'M'),
(105, '0318', 'M'),
(105, '0321', 'M'),
(105, '0322', 'M'),
(105, '0390', 'M'),
(105, '0394', 'M'),
(105, '3355', 'M'),
(105, '3761', 'M'),
(106, '0401', 'M'),
(106, '0405', 'M'),
(106, '0406', 'M'),
(106, '0413', 'M'),
(106, '0414', 'M'),
(106, '0415', 'M'),
(106, '0419', 'M'),
(106, '0422', 'A'),
(106, '0431', 'M'),
(106, '0432', 'A'),
(106, '0489', 'M'),
(106, '4232', 'A'),
(106, '4745', 'M'),
(107, '0401', 'A'),
(107, '0404', 'M'),
(107, '0405', 'M'),
(107, '0406', 'M'),
(107, '0413', 'M'),
(107, '0414', 'M'),
(107, '0415', 'M'),
(107, '0419', 'M'),
(107, '0422', 'M'),
(107, '0431', 'A'),
(107, '0432', 'M'),
(107, '0489', 'M'),
(107, '0490', 'M'),
(107, '0494', 'M'),
(107, '4232', 'M'),
(107, '4745', 'M'),
(108, '0401', 'M'),
(108, '0405', 'M'),
(108, '0406', 'M'),
(108, '0410', 'A'),
(108, '0411', 'M'),
(108, '0413', 'M'),
(108, '0414', 'M'),
(108, '0415', 'M'),
(108, '0418', 'M'),
(108, '0422', 'M'),
(108, '0431', 'M'),
(108, '0489', 'M'),
(108, '0494', 'M'),
(108, '0495', 'M'),
(111, '0101', 'M'),
(111, '0106', 'M'),
(111, '0114', 'M'),
(111, '0118', 'M'),
(111, '0122', 'M'),
(111, '0128', 'M'),
(111, '0131', 'M'),
(111, '0132', 'M'),
(111, '0194', 'M'),
(111, '1232', 'M'),
(113, '0101', 'M'),
(113, '0106', 'M'),
(113, '0114', 'M'),
(113, '0115', 'M'),
(113, '0122', 'M'),
(113, '0124', 'M'),
(113, '0126', 'M'),
(113, '0128', 'M'),
(113, '0131', 'M'),
(113, '0194', 'M'),
(113, '1234', 'M'),
(113, '1241', 'M'),
(114, '0101', 'M'),
(114, '0106', 'M'),
(114, '0114', 'M'),
(114, '0122', 'M'),
(114, '0128', 'M'),
(114, '0131', 'M'),
(114, '0194', 'M'),
(114, '1021', 'M'),
(114, '1234', 'M'),
(114, '1236', 'M'),
(115, '0101', 'M'),
(115, '0106', 'M'),
(115, '0114', 'M'),
(115, '0115', 'M'),
(115, '0122', 'M'),
(115, '0128', 'M'),
(115, '0131', 'M'),
(115, '0194', 'M'),
(115, '1021', 'M'),
(115, '1234', 'M'),
(115, '1236', 'M'),
(115, '1241', 'M'),
(116, '0201', 'M'),
(116, '0206', 'M'),
(116, '0212', 'M'),
(116, '0214', 'M'),
(116, '0215', 'M'),
(116, '0218', 'M'),
(116, '0222', 'M'),
(116, '0233', 'M'),
(116, '0235', 'M'),
(116, '0294', 'M'),
(116, '2008', 'M'),
(116, '2243', 'M'),
(118, '0201', 'M'),
(118, '0206', 'M'),
(118, '0212', 'M'),
(118, '0214', 'M'),
(118, '0215', 'M'),
(118, '0222', 'M'),
(118, '0234', 'M'),
(118, '0236', 'M'),
(118, '0238', 'M'),
(118, '0294', 'M'),
(118, '2233', 'M'),
(118, '2249', 'M'),
(119, '0201', 'M'),
(119, '0206', 'M'),
(119, '0212', 'M'),
(119, '0215', 'M'),
(119, '0222', 'M'),
(119, '0275', 'M'),
(119, '0294', 'M'),
(119, '2189', 'M'),
(119, '2236', 'M'),
(119, '2237', 'M'),
(119, '2243', 'M'),
(119, '2262', 'M'),
(124, '0106', 'M'),
(124, '1102', 'M'),
(124, '1362', 'M'),
(124, '1363', 'M'),
(124, '1364', 'M'),
(124, '1365', 'M'),
(124, '1367', 'M'),
(124, '1591', 'M'),
(128, '0506', 'M'),
(128, '0518', 'M'),
(128, '0520', 'M'),
(128, '0522', 'M'),
(128, '5010', 'M'),
(128, '5023', 'M'),
(128, '5024', 'M'),
(128, '5025', 'A'),
(128, '5080', 'M'),
(128, '5287', 'M'),
(132, '2603', 'M'),
(132, '2605', 'M'),
(132, '2606', 'M'),
(133, '1102', 'M'),
(133, '1607', 'M'),
(133, '1608', 'M'),
(133, '1609', 'M'),
(133, '1610', 'A'),
(133, '1611', 'M'),
(133, '1612', 'M'),
(134, '2377', 'M'),
(135, '0124', 'M'),
(135, '0128', 'M'),
(135, '0131', 'M'),
(135, '0194', 'M'),
(135, '1234', 'M'),
(136, '0118', 'M'),
(136, '0128', 'M'),
(136, '0131', 'M'),
(136, '0194', 'M'),
(136, '1232', 'M'),
(138, '0101', 'M'),
(138, '0104', 'M'),
(138, '0106', 'M'),
(138, '0113', 'M'),
(138, '0118', 'M'),
(138, '0121', 'M'),
(138, '3771', 'M'),
(144, '2603', 'M'),
(144, '2604', 'M'),
(144, '2605', 'M'),
(146, '1102', 'M'),
(146, '1608', 'M'),
(146, '2610', 'M'),
(150, '0301', 'M'),
(150, '0306', 'M'),
(150, '0310', 'M'),
(150, '0311', 'M'),
(150, '0313', 'M'),
(150, '0314', 'M'),
(150, '0315', 'M'),
(150, '0318', 'A'),
(150, '0321', 'M'),
(150, '0322', 'M'),
(150, '0331', 'M'),
(150, '0390', 'M'),
(151, '0301', 'M'),
(151, '0304', 'M'),
(151, '0306', 'M'),
(151, '0310', 'M'),
(151, '0311', 'M'),
(151, '0313', 'M'),
(151, '0314', 'M'),
(151, '0315', 'M'),
(151, '0318', 'M'),
(151, '0321', 'M'),
(151, '0322', 'M'),
(151, '0331', 'M'),
(151, '0390', 'M'),
(152, '0301', 'M'),
(152, '0306', 'A'),
(152, '0310', 'M'),
(152, '0311', 'M'),
(152, '0313', 'M'),
(152, '0315', 'M'),
(152, '0318', 'M'),
(152, '0321', 'M'),
(152, '0322', 'M'),
(152, '0390', 'M'),
(152, '3355', 'M'),
(152, '3761', 'M'),
(153, '0301', 'M'),
(153, '0306', 'M'),
(153, '0310', 'M'),
(153, '0311', 'M'),
(153, '0313', 'M'),
(153, '0314', 'M'),
(153, '0318', 'M'),
(153, '0321', 'M'),
(153, '0322', 'M'),
(153, '0390', 'M'),
(153, '3761', 'M'),
(154, '0301', 'M'),
(154, '0304', 'A'),
(154, '0306', 'M'),
(154, '0310', 'M'),
(154, '0311', 'M'),
(154, '0313', 'M'),
(154, '0314', 'A'),
(154, '0315', 'M'),
(154, '0318', 'M'),
(154, '0321', 'M'),
(154, '0322', 'M'),
(154, '0390', 'M'),
(154, '0394', 'A'),
(154, '3355', 'M'),
(154, '3761', 'M'),
(166, '0201', 'M'),
(166, '0206', 'M'),
(166, '0212', 'M'),
(166, '0214', 'M'),
(166, '0215', 'M'),
(166, '0222', 'M'),
(166, '0234', 'M'),
(166, '0236', 'M'),
(166, '0294', 'M'),
(166, '2008', 'M'),
(166, '2233', 'M'),
(166, '2243', 'M'),
(167, '0201', 'M'),
(167, '0206', 'M'),
(167, '0212', 'M'),
(167, '0214', 'M'),
(167, '0215', 'M'),
(167, '0222', 'M'),
(167, '0234', 'M'),
(167, '0236', 'M'),
(167, '0238', 'M'),
(167, '0294', 'M'),
(167, '2233', 'M'),
(167, '2249', 'M'),
(172, '0104', 'M'),
(172, '0106', 'M'),
(172, '1102', 'M'),
(172, '1362', 'M'),
(172, '1363', 'M'),
(172, '1364', 'M'),
(172, '1365', 'M'),
(172, '1367', 'M'),
(172, '1591', 'M'),
(173, '0106', 'M'),
(173, '1102', 'M'),
(173, '1362', 'M'),
(173, '1363', 'M'),
(173, '1364', 'M'),
(173, '1365', 'M'),
(173, '1367', 'M'),
(173, '1591', 'M'),
(174, '2377', 'M'),
(175, '0104', 'M'),
(175, '0106', 'M'),
(175, '1188', 'A'),
(175, '1367', 'M'),
(175, '1588', 'A'),
(175, '1591', 'M'),
(175, '1993', 'M'),
(176, '2102', 'M'),
(176, '2107', 'A'),
(176, '2197', 'A'),
(176, '2377', 'A'),
(176, '2587', 'A'),
(176, '2589', 'M'),
(178, '0518', 'M'),
(178, '0520', 'M'),
(178, '0522', 'M'),
(178, '5010', 'M'),
(178, '5023', 'M'),
(178, '5024', 'M'),
(178, '5025', 'A'),
(178, '5080', 'M'),
(178, '5287', 'M'),
(181, '2603', 'M'),
(181, '2605', 'M'),
(181, '2606', 'M'),
(183, '2377', 'M'),
(192, '1440', 'M'),
(192, '1479', 'M'),
(192, '1601', 'M'),
(192, '1602', 'M'),
(193, '2603', 'M'),
(193, '2604', 'M'),
(193, '2605', 'M'),
(202, '0301', 'M'),
(202, '0306', 'A'),
(202, '0310', 'M'),
(202, '0311', 'M'),
(202, '0313', 'M'),
(202, '0314', 'M'),
(202, '0318', 'M'),
(202, '0321', 'M'),
(202, '0322', 'M'),
(202, '0390', 'M'),
(202, '3761', 'M'),
(203, '0301', 'M'),
(203, '0304', 'M'),
(203, '0306', 'M'),
(203, '0310', 'M'),
(203, '0311', 'M'),
(203, '0313', 'M'),
(203, '0314', 'M'),
(203, '0315', 'A'),
(203, '0318', 'M'),
(203, '0321', 'M'),
(203, '0322', 'M'),
(203, '0390', 'M'),
(203, '0394', 'M'),
(203, '3355', 'A'),
(203, '3761', 'M'),
(204, '0401', 'M'),
(204, '0405', 'M'),
(204, '0406', 'M'),
(204, '0413', 'M'),
(204, '0414', 'A'),
(204, '0415', 'M'),
(204, '0419', 'M'),
(204, '0422', 'M'),
(204, '0431', 'M'),
(204, '0432', 'M'),
(204, '0489', 'M'),
(204, '4232', 'M'),
(204, '4745', 'M'),
(205, '0401', 'M'),
(205, '0404', 'M'),
(205, '0405', 'M'),
(205, '0406', 'M'),
(205, '0413', 'A'),
(205, '0414', 'M'),
(205, '0415', 'M'),
(205, '0419', 'M'),
(205, '0422', 'M'),
(205, '0431', 'M'),
(205, '0432', 'M'),
(205, '0489', 'M'),
(205, '0490', 'M'),
(205, '0494', 'M'),
(205, '4232', 'M'),
(205, '4745', 'M'),
(209, '0101', 'M'),
(209, '0106', 'M'),
(209, '0114', 'M'),
(209, '0118', 'M'),
(209, '0122', 'M'),
(209, '0128', 'M'),
(209, '0131', 'M'),
(209, '0132', 'M'),
(209, '0194', 'M'),
(209, '1232', 'M'),
(210, '0101', 'M'),
(210, '0106', 'M'),
(210, '0114', 'M'),
(210, '0115', 'M'),
(210, '0118', 'M'),
(210, '0122', 'M'),
(210, '0128', 'M'),
(210, '0131', 'M'),
(210, '0132', 'M'),
(210, '0191', 'M'),
(210, '0194', 'M'),
(210, '1232', 'M'),
(211, '0101', 'M'),
(211, '0106', 'M'),
(211, '0114', 'M'),
(211, '0115', 'M'),
(211, '0122', 'M'),
(211, '0124', 'M'),
(211, '0126', 'M'),
(211, '0128', 'M'),
(211, '0131', 'M'),
(211, '0194', 'M'),
(211, '1234', 'M'),
(211, '1241', 'M'),
(212, '0101', 'M'),
(212, '0106', 'M'),
(212, '0114', 'M'),
(212, '0122', 'M'),
(212, '0128', 'M'),
(212, '0131', 'M'),
(212, '0194', 'M'),
(212, '1021', 'M'),
(212, '1234', 'M'),
(212, '1236', 'M'),
(213, '0101', 'M'),
(213, '0106', 'M'),
(213, '0114', 'M'),
(213, '0115', 'M'),
(213, '0122', 'M'),
(213, '0128', 'M'),
(213, '0131', 'M'),
(213, '0194', 'M'),
(213, '1021', 'M'),
(213, '1234', 'M'),
(213, '1236', 'M'),
(213, '1241', 'M'),
(214, '0201', 'M'),
(214, '0206', 'M'),
(214, '0212', 'M'),
(214, '0214', 'M'),
(214, '0215', 'M'),
(214, '0218', 'M'),
(214, '0222', 'M'),
(214, '0233', 'M'),
(214, '0235', 'M'),
(214, '0294', 'M'),
(214, '2008', 'M'),
(214, '2243', 'M'),
(215, '0201', 'M'),
(215, '0206', 'M'),
(215, '0212', 'M'),
(215, '0214', 'M'),
(215, '0215', 'M'),
(215, '0222', 'M'),
(215, '0234', 'M'),
(215, '0236', 'M'),
(215, '0294', 'M'),
(215, '2008', 'M'),
(215, '2233', 'M'),
(215, '2243', 'M'),
(216, '0201', 'M'),
(216, '0206', 'M'),
(216, '0212', 'M'),
(216, '0214', 'M'),
(216, '0215', 'M'),
(216, '0222', 'M'),
(216, '0234', 'M'),
(216, '0236', 'M'),
(216, '0238', 'M'),
(216, '0294', 'M'),
(216, '2233', 'M'),
(216, '2249', 'M'),
(217, '0201', 'M'),
(217, '0206', 'M'),
(217, '0212', 'M'),
(217, '0215', 'M'),
(217, '0222', 'M'),
(217, '0275', 'M'),
(217, '0294', 'M'),
(217, '2189', 'M'),
(217, '2236', 'M'),
(217, '2237', 'M'),
(217, '2243', 'M'),
(217, '2262', 'M'),
(219, '1102', 'M'),
(219, '1315', 'M'),
(219, '1348', 'M'),
(219, '1997', 'M'),
(221, '0104', 'M'),
(221, '0106', 'M'),
(221, '1102', 'M'),
(221, '1362', 'M'),
(221, '1363', 'M'),
(221, '1364', 'M'),
(221, '1365', 'M'),
(221, '1367', 'M'),
(221, '1591', 'M'),
(223, '2377', 'M'),
(224, '0104', 'M'),
(224, '0106', 'M'),
(224, '1188', 'M'),
(224, '1367', 'M'),
(224, '1588', 'M'),
(224, '1591', 'M'),
(224, '1993', 'M'),
(225, '2102', 'M'),
(225, '2107', 'M'),
(225, '2197', 'M'),
(225, '2377', 'M'),
(225, '2587', 'M'),
(225, '2589', 'M'),
(226, '0506', 'M'),
(226, '0518', 'M'),
(226, '0520', 'M'),
(226, '0522', 'M'),
(226, '5010', 'M'),
(226, '5023', 'M'),
(226, '5024', 'M'),
(226, '5025', 'M'),
(226, '5080', 'M'),
(226, '5287', 'A'),
(233, '0124', 'M'),
(233, '0128', 'M'),
(233, '0131', 'M'),
(233, '0194', 'M'),
(233, '1234', 'M'),
(242, '2603', 'M'),
(242, '2604', 'M'),
(242, '2605', 'M'),
(243, '1607', 'M'),
(243, '1609', 'M'),
(243, '1611', 'M'),
(243, '1612', 'M'),
(244, '1102', 'M'),
(244, '1608', 'M'),
(244, '2610', 'M'),
(246, '0201', 'M'),
(246, '0206', 'M'),
(246, '0210', 'M'),
(246, '0211', 'M'),
(246, '0213', 'M'),
(246, '0214', 'M'),
(246, '0215', 'M'),
(246, '0218', 'M'),
(246, '0221', 'M'),
(246, '0222', 'M'),
(246, '0290', 'M'),
(246, '0294', 'M'),
(246, '2355', 'M'),
(246, '2761', 'M'),
(247, '0301', 'M'),
(247, '0306', 'M'),
(247, '0310', 'M'),
(247, '0311', 'M'),
(247, '0313', 'M'),
(247, '0314', 'M'),
(247, '0315', 'M'),
(247, '0318', 'M'),
(247, '0321', 'M'),
(247, '0322', 'M'),
(247, '0390', 'M'),
(247, '0394', 'M'),
(248, '0301', 'M'),
(248, '0306', 'M'),
(248, '0310', 'M'),
(248, '0311', 'M'),
(248, '0313', 'M'),
(248, '0314', 'M'),
(248, '0315', 'M'),
(248, '0318', 'M'),
(248, '0321', 'M'),
(248, '0322', 'M'),
(248, '0331', 'M'),
(248, '0390', 'M'),
(249, '0301', 'M'),
(249, '0304', 'M'),
(249, '0306', 'M'),
(249, '0310', 'M'),
(249, '0311', 'M'),
(249, '0313', 'M'),
(249, '0314', 'M'),
(249, '0315', 'M'),
(249, '0318', 'M'),
(249, '0321', 'M'),
(249, '0322', 'M'),
(249, '0331', 'M'),
(249, '0390', 'M'),
(252, '0301', 'M'),
(252, '0304', 'M'),
(252, '0306', 'A'),
(252, '0310', 'M'),
(252, '0311', 'M'),
(252, '0313', 'M'),
(252, '0314', 'M'),
(252, '0315', 'M'),
(252, '0318', 'M'),
(252, '0321', 'M'),
(252, '0322', 'M'),
(252, '0390', 'M'),
(252, '0394', 'M'),
(252, '3355', 'M'),
(252, '3761', 'M'),
(253, '0401', 'M'),
(253, '0405', 'A'),
(253, '0406', 'M'),
(253, '0413', 'M'),
(253, '0414', 'M'),
(253, '0415', 'A'),
(253, '0419', 'M'),
(253, '0422', 'M'),
(253, '0431', 'M'),
(253, '0432', 'M'),
(253, '0489', 'M'),
(253, '4232', 'M'),
(253, '4745', 'A'),
(254, '0401', 'M'),
(254, '0404', 'A'),
(254, '0405', 'M'),
(254, '0406', 'M'),
(254, '0413', 'M'),
(254, '0414', 'A'),
(254, '0415', 'M'),
(254, '0419', 'M'),
(254, '0422', 'M'),
(254, '0431', 'M'),
(254, '0432', 'M'),
(254, '0489', 'M'),
(254, '0490', 'M'),
(254, '0494', 'A'),
(254, '4232', 'M'),
(254, '4745', 'M'),
(255, '0401', 'M'),
(255, '0405', 'M'),
(255, '0406', 'M'),
(255, '0410', 'M'),
(255, '0411', 'M'),
(255, '0413', 'A'),
(255, '0414', 'M'),
(255, '0415', 'M'),
(255, '0418', 'M'),
(255, '0422', 'M'),
(255, '0431', 'M'),
(255, '0489', 'M'),
(255, '0494', 'M'),
(255, '0495', 'M'),
(258, '0101', 'M'),
(258, '0106', 'M'),
(258, '0114', 'M'),
(258, '0118', 'M'),
(258, '0122', 'M'),
(258, '0128', 'M'),
(258, '0131', 'M'),
(258, '0132', 'M'),
(258, '0194', 'M'),
(258, '1232', 'M'),
(259, '0101', 'M'),
(259, '0106', 'M'),
(259, '0114', 'M'),
(259, '0115', 'M'),
(259, '0118', 'M'),
(259, '0122', 'M'),
(259, '0128', 'M'),
(259, '0131', 'M'),
(259, '0132', 'M'),
(259, '0191', 'M'),
(259, '0194', 'M'),
(259, '1232', 'M'),
(260, '0101', 'M'),
(260, '0106', 'M'),
(260, '0114', 'M'),
(260, '0115', 'M'),
(260, '0122', 'M'),
(260, '0124', 'M'),
(260, '0126', 'M'),
(260, '0128', 'M'),
(260, '0131', 'M'),
(260, '0194', 'M'),
(260, '1234', 'M'),
(260, '1241', 'M'),
(264, '0201', 'M'),
(264, '0206', 'M'),
(264, '0212', 'M'),
(264, '0214', 'M'),
(264, '0215', 'M'),
(264, '0222', 'M'),
(264, '0234', 'M'),
(264, '0236', 'M'),
(264, '0294', 'M'),
(264, '2008', 'M'),
(264, '2233', 'M'),
(264, '2243', 'M'),
(265, '0201', 'M'),
(265, '0206', 'M'),
(265, '0212', 'M'),
(265, '0214', 'M'),
(265, '0215', 'M'),
(265, '0222', 'M'),
(265, '0234', 'M'),
(265, '0236', 'M'),
(265, '0238', 'M'),
(265, '0294', 'M'),
(265, '2233', 'M'),
(265, '2249', 'M'),
(267, '0201', 'M'),
(267, '0204', 'M'),
(267, '0206', 'M'),
(267, '0212', 'M'),
(267, '0214', 'M'),
(267, '0215', 'M'),
(267, '0222', 'M'),
(267, '0275', 'M'),
(267, '0292', 'M'),
(267, '0294', 'M'),
(267, '2189', 'M'),
(267, '2236', 'M'),
(267, '2237', 'M'),
(267, '2243', 'M'),
(267, '2262', 'M'),
(268, '1102', 'M'),
(268, '1315', 'M'),
(268, '1348', 'M'),
(268, '1997', 'M'),
(282, '0124', 'M'),
(282, '0128', 'M'),
(282, '0131', 'A'),
(282, '0194', 'M'),
(282, '1234', 'M'),
(286, '0506', 'M'),
(286, '5009', 'M'),
(286, '5010', 'M'),
(286, '5013', 'M'),
(286, '5022', 'M'),
(286, '5080', 'M'),
(286, '5097', 'M'),
(286, '5286', 'M'),
(290, '1440', 'M'),
(290, '1479', 'M'),
(290, '1601', 'M'),
(290, '1602', 'M'),
(291, '2603', 'M'),
(291, '2604', 'M'),
(291, '2605', 'M'),
(292, '1607', 'M'),
(292, '1609', 'M'),
(292, '1611', 'M'),
(292, '1612', 'M'),
(293, '1102', 'M'),
(293, '1608', 'M'),
(293, '2610', 'M'),
(294, '0101', 'M'),
(294, '0106', 'M'),
(294, '0110', 'M'),
(294, '0111', 'M'),
(294, '0113', 'M'),
(294, '0114', 'M'),
(294, '0115', 'M'),
(294, '0118', 'M'),
(294, '0121', 'M'),
(294, '0122', 'M'),
(294, '0190', 'M'),
(294, '0194', 'M'),
(294, '1355', 'M'),
(294, '1761', 'M'),
(295, '0201', 'M'),
(295, '0206', 'M'),
(295, '0210', 'M'),
(295, '0211', 'M'),
(295, '0213', 'M'),
(295, '0214', 'M'),
(295, '0215', 'M'),
(295, '0218', 'M'),
(295, '0221', 'M'),
(295, '0222', 'M'),
(295, '0290', 'M'),
(295, '0294', 'M'),
(295, '2355', 'M'),
(295, '2761', 'M'),
(297, '0301', 'M'),
(297, '0306', 'M'),
(297, '0310', 'M'),
(297, '0311', 'M'),
(297, '0313', 'M'),
(297, '0314', 'M'),
(297, '0315', 'M'),
(297, '0318', 'M'),
(297, '0321', 'M'),
(297, '0322', 'M'),
(297, '0331', 'M'),
(297, '0390', 'M'),
(298, '0301', 'M'),
(298, '0304', 'M'),
(298, '0306', 'M'),
(298, '0310', 'M'),
(298, '0311', 'M'),
(298, '0313', 'M'),
(298, '0314', 'M'),
(298, '0315', 'M'),
(298, '0318', 'M'),
(298, '0321', 'M'),
(298, '0322', 'M'),
(298, '0331', 'M'),
(298, '0390', 'M'),
(299, '0301', 'M'),
(299, '0306', 'M'),
(299, '0310', 'M'),
(299, '0311', 'M'),
(299, '0313', 'M'),
(299, '0315', 'M'),
(299, '0318', 'M'),
(299, '0321', 'M'),
(299, '0322', 'M'),
(299, '0390', 'M'),
(299, '3355', 'M'),
(299, '3761', 'M'),
(300, '0301', 'M'),
(300, '0306', 'M'),
(300, '0310', 'M'),
(300, '0311', 'M'),
(300, '0313', 'M'),
(300, '0314', 'M'),
(300, '0318', 'A'),
(300, '0321', 'M'),
(300, '0322', 'M'),
(300, '0390', 'M'),
(300, '3761', 'M'),
(301, '0301', 'M'),
(301, '0304', 'M'),
(301, '0306', 'M'),
(301, '0310', 'M'),
(301, '0311', 'M'),
(301, '0313', 'M'),
(301, '0314', 'M'),
(301, '0315', 'M'),
(301, '0318', 'M'),
(301, '0321', 'M'),
(301, '0322', 'M'),
(301, '0390', 'M'),
(301, '0394', 'M'),
(301, '3355', 'M'),
(301, '3761', 'M'),
(303, '0401', 'M'),
(303, '0404', 'M'),
(303, '0405', 'A'),
(303, '0406', 'M'),
(303, '0413', 'M'),
(303, '0414', 'M'),
(303, '0415', 'A'),
(303, '0419', 'M'),
(303, '0422', 'M'),
(303, '0431', 'M'),
(303, '0432', 'M'),
(303, '0489', 'M'),
(303, '0490', 'M'),
(303, '0494', 'M'),
(303, '4232', 'M'),
(303, '4745', 'A'),
(305, '0113', 'A'),
(305, '0401', 'M'),
(305, '0404', 'M'),
(305, '0405', 'M'),
(305, '0406', 'M'),
(305, '0410', 'M'),
(305, '0411', 'M'),
(305, '0413', 'A'),
(305, '0414', 'M'),
(305, '0415', 'M'),
(305, '0418', 'M'),
(305, '0422', 'M'),
(305, '0464', 'M'),
(305, '0489', 'M'),
(305, '4480', 'M'),
(305, '4481', 'M'),
(306, '0401', 'M'),
(306, '0405', 'M'),
(306, '0406', 'M'),
(306, '0413', 'M'),
(306, '0414', 'M'),
(306, '0415', 'M'),
(306, '0418', 'M'),
(306, '0422', 'A'),
(306, '0431', 'M'),
(306, '0489', 'M'),
(306, '0494', 'M'),
(306, '0495', 'M'),
(306, '4232', 'A'),
(307, '0101', 'A'),
(307, '0106', 'M'),
(307, '0114', 'M'),
(307, '0118', 'M'),
(307, '0122', 'M'),
(307, '0128', 'M'),
(307, '0131', 'A'),
(307, '0132', 'M'),
(307, '0194', 'M'),
(307, '1232', 'M'),
(308, '0101', 'M'),
(308, '0106', 'M'),
(308, '0114', 'M'),
(308, '0115', 'M'),
(308, '0118', 'M'),
(308, '0122', 'M'),
(308, '0128', 'M'),
(308, '0131', 'M'),
(308, '0132', 'M'),
(308, '0191', 'M'),
(308, '0194', 'M'),
(308, '1232', 'M'),
(309, '0101', 'M'),
(309, '0106', 'M'),
(309, '0114', 'M'),
(309, '0115', 'M'),
(309, '0122', 'M'),
(309, '0124', 'M'),
(309, '0126', 'M'),
(309, '0128', 'M'),
(309, '0131', 'M'),
(309, '0194', 'M'),
(309, '1234', 'M'),
(309, '1241', 'M'),
(312, '0201', 'M'),
(312, '0206', 'M'),
(312, '0212', 'M'),
(312, '0214', 'M'),
(312, '0215', 'M'),
(312, '0218', 'M'),
(312, '0222', 'M'),
(312, '0233', 'M'),
(312, '0235', 'M'),
(312, '0294', 'M'),
(312, '2008', 'M'),
(312, '2243', 'M'),
(313, '0201', 'M'),
(313, '0206', 'M'),
(313, '0212', 'M'),
(313, '0214', 'M'),
(313, '0215', 'M'),
(313, '0222', 'M'),
(313, '0234', 'M'),
(313, '0236', 'M'),
(313, '0294', 'M'),
(313, '2008', 'M'),
(313, '2233', 'M'),
(313, '2243', 'M'),
(315, '0201', 'M'),
(315, '0206', 'M'),
(315, '0212', 'M'),
(315, '0215', 'M'),
(315, '0222', 'M'),
(315, '0275', 'M'),
(315, '0294', 'M'),
(315, '2189', 'M'),
(315, '2236', 'M'),
(315, '2237', 'M'),
(315, '2243', 'M'),
(315, '2262', 'M'),
(325, '0518', 'A'),
(325, '0520', 'M'),
(325, '0522', 'M'),
(325, '5010', 'M'),
(325, '5023', 'M'),
(325, '5024', 'M'),
(325, '5025', 'M'),
(325, '5080', 'M'),
(325, '5287', 'M'),
(326, '1102', 'M'),
(326, '1440', 'M'),
(326, '1479', 'M'),
(326, '1601', 'M'),
(326, '1602', 'M'),
(326, '1604', 'M'),
(327, '1102', 'M'),
(327, '1440', 'M'),
(327, '1479', 'M'),
(327, '1601', 'M'),
(327, '1602', 'M'),
(327, '1604', 'M'),
(328, '2603', 'M'),
(328, '2605', 'A'),
(328, '2606', 'M'),
(329, '1102', 'M'),
(329, '1607', 'M'),
(329, '1608', 'M'),
(329, '1609', 'M'),
(329, '1610', 'M'),
(329, '1611', 'M'),
(329, '1612', 'M'),
(331, '0124', 'M'),
(331, '0128', 'M'),
(331, '0131', 'M'),
(331, '0194', 'M'),
(331, '1234', 'M'),
(334, '0101', 'M'),
(334, '0104', 'M'),
(334, '0106', 'M'),
(334, '0113', 'M'),
(334, '0118', 'M'),
(334, '0121', 'M'),
(334, '3771', 'M'),
(336, '0104', 'M'),
(336, '0106', 'M'),
(336, '1102', 'M'),
(336, '1188', 'M'),
(336, '1591', 'M'),
(337, '0106', 'M'),
(337, '1102', 'M'),
(337, '1188', 'M'),
(337, '1591', 'M'),
(338, '1102', 'M'),
(338, '1479', 'M'),
(338, '1601', 'M'),
(338, '1602', 'M'),
(339, '1440', 'M'),
(339, '1479', 'M'),
(339, '1601', 'M'),
(339, '1602', 'M'),
(340, '2603', 'M'),
(340, '2604', 'M'),
(340, '2605', 'M'),
(341, '1607', 'M'),
(341, '1609', 'M'),
(341, '1611', 'M'),
(341, '1612', 'M'),
(342, '1102', 'M'),
(342, '1608', 'M'),
(342, '2610', 'M'),
(344, '0201', 'M'),
(344, '0206', 'M'),
(344, '0210', 'M'),
(344, '0211', 'M'),
(344, '0213', 'M'),
(344, '0214', 'M'),
(344, '0215', 'M'),
(344, '0218', 'M'),
(344, '0221', 'M'),
(344, '0222', 'M'),
(344, '0290', 'M'),
(344, '0294', 'M'),
(344, '2355', 'M'),
(344, '2761', 'M'),
(345, '0301', 'M'),
(345, '0306', 'M'),
(345, '0310', 'M'),
(345, '0311', 'M'),
(345, '0313', 'M'),
(345, '0314', 'M'),
(345, '0315', 'M'),
(345, '0318', 'M'),
(345, '0321', 'M'),
(345, '0322', 'M'),
(345, '0390', 'M'),
(345, '0394', 'M'),
(346, '0301', 'M'),
(346, '0306', 'M'),
(346, '0310', 'M'),
(346, '0311', 'M'),
(346, '0313', 'M'),
(346, '0314', 'M'),
(346, '0315', 'M'),
(346, '0318', 'M'),
(346, '0321', 'M'),
(346, '0322', 'M'),
(346, '0331', 'M'),
(346, '0390', 'M'),
(350, '0301', 'M'),
(350, '0304', 'M'),
(350, '0306', 'M'),
(350, '0310', 'M'),
(350, '0311', 'M'),
(350, '0313', 'M'),
(350, '0314', 'M'),
(350, '0315', 'M'),
(350, '0318', 'A'),
(350, '0321', 'M'),
(350, '0322', 'M'),
(350, '0390', 'M'),
(350, '0394', 'M'),
(350, '3355', 'M'),
(350, '3761', 'M'),
(351, '0401', 'M'),
(351, '0405', 'M'),
(351, '0406', 'M'),
(351, '0413', 'M'),
(351, '0414', 'M'),
(351, '0415', 'M'),
(351, '0419', 'M'),
(351, '0422', 'M'),
(351, '0431', 'M'),
(351, '0432', 'M'),
(351, '0489', 'M'),
(351, '4232', 'M'),
(351, '4745', 'M'),
(357, '0101', 'A'),
(357, '0106', 'M'),
(357, '0114', 'M'),
(357, '0115', 'M'),
(357, '0118', 'M'),
(357, '0122', 'M'),
(357, '0128', 'M'),
(357, '0131', 'A'),
(357, '0132', 'M'),
(357, '0191', 'A'),
(357, '0194', 'M'),
(357, '1232', 'M'),
(358, '0101', 'M'),
(358, '0106', 'M'),
(358, '0114', 'M'),
(358, '0115', 'M'),
(358, '0122', 'M'),
(358, '0124', 'M'),
(358, '0126', 'M'),
(358, '0128', 'M'),
(358, '0131', 'M'),
(358, '0194', 'M'),
(358, '1234', 'M'),
(358, '1241', 'M'),
(363, '0201', 'M'),
(363, '0206', 'M'),
(363, '0212', 'M'),
(363, '0214', 'M'),
(363, '0215', 'M'),
(363, '0222', 'M'),
(363, '0234', 'M'),
(363, '0236', 'M'),
(363, '0238', 'M'),
(363, '0294', 'M'),
(363, '2233', 'M'),
(363, '2249', 'M'),
(366, '1102', 'M'),
(366, '1315', 'M'),
(366, '1348', 'M'),
(366, '1997', 'M'),
(367, '1102', 'M'),
(367, '1315', 'M'),
(367, '1348', 'M'),
(367, '1997', 'M'),
(368, '0104', 'M'),
(368, '0106', 'M'),
(368, '1102', 'M'),
(368, '1362', 'M'),
(368, '1363', 'M'),
(368, '1364', 'M'),
(368, '1365', 'M'),
(368, '1367', 'M'),
(368, '1591', 'M'),
(369, '0106', 'M'),
(369, '1102', 'M'),
(369, '1362', 'M'),
(369, '1363', 'M'),
(369, '1364', 'M'),
(369, '1365', 'M'),
(369, '1367', 'M'),
(369, '1591', 'M'),
(370, '2377', 'M'),
(371, '0104', 'M'),
(371, '0106', 'M'),
(371, '1188', 'M'),
(371, '1367', 'M'),
(371, '1588', 'M'),
(371, '1591', 'M'),
(371, '1993', 'M'),
(372, '2102', 'M'),
(372, '2107', 'M'),
(372, '2197', 'M'),
(372, '2377', 'M'),
(372, '2587', 'M'),
(372, '2589', 'M'),
(373, '0506', 'M'),
(373, '0518', 'M'),
(373, '0520', 'M'),
(373, '0522', 'M'),
(373, '5010', 'M'),
(373, '5023', 'M'),
(373, '5024', 'M'),
(373, '5025', 'M'),
(373, '5080', 'M'),
(373, '5287', 'M'),
(375, '1102', 'M'),
(375, '1440', 'M'),
(375, '1479', 'M'),
(375, '1601', 'M'),
(375, '1602', 'M'),
(375, '1604', 'M'),
(376, '1102', 'M'),
(376, '1440', 'M'),
(376, '1479', 'M'),
(376, '1601', 'M'),
(376, '1602', 'M'),
(376, '1604', 'M'),
(377, '2603', 'M'),
(377, '2605', 'M'),
(377, '2606', 'A'),
(379, '2377', 'M'),
(385, '0104', 'M'),
(385, '0106', 'M'),
(385, '1102', 'M'),
(385, '1188', 'M'),
(385, '1591', 'M'),
(386, '0106', 'M'),
(386, '1102', 'M'),
(386, '1188', 'M'),
(386, '1591', 'M'),
(387, '1102', 'M'),
(387, '1479', 'M'),
(387, '1601', 'M'),
(387, '1602', 'M'),
(388, '1440', 'M'),
(388, '1479', 'M'),
(388, '1601', 'M'),
(388, '1602', 'M'),
(392, '0101', 'M'),
(392, '0106', 'M'),
(392, '0110', 'M'),
(392, '0111', 'M'),
(392, '0113', 'M'),
(392, '0114', 'M'),
(392, '0115', 'M'),
(392, '0118', 'M'),
(392, '0121', 'M'),
(392, '0122', 'M'),
(392, '0190', 'M'),
(392, '0194', 'M'),
(392, '1355', 'M'),
(392, '1761', 'M'),
(393, '0201', 'M'),
(393, '0206', 'M'),
(393, '0210', 'M'),
(393, '0211', 'M'),
(393, '0213', 'M'),
(393, '0214', 'M'),
(393, '0215', 'M'),
(393, '0218', 'M'),
(393, '0221', 'M'),
(393, '0222', 'M'),
(393, '0290', 'M'),
(393, '0294', 'M'),
(393, '2355', 'M'),
(393, '2761', 'M'),
(394, '0301', 'M'),
(394, '0306', 'M'),
(394, '0310', 'M'),
(394, '0311', 'M'),
(394, '0313', 'M'),
(394, '0314', 'M'),
(394, '0315', 'M'),
(394, '0318', 'M'),
(394, '0321', 'M'),
(394, '0322', 'M'),
(394, '0390', 'M'),
(394, '0394', 'M'),
(398, '0301', 'M'),
(398, '0306', 'M'),
(398, '0310', 'M'),
(398, '0311', 'M'),
(398, '0313', 'M'),
(398, '0314', 'M'),
(398, '0318', 'M'),
(398, '0321', 'M'),
(398, '0322', 'M'),
(398, '0390', 'M'),
(398, '3761', 'M'),
(399, '0301', 'M'),
(399, '0304', 'M'),
(399, '0306', 'M'),
(399, '0310', 'M'),
(399, '0311', 'M'),
(399, '0313', 'M'),
(399, '0314', 'M'),
(399, '0315', 'M'),
(399, '0318', 'M'),
(399, '0321', 'M'),
(399, '0322', 'M'),
(399, '0390', 'M'),
(399, '0394', 'M'),
(399, '3355', 'M'),
(399, '3761', 'M'),
(400, '0401', 'M'),
(400, '0405', 'M'),
(400, '0406', 'M'),
(400, '0413', 'M'),
(400, '0414', 'M'),
(400, '0415', 'M'),
(400, '0419', 'M'),
(400, '0422', 'M'),
(400, '0431', 'M'),
(400, '0432', 'M'),
(400, '0489', 'M'),
(400, '4232', 'M'),
(400, '4745', 'M'),
(401, '0401', 'M'),
(401, '0404', 'M'),
(401, '0405', 'M'),
(401, '0406', 'M'),
(401, '0413', 'M'),
(401, '0414', 'M'),
(401, '0415', 'M'),
(401, '0419', 'M'),
(401, '0422', 'M'),
(401, '0431', 'M'),
(401, '0432', 'M'),
(401, '0489', 'M'),
(401, '0490', 'M'),
(401, '0494', 'M'),
(401, '4232', 'M'),
(401, '4745', 'M'),
(402, '0401', 'M'),
(402, '0405', 'M'),
(402, '0406', 'A'),
(402, '0410', 'M'),
(402, '0411', 'M'),
(402, '0413', 'M'),
(402, '0414', 'M'),
(402, '0415', 'M'),
(402, '0418', 'M'),
(402, '0422', 'M'),
(402, '0431', 'M'),
(402, '0489', 'M'),
(402, '0494', 'M'),
(402, '0495', 'M'),
(403, '0113', 'M'),
(403, '0401', 'M'),
(403, '0404', 'M'),
(403, '0405', 'A'),
(403, '0406', 'M'),
(403, '0410', 'M'),
(403, '0411', 'M'),
(403, '0413', 'M'),
(403, '0414', 'M'),
(403, '0415', 'A'),
(403, '0418', 'M'),
(403, '0422', 'M'),
(403, '0464', 'M'),
(403, '0489', 'M'),
(403, '4480', 'M'),
(403, '4481', 'M'),
(411, '0201', 'M'),
(411, '0206', 'M'),
(411, '0212', 'M'),
(411, '0214', 'M'),
(411, '0215', 'M'),
(411, '0222', 'M'),
(411, '0234', 'M'),
(411, '0236', 'M'),
(411, '0294', 'M'),
(411, '2008', 'M'),
(411, '2233', 'M'),
(411, '2243', 'M'),
(412, '0201', 'M'),
(412, '0206', 'M'),
(412, '0212', 'M'),
(412, '0214', 'M'),
(412, '0215', 'M'),
(412, '0222', 'M'),
(412, '0234', 'M'),
(412, '0236', 'M'),
(412, '0238', 'M'),
(412, '0294', 'M'),
(412, '2233', 'M'),
(412, '2249', 'M'),
(413, '0201', 'M'),
(413, '0206', 'M'),
(413, '0212', 'M'),
(413, '0215', 'M'),
(413, '0222', 'M'),
(413, '0275', 'M'),
(413, '0294', 'M'),
(413, '2189', 'M'),
(413, '2236', 'M'),
(413, '2237', 'M'),
(413, '2243', 'M'),
(413, '2262', 'M'),
(414, '0201', 'M'),
(414, '0204', 'M'),
(414, '0206', 'M'),
(414, '0212', 'M'),
(414, '0214', 'M'),
(414, '0215', 'M'),
(414, '0222', 'M'),
(414, '0275', 'M'),
(414, '0292', 'M'),
(414, '0294', 'M'),
(414, '2189', 'M'),
(414, '2236', 'M'),
(414, '2237', 'M'),
(414, '2243', 'M'),
(414, '2262', 'M'),
(415, '1102', 'M'),
(415, '1315', 'M'),
(415, '1348', 'M'),
(415, '1997', 'M'),
(416, '1102', 'M'),
(416, '1315', 'M'),
(416, '1348', 'M'),
(416, '1997', 'M'),
(423, '0518', 'M'),
(423, '0520', 'M'),
(423, '0522', 'M'),
(423, '5010', 'M'),
(423, '5023', 'M'),
(423, '5024', 'M'),
(423, '5025', 'M'),
(423, '5080', 'M'),
(423, '5287', 'M'),
(425, '1102', 'M'),
(425, '1440', 'M'),
(425, '1479', 'M'),
(425, '1601', 'M'),
(425, '1602', 'M'),
(425, '1604', 'M'),
(426, '2603', 'M'),
(426, '2605', 'M'),
(426, '2606', 'M'),
(427, '1102', 'M'),
(427, '1607', 'M'),
(427, '1608', 'M'),
(427, '1609', 'M'),
(427, '1610', 'M'),
(427, '1611', 'M'),
(427, '1612', 'M'),
(428, '2377', 'M'),
(429, '0124', 'A'),
(429, '0128', 'M'),
(429, '0131', 'M'),
(429, '0194', 'A'),
(429, '1234', 'A'),
(430, '0118', 'M'),
(430, '0128', 'M'),
(430, '0131', 'M'),
(430, '0194', 'M'),
(430, '1232', 'M'),
(433, '0506', 'M'),
(433, '5009', 'M'),
(433, '5010', 'A'),
(433, '5013', 'M'),
(433, '5022', 'M'),
(433, '5080', 'A'),
(433, '5097', 'M'),
(433, '5286', 'M'),
(436, '1102', 'M'),
(436, '1479', 'M'),
(436, '1601', 'M'),
(436, '1602', 'M'),
(438, '2603', 'M'),
(438, '2604', 'M'),
(438, '2605', 'M'),
(442, '0201', 'M'),
(442, '0206', 'M'),
(442, '0210', 'M'),
(442, '0211', 'M'),
(442, '0213', 'M'),
(442, '0214', 'M'),
(442, '0215', 'M'),
(442, '0218', 'M'),
(442, '0221', 'M'),
(442, '0222', 'M'),
(442, '0290', 'M'),
(442, '0294', 'M'),
(442, '2355', 'M'),
(442, '2761', 'M'),
(443, '0301', 'M'),
(443, '0306', 'M'),
(443, '0310', 'M'),
(443, '0311', 'M'),
(443, '0313', 'M'),
(443, '0314', 'M'),
(443, '0315', 'M'),
(443, '0318', 'M'),
(443, '0321', 'M'),
(443, '0322', 'M'),
(443, '0390', 'M'),
(443, '0394', 'M'),
(445, '0301', 'M'),
(445, '0304', 'M'),
(445, '0306', 'M'),
(445, '0310', 'M'),
(445, '0311', 'M'),
(445, '0313', 'M'),
(445, '0314', 'M'),
(445, '0315', 'M'),
(445, '0318', 'M'),
(445, '0321', 'M'),
(445, '0322', 'M'),
(445, '0331', 'M'),
(445, '0390', 'M'),
(446, '0301', 'M'),
(446, '0306', 'M'),
(446, '0310', 'M'),
(446, '0311', 'M'),
(446, '0313', 'M'),
(446, '0315', 'M'),
(446, '0318', 'M'),
(446, '0321', 'M'),
(446, '0322', 'M'),
(446, '0390', 'M'),
(446, '3355', 'M'),
(446, '3761', 'M'),
(447, '0301', 'M'),
(447, '0306', 'M'),
(447, '0310', 'M'),
(447, '0311', 'M'),
(447, '0313', 'M'),
(447, '0314', 'M'),
(447, '0318', 'M'),
(447, '0321', 'M'),
(447, '0322', 'M'),
(447, '0390', 'M'),
(447, '3761', 'M'),
(448, '0301', 'M'),
(448, '0304', 'M'),
(448, '0306', 'M'),
(448, '0310', 'M'),
(448, '0311', 'M'),
(448, '0313', 'M'),
(448, '0314', 'M'),
(448, '0315', 'M'),
(448, '0318', 'M'),
(448, '0321', 'M'),
(448, '0322', 'M'),
(448, '0390', 'M'),
(448, '0394', 'M'),
(448, '3355', 'M'),
(448, '3761', 'M'),
(449, '0401', 'M'),
(449, '0405', 'M'),
(449, '0406', 'M'),
(449, '0413', 'M'),
(449, '0414', 'M'),
(449, '0415', 'M'),
(449, '0419', 'A'),
(449, '0422', 'M'),
(449, '0431', 'M'),
(449, '0432', 'M'),
(449, '0489', 'A'),
(449, '4232', 'M'),
(449, '4745', 'M'),
(456, '0101', 'M'),
(456, '0106', 'M'),
(456, '0114', 'M'),
(456, '0115', 'M'),
(456, '0122', 'A'),
(456, '0124', 'M'),
(456, '0126', 'M'),
(456, '0128', 'M'),
(456, '0131', 'M'),
(456, '0194', 'M'),
(456, '1234', 'M'),
(456, '1241', 'M'),
(458, '0101', 'M'),
(458, '0106', 'M'),
(458, '0114', 'M'),
(458, '0115', 'M'),
(458, '0122', 'M'),
(458, '0128', 'M'),
(458, '0131', 'M'),
(458, '0194', 'M'),
(458, '1021', 'M'),
(458, '1234', 'M'),
(458, '1236', 'M'),
(458, '1241', 'M'),
(459, '0201', 'M'),
(459, '0206', 'M'),
(459, '0212', 'M'),
(459, '0214', 'M'),
(459, '0215', 'M'),
(459, '0218', 'M'),
(459, '0222', 'M'),
(459, '0233', 'M'),
(459, '0235', 'M'),
(459, '0294', 'M'),
(459, '2008', 'M'),
(459, '2243', 'M'),
(461, '0201', 'M'),
(461, '0206', 'M'),
(461, '0212', 'M'),
(461, '0214', 'M'),
(461, '0215', 'M'),
(461, '0222', 'M'),
(461, '0234', 'M'),
(461, '0236', 'M'),
(461, '0238', 'M'),
(461, '0294', 'M'),
(461, '2233', 'M'),
(461, '2249', 'M'),
(463, '0201', 'M'),
(463, '0204', 'M'),
(463, '0206', 'M'),
(463, '0212', 'M'),
(463, '0214', 'M'),
(463, '0215', 'M'),
(463, '0222', 'M'),
(463, '0275', 'M'),
(463, '0292', 'M'),
(463, '0294', 'M'),
(463, '2189', 'M'),
(463, '2236', 'M'),
(463, '2237', 'M'),
(463, '2243', 'M'),
(463, '2262', 'M'),
(467, '0106', 'M'),
(467, '1102', 'M'),
(467, '1362', 'M'),
(467, '1363', 'M'),
(467, '1364', 'M'),
(467, '1365', 'M'),
(467, '1367', 'M'),
(467, '1591', 'M'),
(468, '2377', 'M'),
(469, '0104', 'M'),
(469, '0106', 'M'),
(469, '1188', 'M'),
(469, '1367', 'M'),
(469, '1588', 'M'),
(469, '1591', 'M'),
(469, '1993', 'M'),
(470, '2102', 'M'),
(470, '2107', 'M'),
(470, '2197', 'M'),
(470, '2377', 'M'),
(470, '2587', 'M'),
(470, '2589', 'M'),
(471, '0506', 'M'),
(471, '0518', 'M'),
(471, '0520', 'M'),
(471, '0522', 'M'),
(471, '5010', 'M'),
(471, '5023', 'M'),
(471, '5024', 'M'),
(471, '5025', 'M'),
(471, '5080', 'M'),
(471, '5287', 'M'),
(472, '0518', 'M'),
(472, '0520', 'M'),
(472, '0522', 'M'),
(472, '5010', 'M'),
(472, '5023', 'M'),
(472, '5024', 'M'),
(472, '5025', 'M'),
(472, '5080', 'M'),
(472, '5287', 'M'),
(473, '1102', 'M'),
(473, '1440', 'M'),
(473, '1479', 'M'),
(473, '1601', 'M'),
(473, '1602', 'M'),
(473, '1604', 'M'),
(474, '1102', 'M'),
(474, '1440', 'M'),
(474, '1479', 'A'),
(474, '1601', 'M'),
(474, '1602', 'M'),
(474, '1604', 'M'),
(475, '2603', 'M'),
(475, '2605', 'M'),
(475, '2606', 'M'),
(476, '1102', 'M'),
(476, '1607', 'A'),
(476, '1608', 'M'),
(476, '1609', 'M'),
(476, '1610', 'M'),
(476, '1611', 'M'),
(476, '1612', 'M'),
(477, '2377', 'M'),
(478, '0124', 'M'),
(478, '0128', 'M'),
(478, '0131', 'M'),
(478, '0194', 'M'),
(478, '1234', 'M'),
(479, '0118', 'M'),
(479, '0128', 'M'),
(479, '0131', 'M'),
(479, '0194', 'A'),
(479, '1232', 'M'),
(483, '0104', 'M'),
(483, '0106', 'M'),
(483, '1102', 'M'),
(483, '1188', 'M'),
(483, '1591', 'M'),
(484, '0106', 'M'),
(484, '1102', 'M'),
(484, '1188', 'M'),
(484, '1591', 'M'),
(490, '0101', 'M'),
(490, '0106', 'M'),
(490, '0110', 'M'),
(490, '0111', 'M'),
(490, '0113', 'M'),
(490, '0114', 'M'),
(490, '0115', 'M'),
(490, '0118', 'M'),
(490, '0121', 'M'),
(490, '0122', 'M'),
(490, '0190', 'M'),
(490, '0194', 'M'),
(490, '1355', 'M'),
(490, '1761', 'M'),
(492, '0301', 'M'),
(492, '0306', 'M'),
(492, '0310', 'M'),
(492, '0311', 'M'),
(492, '0313', 'M'),
(492, '0314', 'M'),
(492, '0315', 'M'),
(492, '0318', 'M'),
(492, '0321', 'M'),
(492, '0322', 'M'),
(492, '0390', 'M'),
(492, '0394', 'M'),
(493, '0301', 'M'),
(493, '0306', 'M'),
(493, '0310', 'M'),
(493, '0311', 'M'),
(493, '0313', 'M'),
(493, '0314', 'M'),
(493, '0315', 'M'),
(493, '0318', 'M'),
(493, '0321', 'M'),
(493, '0322', 'M'),
(493, '0331', 'M'),
(493, '0390', 'M'),
(494, '0301', 'M'),
(494, '0304', 'M'),
(494, '0306', 'M'),
(494, '0310', 'M'),
(494, '0311', 'M'),
(494, '0313', 'M'),
(494, '0314', 'M'),
(494, '0315', 'M'),
(494, '0318', 'M'),
(494, '0321', 'M'),
(494, '0322', 'M'),
(494, '0331', 'M'),
(494, '0390', 'M'),
(496, '0301', 'M'),
(496, '0306', 'M'),
(496, '0310', 'M'),
(496, '0311', 'M'),
(496, '0313', 'M'),
(496, '0314', 'M'),
(496, '0318', 'M'),
(496, '0321', 'M'),
(496, '0322', 'M'),
(496, '0390', 'M'),
(496, '3761', 'M'),
(497, '0301', 'M'),
(497, '0304', 'M'),
(497, '0306', 'M'),
(497, '0310', 'M'),
(497, '0311', 'M'),
(497, '0313', 'M'),
(497, '0314', 'M'),
(497, '0315', 'M'),
(497, '0318', 'M'),
(497, '0321', 'M'),
(497, '0322', 'M'),
(497, '0390', 'M'),
(497, '0394', 'M'),
(497, '3355', 'M'),
(497, '3761', 'M'),
(498, '0401', 'M'),
(498, '0405', 'M'),
(498, '0406', 'M'),
(498, '0413', 'M'),
(498, '0414', 'M'),
(498, '0415', 'M'),
(498, '0419', 'M'),
(498, '0422', 'M'),
(498, '0431', 'M'),
(498, '0432', 'M'),
(498, '0489', 'M'),
(498, '4232', 'M'),
(498, '4745', 'M'),
(499, '0401', 'M'),
(499, '0404', 'M'),
(499, '0405', 'M'),
(499, '0406', 'M'),
(499, '0413', 'M'),
(499, '0414', 'M'),
(499, '0415', 'M'),
(499, '0419', 'A'),
(499, '0422', 'M'),
(499, '0431', 'M'),
(499, '0432', 'M'),
(499, '0489', 'A'),
(499, '0490', 'M'),
(499, '0494', 'M'),
(499, '4232', 'M'),
(499, '4745', 'M'),
(500, '0401', 'M'),
(500, '0405', 'M'),
(500, '0406', 'M'),
(500, '0410', 'M'),
(500, '0411', 'M'),
(500, '0413', 'M'),
(500, '0414', 'M'),
(500, '0415', 'M'),
(500, '0418', 'A'),
(500, '0422', 'M'),
(500, '0431', 'M'),
(500, '0489', 'M'),
(500, '0494', 'M'),
(500, '0495', 'M'),
(501, '0113', 'M'),
(501, '0401', 'M'),
(501, '0404', 'M'),
(501, '0405', 'M'),
(501, '0406', 'M'),
(501, '0410', 'M'),
(501, '0411', 'M'),
(501, '0413', 'M'),
(501, '0414', 'M'),
(501, '0415', 'M'),
(501, '0418', 'M'),
(501, '0422', 'M'),
(501, '0464', 'M'),
(501, '0489', 'M'),
(501, '4480', 'M'),
(501, '4481', 'M'),
(502, '0401', 'M'),
(502, '0405', 'M'),
(502, '0406', 'A'),
(502, '0413', 'M'),
(502, '0414', 'M'),
(502, '0415', 'M'),
(502, '0418', 'M'),
(502, '0422', 'M'),
(502, '0431', 'M'),
(502, '0489', 'M'),
(502, '0494', 'M'),
(502, '0495', 'M'),
(502, '4232', 'M'),
(503, '0101', 'M'),
(503, '0106', 'M'),
(503, '0114', 'M'),
(503, '0118', 'M'),
(503, '0122', 'M'),
(503, '0128', 'M'),
(503, '0131', 'M'),
(503, '0132', 'M'),
(503, '0194', 'M'),
(503, '1232', 'M'),
(504, '0101', 'M'),
(504, '0106', 'M'),
(504, '0114', 'A'),
(504, '0115', 'M'),
(504, '0118', 'M'),
(504, '0122', 'M'),
(504, '0128', 'M'),
(504, '0131', 'M'),
(504, '0132', 'M'),
(504, '0191', 'M'),
(504, '0194', 'A'),
(504, '1232', 'M'),
(506, '0101', 'M'),
(506, '0106', 'M'),
(506, '0114', 'M'),
(506, '0122', 'A'),
(506, '0128', 'M'),
(506, '0131', 'M'),
(506, '0194', 'M'),
(506, '1021', 'M'),
(506, '1234', 'M'),
(506, '1236', 'M'),
(507, '0101', 'A'),
(507, '0106', 'M'),
(507, '0114', 'M'),
(507, '0115', 'M'),
(507, '0122', 'M'),
(507, '0128', 'M'),
(507, '0131', 'A'),
(507, '0194', 'M'),
(507, '1021', 'A'),
(507, '1234', 'M'),
(507, '1236', 'M'),
(507, '1241', 'A'),
(508, '0201', 'M'),
(508, '0206', 'M'),
(508, '0212', 'M'),
(508, '0214', 'M'),
(508, '0215', 'M'),
(508, '0218', 'M'),
(508, '0222', 'M'),
(508, '0233', 'M'),
(508, '0235', 'M'),
(508, '0294', 'M'),
(508, '2008', 'M'),
(508, '2243', 'M'),
(509, '0201', 'M'),
(509, '0206', 'M'),
(509, '0212', 'M'),
(509, '0214', 'M'),
(509, '0215', 'M'),
(509, '0222', 'M'),
(509, '0234', 'M'),
(509, '0236', 'M'),
(509, '0294', 'M'),
(509, '2008', 'M'),
(509, '2233', 'M'),
(509, '2243', 'M'),
(510, '0201', 'M'),
(510, '0206', 'M'),
(510, '0212', 'M'),
(510, '0214', 'M'),
(510, '0215', 'M'),
(510, '0222', 'M'),
(510, '0234', 'M'),
(510, '0236', 'M'),
(510, '0238', 'M'),
(510, '0294', 'M'),
(510, '2233', 'M'),
(510, '2249', 'M'),
(516, '0106', 'M'),
(516, '1102', 'M'),
(516, '1362', 'M'),
(516, '1363', 'M'),
(516, '1364', 'M'),
(516, '1365', 'M'),
(516, '1367', 'M'),
(516, '1591', 'M'),
(517, '2377', 'M'),
(518, '0104', 'M'),
(518, '0106', 'M'),
(518, '1188', 'M'),
(518, '1367', 'M'),
(518, '1588', 'M'),
(518, '1591', 'M'),
(518, '1993', 'M'),
(519, '2102', 'M'),
(519, '2107', 'M'),
(519, '2197', 'M'),
(519, '2377', 'M'),
(519, '2587', 'M'),
(519, '2589', 'M'),
(523, '1102', 'M'),
(523, '1440', 'M'),
(523, '1479', 'M'),
(523, '1601', 'M'),
(523, '1602', 'M'),
(523, '1604', 'M'),
(530, '0101', 'M'),
(530, '0104', 'M'),
(530, '0106', 'M'),
(530, '0113', 'A'),
(530, '0118', 'M'),
(530, '0121', 'M'),
(530, '3771', 'M'),
(536, '2603', 'M'),
(536, '2604', 'M'),
(536, '2605', 'M'),
(537, '1607', 'M'),
(537, '1609', 'M'),
(537, '1611', 'M'),
(537, '1612', 'M'),
(538, '1102', 'M'),
(538, '1608', 'M'),
(538, '2610', 'M'),
(539, '0101', 'M'),
(539, '0106', 'M'),
(539, '0110', 'M'),
(539, '0111', 'M'),
(539, '0113', 'M'),
(539, '0114', 'M'),
(539, '0115', 'M'),
(539, '0118', 'M'),
(539, '0121', 'M'),
(539, '0122', 'M'),
(539, '0190', 'M'),
(539, '0194', 'M'),
(539, '1355', 'M'),
(539, '1761', 'M'),
(540, '0201', 'M'),
(540, '0206', 'M'),
(540, '0210', 'M'),
(540, '0211', 'M'),
(540, '0213', 'M'),
(540, '0214', 'M'),
(540, '0215', 'M'),
(540, '0218', 'M'),
(540, '0221', 'M'),
(540, '0222', 'M'),
(540, '0290', 'M'),
(540, '0294', 'M'),
(540, '2355', 'M'),
(540, '2761', 'M'),
(541, '0301', 'M'),
(541, '0306', 'M'),
(541, '0310', 'M'),
(541, '0311', 'M'),
(541, '0313', 'M'),
(541, '0314', 'M'),
(541, '0315', 'M'),
(541, '0318', 'M'),
(541, '0321', 'M'),
(541, '0322', 'M'),
(541, '0390', 'M'),
(541, '0394', 'M'),
(542, '0301', 'M'),
(542, '0306', 'M'),
(542, '0310', 'M'),
(542, '0311', 'M'),
(542, '0313', 'M'),
(542, '0314', 'M'),
(542, '0315', 'M'),
(542, '0318', 'M'),
(542, '0321', 'M'),
(542, '0322', 'M'),
(542, '0331', 'M'),
(542, '0390', 'M'),
(543, '0301', 'M'),
(543, '0304', 'M'),
(543, '0306', 'M'),
(543, '0310', 'M'),
(543, '0311', 'M'),
(543, '0313', 'M'),
(543, '0314', 'M'),
(543, '0315', 'M'),
(543, '0318', 'M'),
(543, '0321', 'M'),
(543, '0322', 'M'),
(543, '0331', 'M'),
(543, '0390', 'M'),
(544, '0301', 'M'),
(544, '0306', 'M'),
(544, '0310', 'M'),
(544, '0311', 'M'),
(544, '0313', 'M'),
(544, '0315', 'M'),
(544, '0318', 'M'),
(544, '0321', 'M'),
(544, '0322', 'M'),
(544, '0390', 'M'),
(544, '3355', 'M'),
(544, '3761', 'M'),
(546, '0301', 'M'),
(546, '0304', 'M'),
(546, '0306', 'M'),
(546, '0310', 'M'),
(546, '0311', 'M'),
(546, '0313', 'M'),
(546, '0314', 'M'),
(546, '0315', 'M'),
(546, '0318', 'M'),
(546, '0321', 'M'),
(546, '0322', 'M'),
(546, '0390', 'M'),
(546, '0394', 'M'),
(546, '3355', 'M'),
(546, '3761', 'M'),
(547, '0401', 'M'),
(547, '0405', 'M'),
(547, '0406', 'M'),
(547, '0413', 'M'),
(547, '0414', 'M'),
(547, '0415', 'M'),
(547, '0419', 'M'),
(547, '0422', 'M'),
(547, '0431', 'M'),
(547, '0432', 'M'),
(547, '0489', 'M'),
(547, '4232', 'M'),
(547, '4745', 'M'),
(548, '0401', 'M'),
(548, '0404', 'M'),
(548, '0405', 'M'),
(548, '0406', 'M'),
(548, '0413', 'M'),
(548, '0414', 'M'),
(548, '0415', 'M'),
(548, '0419', 'M'),
(548, '0422', 'M'),
(548, '0431', 'M'),
(548, '0432', 'M'),
(548, '0489', 'M'),
(548, '0490', 'M'),
(548, '0494', 'M'),
(548, '4232', 'M'),
(548, '4745', 'M'),
(550, '0113', 'M'),
(550, '0401', 'M'),
(550, '0404', 'M'),
(550, '0405', 'M'),
(550, '0406', 'M'),
(550, '0410', 'M'),
(550, '0411', 'M'),
(550, '0413', 'M'),
(550, '0414', 'M'),
(550, '0415', 'M'),
(550, '0418', 'A'),
(550, '0422', 'M'),
(550, '0464', 'M'),
(550, '0489', 'M'),
(550, '4480', 'M'),
(550, '4481', 'M'),
(551, '0401', 'M'),
(551, '0405', 'M'),
(551, '0406', 'M'),
(551, '0413', 'M'),
(551, '0414', 'M'),
(551, '0415', 'M'),
(551, '0418', 'M'),
(551, '0422', 'M'),
(551, '0431', 'M'),
(551, '0489', 'M'),
(551, '0494', 'M'),
(551, '0495', 'M'),
(551, '4232', 'M'),
(554, '0101', 'M'),
(554, '0106', 'M'),
(554, '0114', 'A'),
(554, '0115', 'M'),
(554, '0122', 'M'),
(554, '0124', 'A'),
(554, '0126', 'M'),
(554, '0128', 'M'),
(554, '0131', 'M'),
(554, '0194', 'A'),
(554, '1234', 'A'),
(554, '1241', 'M'),
(555, '0101', 'M'),
(555, '0106', 'M'),
(555, '0114', 'M'),
(555, '0122', 'M'),
(555, '0128', 'M'),
(555, '0131', 'M'),
(555, '0194', 'M'),
(555, '1021', 'M'),
(555, '1234', 'M'),
(555, '1236', 'M'),
(557, '0201', 'A'),
(557, '0206', 'M'),
(557, '0212', 'M'),
(557, '0214', 'M'),
(557, '0215', 'M'),
(557, '0218', 'M'),
(557, '0222', 'M'),
(557, '0233', 'M'),
(557, '0235', 'M'),
(557, '0294', 'M'),
(557, '2008', 'M'),
(557, '2243', 'M'),
(558, '0201', 'M'),
(558, '0206', 'M'),
(558, '0212', 'M'),
(558, '0214', 'M'),
(558, '0215', 'M'),
(558, '0222', 'M'),
(558, '0234', 'M'),
(558, '0236', 'M'),
(558, '0294', 'M'),
(558, '2008', 'M'),
(558, '2233', 'M'),
(558, '2243', 'M'),
(560, '0201', 'M'),
(560, '0206', 'M'),
(560, '0212', 'M'),
(560, '0215', 'M'),
(560, '0222', 'M'),
(560, '0275', 'M'),
(560, '0294', 'M'),
(560, '2189', 'M'),
(560, '2236', 'M'),
(560, '2237', 'M'),
(560, '2243', 'M'),
(560, '2262', 'M'),
(562, '1102', 'M'),
(562, '1315', 'M'),
(562, '1348', 'M'),
(562, '1997', 'M'),
(563, '1102', 'M'),
(563, '1315', 'M'),
(563, '1348', 'M'),
(563, '1997', 'M'),
(566, '2377', 'M'),
(567, '0104', 'M'),
(567, '0106', 'M'),
(567, '1188', 'M'),
(567, '1367', 'M'),
(567, '1588', 'M'),
(567, '1591', 'M'),
(567, '1993', 'M'),
(579, '0101', 'M'),
(579, '0104', 'A'),
(579, '0106', 'M'),
(579, '0113', 'M'),
(579, '0118', 'M'),
(579, '0121', 'M'),
(579, '3771', 'M'),
(580, '0506', 'M'),
(580, '5009', 'M'),
(580, '5010', 'M'),
(580, '5013', 'A'),
(580, '5022', 'M'),
(580, '5080', 'M'),
(580, '5097', 'M'),
(580, '5286', 'M'),
(581, '0104', 'M'),
(581, '0106', 'M'),
(581, '1102', 'A'),
(581, '1188', 'M'),
(581, '1591', 'M'),
(582, '0106', 'M'),
(582, '1102', 'M'),
(582, '1188', 'M'),
(582, '1591', 'A'),
(583, '1102', 'M'),
(583, '1479', 'M'),
(583, '1601', 'M'),
(583, '1602', 'M'),
(584, '1440', 'M'),
(584, '1479', 'M'),
(584, '1601', 'M'),
(584, '1602', 'M'),
(585, '2603', 'M'),
(585, '2604', 'M'),
(585, '2605', 'M'),
(586, '1607', 'M'),
(586, '1609', 'M'),
(586, '1611', 'M'),
(586, '1612', 'M'),
(587, '1102', 'M'),
(587, '1608', 'M'),
(587, '2610', 'M'),
(588, '0101', 'M'),
(588, '0106', 'M'),
(588, '0110', 'M'),
(588, '0111', 'M'),
(588, '0113', 'M'),
(588, '0114', 'M'),
(588, '0115', 'M'),
(588, '0118', 'M'),
(588, '0121', 'M'),
(588, '0122', 'M'),
(588, '0190', 'M'),
(588, '0194', 'M'),
(588, '1355', 'M'),
(588, '1761', 'M'),
(589, '0201', 'M'),
(589, '0206', 'M'),
(589, '0210', 'M'),
(589, '0211', 'M'),
(589, '0213', 'M'),
(589, '0214', 'M'),
(589, '0215', 'M'),
(589, '0218', 'M'),
(589, '0221', 'M'),
(589, '0222', 'M'),
(589, '0290', 'M'),
(589, '0294', 'M'),
(589, '2355', 'M'),
(589, '2761', 'M'),
(591, '0301', 'M'),
(591, '0306', 'M'),
(591, '0310', 'M'),
(591, '0311', 'M'),
(591, '0313', 'M'),
(591, '0314', 'M'),
(591, '0315', 'M'),
(591, '0318', 'M'),
(591, '0321', 'M'),
(591, '0322', 'M'),
(591, '0331', 'M'),
(591, '0390', 'M'),
(592, '0301', 'M'),
(592, '0304', 'M'),
(592, '0306', 'M'),
(592, '0310', 'M'),
(592, '0311', 'M'),
(592, '0313', 'M'),
(592, '0314', 'M'),
(592, '0315', 'M'),
(592, '0318', 'M'),
(592, '0321', 'M'),
(592, '0322', 'M'),
(592, '0331', 'M'),
(592, '0390', 'M'),
(593, '0301', 'M'),
(593, '0306', 'M'),
(593, '0310', 'M'),
(593, '0311', 'M'),
(593, '0313', 'M'),
(593, '0315', 'M'),
(593, '0318', 'M'),
(593, '0321', 'M'),
(593, '0322', 'M'),
(593, '0390', 'M'),
(593, '3355', 'M'),
(593, '3761', 'M'),
(594, '0301', 'M'),
(594, '0306', 'M'),
(594, '0310', 'M'),
(594, '0311', 'M'),
(594, '0313', 'M'),
(594, '0314', 'M'),
(594, '0318', 'M'),
(594, '0321', 'M'),
(594, '0322', 'M'),
(594, '0390', 'M'),
(594, '3761', 'M'),
(595, '0301', 'M'),
(595, '0304', 'M'),
(595, '0306', 'M'),
(595, '0310', 'M'),
(595, '0311', 'M'),
(595, '0313', 'M'),
(595, '0314', 'M'),
(595, '0315', 'M'),
(595, '0318', 'M'),
(595, '0321', 'M'),
(595, '0322', 'M'),
(595, '0390', 'M'),
(595, '0394', 'M'),
(595, '3355', 'M'),
(595, '3761', 'M'),
(596, '0401', 'M'),
(596, '0405', 'M'),
(596, '0406', 'M'),
(596, '0413', 'M'),
(596, '0414', 'M'),
(596, '0415', 'M'),
(596, '0419', 'M'),
(596, '0422', 'M'),
(596, '0431', 'M'),
(596, '0432', 'M'),
(596, '0489', 'M'),
(596, '4232', 'M'),
(596, '4745', 'M'),
(600, '0401', 'M'),
(600, '0405', 'M'),
(600, '0406', 'M'),
(600, '0413', 'M'),
(600, '0414', 'M'),
(600, '0415', 'M'),
(600, '0418', 'A'),
(600, '0422', 'M'),
(600, '0431', 'M'),
(600, '0489', 'M'),
(600, '0494', 'M'),
(600, '0495', 'M'),
(600, '4232', 'M'),
(604, '0101', 'M'),
(604, '0106', 'M'),
(604, '0114', 'A'),
(604, '0122', 'M'),
(604, '0128', 'M'),
(604, '0131', 'M'),
(604, '0194', 'A'),
(604, '1021', 'M'),
(604, '1234', 'A'),
(604, '1236', 'M'),
(608, '0201', 'M'),
(608, '0206', 'M'),
(608, '0212', 'M'),
(608, '0214', 'M'),
(608, '0215', 'M'),
(608, '0222', 'M'),
(608, '0234', 'M'),
(608, '0236', 'M'),
(608, '0238', 'M'),
(608, '0294', 'M'),
(608, '2233', 'M'),
(608, '2249', 'M'),
(609, '0201', 'M'),
(609, '0206', 'M'),
(609, '0212', 'M'),
(609, '0215', 'M'),
(609, '0222', 'M');
INSERT INTO `alumnos_materias` (`nExpediente`, `idAsignatura`, `estado`) VALUES
(609, '0275', 'M'),
(609, '0294', 'M'),
(609, '2189', 'M'),
(609, '2236', 'M'),
(609, '2237', 'M'),
(609, '2243', 'M'),
(609, '2262', 'M'),
(610, '0201', 'M'),
(610, '0204', 'M'),
(610, '0206', 'M'),
(610, '0212', 'M'),
(610, '0214', 'M'),
(610, '0215', 'M'),
(610, '0222', 'M'),
(610, '0275', 'M'),
(610, '0292', 'M'),
(610, '0294', 'M'),
(610, '2189', 'M'),
(610, '2236', 'M'),
(610, '2237', 'M'),
(610, '2243', 'M'),
(610, '2262', 'M'),
(613, '0104', 'M'),
(613, '0106', 'M'),
(613, '1102', 'M'),
(613, '1362', 'M'),
(613, '1363', 'M'),
(613, '1364', 'M'),
(613, '1365', 'M'),
(613, '1367', 'M'),
(613, '1591', 'M'),
(616, '0104', 'M'),
(616, '0106', 'M'),
(616, '1188', 'M'),
(616, '1367', 'M'),
(616, '1588', 'M'),
(616, '1591', 'M'),
(616, '1993', 'M'),
(619, '0518', 'M'),
(619, '0520', 'M'),
(619, '0522', 'M'),
(619, '5010', 'M'),
(619, '5023', 'M'),
(619, '5024', 'M'),
(619, '5025', 'M'),
(619, '5080', 'M'),
(619, '5287', 'M'),
(620, '1102', 'M'),
(620, '1440', 'M'),
(620, '1479', 'M'),
(620, '1601', 'M'),
(620, '1602', 'M'),
(620, '1604', 'M'),
(621, '1102', 'M'),
(621, '1440', 'M'),
(621, '1479', 'M'),
(621, '1601', 'M'),
(621, '1602', 'M'),
(621, '1604', 'M'),
(622, '2603', 'M'),
(622, '2605', 'M'),
(622, '2606', 'M'),
(624, '2377', 'M'),
(628, '0101', 'M'),
(628, '0104', 'M'),
(628, '0106', 'M'),
(628, '0113', 'M'),
(628, '0118', 'M'),
(628, '0121', 'M'),
(628, '3771', 'M'),
(630, '0104', 'M'),
(630, '0106', 'M'),
(630, '1102', 'M'),
(630, '1188', 'M'),
(630, '1591', 'M'),
(631, '0106', 'M'),
(631, '1102', 'A'),
(631, '1188', 'M'),
(631, '1591', 'M'),
(633, '1440', 'A'),
(633, '1479', 'M'),
(633, '1601', 'M'),
(633, '1602', 'M'),
(634, '2603', 'M'),
(634, '2604', 'M'),
(634, '2605', 'M'),
(635, '1607', 'M'),
(635, '1609', 'M'),
(635, '1611', 'M'),
(635, '1612', 'M'),
(636, '1102', 'M'),
(636, '1608', 'M'),
(636, '2610', 'M'),
(639, '0301', 'M'),
(639, '0306', 'M'),
(639, '0310', 'M'),
(639, '0311', 'M'),
(639, '0313', 'M'),
(639, '0314', 'M'),
(639, '0315', 'M'),
(639, '0318', 'M'),
(639, '0321', 'M'),
(639, '0322', 'M'),
(639, '0390', 'M'),
(639, '0394', 'M'),
(640, '0301', 'M'),
(640, '0306', 'M'),
(640, '0310', 'M'),
(640, '0311', 'M'),
(640, '0313', 'M'),
(640, '0314', 'M'),
(640, '0315', 'M'),
(640, '0318', 'M'),
(640, '0321', 'M'),
(640, '0322', 'M'),
(640, '0331', 'M'),
(640, '0390', 'M'),
(642, '0301', 'M'),
(642, '0306', 'M'),
(642, '0310', 'M'),
(642, '0311', 'M'),
(642, '0313', 'M'),
(642, '0315', 'M'),
(642, '0318', 'M'),
(642, '0321', 'M'),
(642, '0322', 'M'),
(642, '0390', 'M'),
(642, '3355', 'M'),
(642, '3761', 'M'),
(644, '0301', 'M'),
(644, '0304', 'M'),
(644, '0306', 'M'),
(644, '0310', 'M'),
(644, '0311', 'M'),
(644, '0313', 'M'),
(644, '0314', 'M'),
(644, '0315', 'M'),
(644, '0318', 'M'),
(644, '0321', 'M'),
(644, '0322', 'M'),
(644, '0390', 'M'),
(644, '0394', 'M'),
(644, '3355', 'M'),
(644, '3761', 'M'),
(645, '0401', 'M'),
(645, '0405', 'M'),
(645, '0406', 'M'),
(645, '0413', 'M'),
(645, '0414', 'M'),
(645, '0415', 'M'),
(645, '0419', 'M'),
(645, '0422', 'M'),
(645, '0431', 'M'),
(645, '0432', 'M'),
(645, '0489', 'M'),
(645, '4232', 'M'),
(645, '4745', 'M'),
(649, '0401', 'M'),
(649, '0405', 'M'),
(649, '0406', 'M'),
(649, '0413', 'M'),
(649, '0414', 'M'),
(649, '0415', 'M'),
(649, '0418', 'M'),
(649, '0422', 'M'),
(649, '0431', 'M'),
(649, '0489', 'A'),
(649, '0494', 'M'),
(649, '0495', 'M'),
(649, '4232', 'M'),
(650, '0101', 'M'),
(650, '0106', 'M'),
(650, '0114', 'M'),
(650, '0118', 'A'),
(650, '0122', 'M'),
(650, '0128', 'A'),
(650, '0131', 'M'),
(650, '0132', 'M'),
(650, '0194', 'M'),
(650, '1232', 'M'),
(651, '0101', 'M'),
(651, '0106', 'M'),
(651, '0114', 'M'),
(651, '0115', 'M'),
(651, '0118', 'M'),
(651, '0122', 'M'),
(651, '0128', 'M'),
(651, '0131', 'M'),
(651, '0132', 'M'),
(651, '0191', 'M'),
(651, '0194', 'M'),
(651, '1232', 'M'),
(656, '0201', 'M'),
(656, '0206', 'M'),
(656, '0212', 'A'),
(656, '0214', 'M'),
(656, '0215', 'M'),
(656, '0222', 'A'),
(656, '0234', 'M'),
(656, '0236', 'M'),
(656, '0294', 'M'),
(656, '2008', 'M'),
(656, '2233', 'M'),
(656, '2243', 'M'),
(658, '0201', 'M'),
(658, '0206', 'M'),
(658, '0212', 'M'),
(658, '0215', 'M'),
(658, '0222', 'M'),
(658, '0275', 'M'),
(658, '0294', 'M'),
(658, '2189', 'M'),
(658, '2236', 'M'),
(658, '2237', 'M'),
(658, '2243', 'M'),
(658, '2262', 'M'),
(659, '0201', 'M'),
(659, '0204', 'M'),
(659, '0206', 'M'),
(659, '0212', 'M'),
(659, '0214', 'M'),
(659, '0215', 'M'),
(659, '0222', 'M'),
(659, '0275', 'M'),
(659, '0292', 'M'),
(659, '0294', 'M'),
(659, '2189', 'M'),
(659, '2236', 'M'),
(659, '2237', 'M'),
(659, '2243', 'M'),
(659, '2262', 'M'),
(660, '1102', 'M'),
(660, '1315', 'M'),
(660, '1348', 'M'),
(660, '1997', 'M'),
(666, '2102', 'M'),
(666, '2107', 'M'),
(666, '2197', 'M'),
(666, '2377', 'M'),
(666, '2587', 'M'),
(666, '2589', 'M'),
(667, '0506', 'M'),
(667, '0518', 'M'),
(667, '0520', 'M'),
(667, '0522', 'M'),
(667, '5010', 'M'),
(667, '5023', 'M'),
(667, '5024', 'M'),
(667, '5025', 'M'),
(667, '5080', 'M'),
(667, '5287', 'M'),
(668, '0518', 'M'),
(668, '0520', 'M'),
(668, '0522', 'M'),
(668, '5010', 'M'),
(668, '5023', 'M'),
(668, '5024', 'M'),
(668, '5025', 'M'),
(668, '5080', 'M'),
(668, '5287', 'M'),
(669, '1102', 'M'),
(669, '1440', 'M'),
(669, '1479', 'M'),
(669, '1601', 'M'),
(669, '1602', 'M'),
(669, '1604', 'M'),
(670, '1102', 'M'),
(670, '1440', 'M'),
(670, '1479', 'M'),
(670, '1601', 'M'),
(670, '1602', 'M'),
(670, '1604', 'M'),
(671, '2603', 'M'),
(671, '2605', 'M'),
(671, '2606', 'M'),
(672, '1102', 'M'),
(672, '1607', 'M'),
(672, '1608', 'M'),
(672, '1609', 'M'),
(672, '1610', 'M'),
(672, '1611', 'M'),
(672, '1612', 'M'),
(673, '2377', 'M'),
(675, '0118', 'A'),
(675, '0128', 'A'),
(675, '0131', 'M'),
(675, '0194', 'M'),
(675, '1232', 'M'),
(689, '0301', 'M'),
(689, '0306', 'M'),
(689, '0310', 'M'),
(689, '0311', 'M'),
(689, '0313', 'M'),
(689, '0314', 'M'),
(689, '0315', 'M'),
(689, '0318', 'M'),
(689, '0321', 'M'),
(689, '0322', 'M'),
(689, '0331', 'M'),
(689, '0390', 'M'),
(692, '0301', 'M'),
(692, '0306', 'M'),
(692, '0310', 'M'),
(692, '0311', 'M'),
(692, '0313', 'M'),
(692, '0314', 'M'),
(692, '0318', 'M'),
(692, '0321', 'M'),
(692, '0322', 'M'),
(692, '0390', 'M'),
(692, '3761', 'M'),
(694, '0401', 'M'),
(694, '0405', 'M'),
(694, '0406', 'M'),
(694, '0413', 'M'),
(694, '0414', 'M'),
(694, '0415', 'M'),
(694, '0419', 'M'),
(694, '0422', 'M'),
(694, '0431', 'M'),
(694, '0432', 'M'),
(694, '0489', 'M'),
(694, '4232', 'M'),
(694, '4745', 'M'),
(695, '0401', 'M'),
(695, '0404', 'M'),
(695, '0405', 'M'),
(695, '0406', 'M'),
(695, '0413', 'M'),
(695, '0414', 'M'),
(695, '0415', 'M'),
(695, '0419', 'M'),
(695, '0422', 'M'),
(695, '0431', 'M'),
(695, '0432', 'M'),
(695, '0489', 'M'),
(695, '0490', 'M'),
(695, '0494', 'M'),
(695, '4232', 'M'),
(695, '4745', 'M'),
(697, '0113', 'M'),
(697, '0401', 'M'),
(697, '0404', 'M'),
(697, '0405', 'M'),
(697, '0406', 'M'),
(697, '0410', 'M'),
(697, '0411', 'M'),
(697, '0413', 'M'),
(697, '0414', 'M'),
(697, '0415', 'M'),
(697, '0418', 'M'),
(697, '0422', 'M'),
(697, '0464', 'M'),
(697, '0489', 'M'),
(697, '4480', 'M'),
(697, '4481', 'M'),
(698, '0401', 'M'),
(698, '0405', 'M'),
(698, '0406', 'M'),
(698, '0413', 'M'),
(698, '0414', 'M'),
(698, '0415', 'M'),
(698, '0418', 'M'),
(698, '0422', 'M'),
(698, '0431', 'M'),
(698, '0489', 'M'),
(698, '0494', 'M'),
(698, '0495', 'M'),
(698, '4232', 'M'),
(699, '0101', 'M'),
(699, '0106', 'M'),
(699, '0114', 'M'),
(699, '0118', 'M'),
(699, '0122', 'M'),
(699, '0128', 'M'),
(699, '0131', 'M'),
(699, '0132', 'M'),
(699, '0194', 'M'),
(699, '1232', 'M'),
(700, '0101', 'M'),
(700, '0106', 'M'),
(700, '0114', 'M'),
(700, '0115', 'M'),
(700, '0118', 'A'),
(700, '0122', 'M'),
(700, '0128', 'A'),
(700, '0131', 'M'),
(700, '0132', 'M'),
(700, '0191', 'M'),
(700, '0194', 'M'),
(700, '1232', 'M'),
(702, '0101', 'M'),
(702, '0106', 'A'),
(702, '0114', 'M'),
(702, '0122', 'M'),
(702, '0128', 'M'),
(702, '0131', 'M'),
(702, '0194', 'M'),
(702, '1021', 'M'),
(702, '1234', 'M'),
(702, '1236', 'A'),
(703, '0101', 'M'),
(703, '0106', 'M'),
(703, '0114', 'M'),
(703, '0115', 'A'),
(703, '0122', 'M'),
(703, '0128', 'M'),
(703, '0131', 'M'),
(703, '0194', 'M'),
(703, '1021', 'M'),
(703, '1234', 'M'),
(703, '1236', 'M'),
(703, '1241', 'M'),
(705, '0201', 'M'),
(705, '0206', 'M'),
(705, '0212', 'M'),
(705, '0214', 'M'),
(705, '0215', 'M'),
(705, '0222', 'M'),
(705, '0234', 'M'),
(705, '0236', 'M'),
(705, '0294', 'M'),
(705, '2008', 'M'),
(705, '2233', 'A'),
(705, '2243', 'A'),
(706, '0201', 'M'),
(706, '0206', 'M'),
(706, '0212', 'A'),
(706, '0214', 'M'),
(706, '0215', 'M'),
(706, '0222', 'A'),
(706, '0234', 'M'),
(706, '0236', 'M'),
(706, '0238', 'M'),
(706, '0294', 'M'),
(706, '2233', 'M'),
(706, '2249', 'M'),
(707, '0201', 'A'),
(707, '0206', 'M'),
(707, '0212', 'M'),
(707, '0215', 'M'),
(707, '0222', 'M'),
(707, '0275', 'M'),
(707, '0294', 'M'),
(707, '2189', 'M'),
(707, '2236', 'M'),
(707, '2237', 'M'),
(707, '2243', 'M'),
(707, '2262', 'M'),
(711, '0104', 'M'),
(711, '0106', 'M'),
(711, '1102', 'M'),
(711, '1362', 'M'),
(711, '1363', 'M'),
(711, '1364', 'M'),
(711, '1365', 'M'),
(711, '1367', 'M'),
(711, '1591', 'M'),
(717, '0518', 'M'),
(717, '0520', 'M'),
(717, '0522', 'M'),
(717, '5010', 'M'),
(717, '5023', 'M'),
(717, '5024', 'M'),
(717, '5025', 'M'),
(717, '5080', 'M'),
(717, '5287', 'M'),
(718, '1102', 'M'),
(718, '1440', 'M'),
(718, '1479', 'M'),
(718, '1601', 'M'),
(718, '1602', 'M'),
(718, '1604', 'M'),
(719, '1102', 'M'),
(719, '1440', 'M'),
(719, '1479', 'M'),
(719, '1601', 'M'),
(719, '1602', 'M'),
(719, '1604', 'M'),
(720, '2603', 'M'),
(720, '2605', 'M'),
(720, '2606', 'M'),
(722, '2377', 'M'),
(723, '0124', 'M'),
(723, '0128', 'M'),
(723, '0131', 'M'),
(723, '0194', 'M'),
(723, '1234', 'M'),
(724, '0118', 'M'),
(724, '0128', 'M'),
(724, '0131', 'M'),
(724, '0194', 'M'),
(724, '1232', 'M'),
(725, '0201', 'M'),
(725, '0206', 'M'),
(725, '0233', 'M'),
(725, '0294', 'M'),
(725, '2008', 'A'),
(725, '2243', 'M'),
(731, '1440', 'M'),
(731, '1479', 'M'),
(731, '1601', 'M'),
(731, '1602', 'A'),
(732, '2603', 'M'),
(732, '2604', 'M'),
(732, '2605', 'M'),
(733, '1607', 'M'),
(733, '1609', 'M'),
(733, '1611', 'M'),
(733, '1612', 'M'),
(734, '1102', 'M'),
(734, '1608', 'M'),
(734, '2610', 'M'),
(739, '0301', 'M'),
(739, '0304', 'M'),
(739, '0306', 'M'),
(739, '0310', 'M'),
(739, '0311', 'M'),
(739, '0313', 'M'),
(739, '0314', 'M'),
(739, '0315', 'M'),
(739, '0318', 'M'),
(739, '0321', 'M'),
(739, '0322', 'M'),
(739, '0331', 'M'),
(739, '0390', 'M'),
(740, '0301', 'M'),
(740, '0306', 'M'),
(740, '0310', 'M'),
(740, '0311', 'M'),
(740, '0313', 'M'),
(740, '0315', 'M'),
(740, '0318', 'M'),
(740, '0321', 'M'),
(740, '0322', 'M'),
(740, '0390', 'M'),
(740, '3355', 'M'),
(740, '3761', 'M'),
(746, '0113', 'M'),
(746, '0401', 'M'),
(746, '0404', 'M'),
(746, '0405', 'M'),
(746, '0406', 'M'),
(746, '0410', 'M'),
(746, '0411', 'M'),
(746, '0413', 'M'),
(746, '0414', 'M'),
(746, '0415', 'M'),
(746, '0418', 'M'),
(746, '0422', 'M'),
(746, '0464', 'M'),
(746, '0489', 'M'),
(746, '4480', 'M'),
(746, '4481', 'M'),
(750, '0101', 'M'),
(750, '0106', 'M'),
(750, '0114', 'M'),
(750, '0115', 'M'),
(750, '0122', 'M'),
(750, '0124', 'M'),
(750, '0126', 'M'),
(750, '0128', 'A'),
(750, '0131', 'M'),
(750, '0194', 'M'),
(750, '1234', 'M'),
(750, '1241', 'M'),
(751, '0101', 'M'),
(751, '0106', 'M'),
(751, '0114', 'M'),
(751, '0122', 'M'),
(751, '0128', 'M'),
(751, '0131', 'M'),
(751, '0194', 'M'),
(751, '1021', 'M'),
(751, '1234', 'M'),
(751, '1236', 'M'),
(753, '0201', 'M'),
(753, '0206', 'M'),
(753, '0212', 'M'),
(753, '0214', 'M'),
(753, '0215', 'A'),
(753, '0218', 'M'),
(753, '0222', 'M'),
(753, '0233', 'M'),
(753, '0235', 'A'),
(753, '0294', 'M'),
(753, '2008', 'M'),
(753, '2243', 'M'),
(754, '0201', 'M'),
(754, '0206', 'M'),
(754, '0212', 'M'),
(754, '0214', 'A'),
(754, '0215', 'M'),
(754, '0222', 'M'),
(754, '0234', 'A'),
(754, '0236', 'M'),
(754, '0294', 'A'),
(754, '2008', 'M'),
(754, '2233', 'M'),
(754, '2243', 'M'),
(760, '0104', 'M'),
(760, '0106', 'M'),
(760, '1102', 'M'),
(760, '1362', 'M'),
(760, '1363', 'M'),
(760, '1364', 'M'),
(760, '1365', 'M'),
(760, '1367', 'M'),
(760, '1591', 'M'),
(761, '0106', 'M'),
(761, '1102', 'M'),
(761, '1362', 'M'),
(761, '1363', 'M'),
(761, '1364', 'M'),
(761, '1365', 'M'),
(761, '1367', 'M'),
(761, '1591', 'M'),
(767, '1102', 'M'),
(767, '1440', 'M'),
(767, '1479', 'M'),
(767, '1601', 'M'),
(767, '1602', 'M'),
(767, '1604', 'M'),
(768, '1102', 'M'),
(768, '1440', 'M'),
(768, '1479', 'M'),
(768, '1601', 'M'),
(768, '1602', 'M'),
(768, '1604', 'M'),
(770, '1102', 'M'),
(770, '1607', 'M'),
(770, '1608', 'M'),
(770, '1609', 'M'),
(770, '1610', 'M'),
(770, '1611', 'M'),
(770, '1612', 'M'),
(771, '2377', 'M'),
(772, '0124', 'M'),
(772, '0128', 'M'),
(772, '0131', 'M'),
(772, '0194', 'M'),
(772, '1234', 'M'),
(781, '2603', 'M'),
(781, '2604', 'M'),
(781, '2605', 'M'),
(782, '1607', 'M'),
(782, '1609', 'M'),
(782, '1611', 'A'),
(782, '1612', 'M'),
(783, '1102', 'M'),
(783, '1608', 'M'),
(783, '2610', 'A'),
(784, '0101', 'M'),
(784, '0106', 'M'),
(784, '0110', 'M'),
(784, '0111', 'M'),
(784, '0113', 'M'),
(784, '0114', 'M'),
(784, '0115', 'M'),
(784, '0118', 'M'),
(784, '0121', 'M'),
(784, '0122', 'M'),
(784, '0190', 'M'),
(784, '0194', 'M'),
(784, '1355', 'M'),
(784, '1761', 'M'),
(785, '0201', 'M'),
(785, '0206', 'M'),
(785, '0210', 'M'),
(785, '0211', 'M'),
(785, '0213', 'M'),
(785, '0214', 'M'),
(785, '0215', 'M'),
(785, '0218', 'M'),
(785, '0221', 'M'),
(785, '0222', 'M'),
(785, '0290', 'M'),
(785, '0294', 'M'),
(785, '2355', 'M'),
(785, '2761', 'M'),
(786, '0301', 'M'),
(786, '0306', 'M'),
(786, '0310', 'M'),
(786, '0311', 'M'),
(786, '0313', 'M'),
(786, '0314', 'M'),
(786, '0315', 'M'),
(786, '0318', 'M'),
(786, '0321', 'M'),
(786, '0322', 'M'),
(786, '0390', 'M'),
(786, '0394', 'M'),
(789, '0301', 'M'),
(789, '0306', 'M'),
(789, '0310', 'M'),
(789, '0311', 'M'),
(789, '0313', 'M'),
(789, '0315', 'M'),
(789, '0318', 'M'),
(789, '0321', 'M'),
(789, '0322', 'M'),
(789, '0390', 'M'),
(789, '3355', 'M'),
(789, '3761', 'M'),
(791, '0301', 'M'),
(791, '0304', 'M'),
(791, '0306', 'M'),
(791, '0310', 'M'),
(791, '0311', 'M'),
(791, '0313', 'M'),
(791, '0314', 'M'),
(791, '0315', 'M'),
(791, '0318', 'M'),
(791, '0321', 'M'),
(791, '0322', 'M'),
(791, '0390', 'M'),
(791, '0394', 'M'),
(791, '3355', 'M'),
(791, '3761', 'M'),
(794, '0401', 'M'),
(794, '0405', 'M'),
(794, '0406', 'M'),
(794, '0410', 'M'),
(794, '0411', 'M'),
(794, '0413', 'M'),
(794, '0414', 'M'),
(794, '0415', 'M'),
(794, '0418', 'M'),
(794, '0422', 'M'),
(794, '0431', 'M'),
(794, '0489', 'M'),
(794, '0494', 'M'),
(794, '0495', 'M'),
(796, '0401', 'M'),
(796, '0405', 'M'),
(796, '0406', 'M'),
(796, '0413', 'M'),
(796, '0414', 'M'),
(796, '0415', 'M'),
(796, '0418', 'M'),
(796, '0422', 'M'),
(796, '0431', 'M'),
(796, '0489', 'M'),
(796, '0494', 'M'),
(796, '0495', 'M'),
(796, '4232', 'M'),
(805, '0201', 'M'),
(805, '0206', 'M'),
(805, '0212', 'M'),
(805, '0215', 'M'),
(805, '0222', 'M'),
(805, '0275', 'M'),
(805, '0294', 'M'),
(805, '2189', 'M'),
(805, '2236', 'M'),
(805, '2237', 'M'),
(805, '2243', 'A'),
(805, '2262', 'M'),
(806, '0201', 'M'),
(806, '0204', 'M'),
(806, '0206', 'M'),
(806, '0212', 'A'),
(806, '0214', 'M'),
(806, '0215', 'M'),
(806, '0222', 'A'),
(806, '0275', 'M'),
(806, '0292', 'A'),
(806, '0294', 'M'),
(806, '2189', 'M'),
(806, '2236', 'M'),
(806, '2237', 'M'),
(806, '2243', 'M'),
(806, '2262', 'A'),
(807, '1102', 'M'),
(807, '1315', 'M'),
(807, '1348', 'M'),
(807, '1997', 'M'),
(809, '0104', 'M'),
(809, '0106', 'M'),
(809, '1102', 'M'),
(809, '1362', 'M'),
(809, '1363', 'M'),
(809, '1364', 'M'),
(809, '1365', 'M'),
(809, '1367', 'M'),
(809, '1591', 'M'),
(812, '0104', 'M'),
(812, '0106', 'M'),
(812, '1188', 'M'),
(812, '1367', 'M'),
(812, '1588', 'M'),
(812, '1591', 'M'),
(812, '1993', 'M'),
(814, '0506', 'M'),
(814, '0518', 'M'),
(814, '0520', 'M'),
(814, '0522', 'M'),
(814, '5010', 'M'),
(814, '5023', 'M'),
(814, '5024', 'M'),
(814, '5025', 'M'),
(814, '5080', 'M'),
(814, '5287', 'M'),
(815, '0518', 'M'),
(815, '0520', 'M'),
(815, '0522', 'M'),
(815, '5010', 'M'),
(815, '5023', 'M'),
(815, '5024', 'M'),
(815, '5025', 'M'),
(815, '5080', 'M'),
(815, '5287', 'M'),
(817, '1102', 'M'),
(817, '1440', 'M'),
(817, '1479', 'M'),
(817, '1601', 'M'),
(817, '1602', 'M'),
(817, '1604', 'M'),
(821, '0124', 'M'),
(821, '0128', 'M'),
(821, '0131', 'M'),
(821, '0194', 'M'),
(821, '1234', 'M'),
(824, '0101', 'M'),
(824, '0104', 'M'),
(824, '0106', 'M'),
(824, '0113', 'M'),
(824, '0118', 'M'),
(824, '0121', 'M'),
(824, '3771', 'M'),
(825, '0506', 'M'),
(825, '5009', 'M'),
(825, '5010', 'M'),
(825, '5013', 'M'),
(825, '5022', 'M'),
(825, '5080', 'M'),
(825, '5097', 'M'),
(825, '5286', 'M'),
(833, '0101', 'M'),
(833, '0106', 'M'),
(833, '0110', 'A'),
(833, '0111', 'M'),
(833, '0113', 'M'),
(833, '0114', 'M'),
(833, '0115', 'M'),
(833, '0118', 'M'),
(833, '0121', 'M'),
(833, '0122', 'M'),
(833, '0190', 'A'),
(833, '0194', 'M'),
(833, '1355', 'M'),
(833, '1761', 'M'),
(834, '0201', 'M'),
(834, '0206', 'M'),
(834, '0210', 'M'),
(834, '0211', 'M'),
(834, '0213', 'M'),
(834, '0214', 'M'),
(834, '0215', 'M'),
(834, '0218', 'M'),
(834, '0221', 'M'),
(834, '0222', 'M'),
(834, '0290', 'M'),
(834, '0294', 'M'),
(834, '2355', 'M'),
(834, '2761', 'M'),
(835, '0301', 'M'),
(835, '0306', 'M'),
(835, '0310', 'M'),
(835, '0311', 'M'),
(835, '0313', 'M'),
(835, '0314', 'M'),
(835, '0315', 'M'),
(835, '0318', 'M'),
(835, '0321', 'M'),
(835, '0322', 'M'),
(835, '0390', 'M'),
(835, '0394', 'M'),
(840, '0301', 'M'),
(840, '0304', 'M'),
(840, '0306', 'M'),
(840, '0310', 'M'),
(840, '0311', 'M'),
(840, '0313', 'M'),
(840, '0314', 'M'),
(840, '0315', 'M'),
(840, '0318', 'M'),
(840, '0321', 'M'),
(840, '0322', 'M'),
(840, '0390', 'M'),
(840, '0394', 'M'),
(840, '3355', 'M'),
(840, '3761', 'M'),
(842, '0401', 'M'),
(842, '0404', 'M'),
(842, '0405', 'M'),
(842, '0406', 'M'),
(842, '0413', 'M'),
(842, '0414', 'M'),
(842, '0415', 'M'),
(842, '0419', 'M'),
(842, '0422', 'M'),
(842, '0431', 'M'),
(842, '0432', 'M'),
(842, '0489', 'M'),
(842, '0490', 'M'),
(842, '0494', 'M'),
(842, '4232', 'M'),
(842, '4745', 'M'),
(845, '0401', 'M'),
(845, '0405', 'M'),
(845, '0406', 'M'),
(845, '0413', 'M'),
(845, '0414', 'M'),
(845, '0415', 'M'),
(845, '0418', 'M'),
(845, '0422', 'M'),
(845, '0431', 'M'),
(845, '0489', 'M'),
(845, '0494', 'M'),
(845, '0495', 'M'),
(845, '4232', 'M'),
(846, '0101', 'M'),
(846, '0106', 'M'),
(846, '0114', 'M'),
(846, '0118', 'M'),
(846, '0122', 'M'),
(846, '0128', 'M'),
(846, '0131', 'M'),
(846, '0132', 'M'),
(846, '0194', 'M'),
(846, '1232', 'M'),
(853, '0201', 'M'),
(853, '0206', 'M'),
(853, '0212', 'M'),
(853, '0214', 'M'),
(853, '0215', 'A'),
(853, '0222', 'M'),
(853, '0234', 'M'),
(853, '0236', 'M'),
(853, '0238', 'M'),
(853, '0294', 'M'),
(853, '2233', 'M'),
(853, '2249', 'M'),
(856, '1102', 'A'),
(856, '1315', 'M'),
(856, '1348', 'M'),
(856, '1997', 'M'),
(857, '1102', 'M'),
(857, '1315', 'M'),
(857, '1348', 'M'),
(857, '1997', 'M'),
(858, '0104', 'M'),
(858, '0106', 'M'),
(858, '1102', 'M'),
(858, '1362', 'M'),
(858, '1363', 'M'),
(858, '1364', 'M'),
(858, '1365', 'M'),
(858, '1367', 'M'),
(858, '1591', 'M'),
(859, '0106', 'M'),
(859, '1102', 'M'),
(859, '1362', 'M'),
(859, '1363', 'M'),
(859, '1364', 'M'),
(859, '1365', 'M'),
(859, '1367', 'M'),
(859, '1591', 'M'),
(861, '0104', 'M'),
(861, '0106', 'M'),
(861, '1188', 'M'),
(861, '1367', 'M'),
(861, '1588', 'M'),
(861, '1591', 'M'),
(861, '1993', 'M'),
(868, '1102', 'M'),
(868, '1607', 'M'),
(868, '1608', 'M'),
(868, '1609', 'M'),
(868, '1610', 'M'),
(868, '1611', 'M'),
(868, '1612', 'M'),
(869, '2377', 'M'),
(870, '0124', 'M'),
(870, '0128', 'M'),
(870, '0131', 'M'),
(870, '0194', 'M'),
(870, '1234', 'M'),
(871, '0118', 'M'),
(871, '0128', 'M'),
(871, '0131', 'M'),
(871, '0194', 'M'),
(871, '1232', 'M'),
(872, '0201', 'M'),
(872, '0206', 'M'),
(872, '0233', 'M'),
(872, '0294', 'M'),
(872, '2008', 'M'),
(872, '2243', 'M'),
(874, '0506', 'M'),
(874, '5009', 'A'),
(874, '5010', 'M'),
(874, '5013', 'M'),
(874, '5022', 'M'),
(874, '5080', 'M'),
(874, '5097', 'M'),
(874, '5286', 'M'),
(875, '0104', 'M'),
(875, '0106', 'M'),
(875, '1102', 'M'),
(875, '1188', 'A'),
(875, '1591', 'M'),
(881, '1102', 'A'),
(881, '1608', 'M'),
(881, '2610', 'M'),
(883, '0201', 'M'),
(883, '0206', 'M'),
(883, '0210', 'A'),
(883, '0211', 'M'),
(883, '0213', 'M'),
(883, '0214', 'M'),
(883, '0215', 'M'),
(883, '0218', 'M'),
(883, '0221', 'M'),
(883, '0222', 'M'),
(883, '0290', 'A'),
(883, '0294', 'M'),
(883, '2355', 'M'),
(883, '2761', 'M'),
(884, '0301', 'M'),
(884, '0306', 'M'),
(884, '0310', 'M'),
(884, '0311', 'M'),
(884, '0313', 'M'),
(884, '0314', 'M'),
(884, '0315', 'M'),
(884, '0318', 'M'),
(884, '0321', 'M'),
(884, '0322', 'M'),
(884, '0390', 'M'),
(884, '0394', 'M'),
(885, '0301', 'M'),
(885, '0306', 'M'),
(885, '0310', 'M'),
(885, '0311', 'M'),
(885, '0313', 'M'),
(885, '0314', 'M'),
(885, '0315', 'M'),
(885, '0318', 'M'),
(885, '0321', 'M'),
(885, '0322', 'M'),
(885, '0331', 'M'),
(885, '0390', 'M'),
(886, '0301', 'M'),
(886, '0304', 'M'),
(886, '0306', 'M'),
(886, '0310', 'M'),
(886, '0311', 'M'),
(886, '0313', 'M'),
(886, '0314', 'M'),
(886, '0315', 'M'),
(886, '0318', 'M'),
(886, '0321', 'M'),
(886, '0322', 'M'),
(886, '0331', 'M'),
(886, '0390', 'M'),
(887, '0301', 'M'),
(887, '0306', 'M'),
(887, '0310', 'M'),
(887, '0311', 'M'),
(887, '0313', 'M'),
(887, '0315', 'M'),
(887, '0318', 'M'),
(887, '0321', 'M'),
(887, '0322', 'M'),
(887, '0390', 'M'),
(887, '3355', 'M'),
(887, '3761', 'M'),
(888, '0301', 'M'),
(888, '0306', 'M'),
(888, '0310', 'M'),
(888, '0311', 'M'),
(888, '0313', 'M'),
(888, '0314', 'M'),
(888, '0318', 'M'),
(888, '0321', 'M'),
(888, '0322', 'M'),
(888, '0390', 'M'),
(888, '3761', 'M'),
(894, '0401', 'M'),
(894, '0405', 'M'),
(894, '0406', 'M'),
(894, '0413', 'M'),
(894, '0414', 'M'),
(894, '0415', 'M'),
(894, '0418', 'M'),
(894, '0422', 'M'),
(894, '0431', 'M'),
(894, '0489', 'M'),
(894, '0494', 'M'),
(894, '0495', 'M'),
(894, '4232', 'M'),
(895, '0101', 'M'),
(895, '0106', 'M'),
(895, '0114', 'M'),
(895, '0118', 'M'),
(895, '0122', 'M'),
(895, '0128', 'M'),
(895, '0131', 'M'),
(895, '0132', 'M'),
(895, '0194', 'M'),
(895, '1232', 'M'),
(896, '0101', 'M'),
(896, '0106', 'M'),
(896, '0114', 'M'),
(896, '0115', 'M'),
(896, '0118', 'M'),
(896, '0122', 'M'),
(896, '0128', 'M'),
(896, '0131', 'M'),
(896, '0132', 'M'),
(896, '0191', 'M'),
(896, '0194', 'M'),
(896, '1232', 'M'),
(900, '0201', 'M'),
(900, '0206', 'M'),
(900, '0212', 'M'),
(900, '0214', 'M'),
(900, '0215', 'M'),
(900, '0218', 'A'),
(900, '0222', 'M'),
(900, '0233', 'M'),
(900, '0235', 'M'),
(900, '0294', 'M'),
(900, '2008', 'A'),
(900, '2243', 'M'),
(906, '1102', 'A'),
(906, '1315', 'M'),
(906, '1348', 'M'),
(906, '1997', 'M'),
(908, '0106', 'M'),
(908, '1102', 'M'),
(908, '1362', 'M'),
(908, '1363', 'M'),
(908, '1364', 'M'),
(908, '1365', 'M'),
(908, '1367', 'M'),
(908, '1591', 'M'),
(912, '0506', 'M'),
(912, '0518', 'M'),
(912, '0520', 'M'),
(912, '0522', 'M'),
(912, '5010', 'M'),
(912, '5023', 'M'),
(912, '5024', 'M'),
(912, '5025', 'M'),
(912, '5080', 'M'),
(912, '5287', 'M'),
(913, '0518', 'M'),
(913, '0520', 'M'),
(913, '0522', 'M'),
(913, '5010', 'M'),
(913, '5023', 'M'),
(913, '5024', 'M'),
(913, '5025', 'M'),
(913, '5080', 'M'),
(913, '5287', 'M'),
(915, '1102', 'M'),
(915, '1440', 'M'),
(915, '1479', 'M'),
(915, '1601', 'M'),
(915, '1602', 'M'),
(915, '1604', 'M'),
(917, '1102', 'M'),
(917, '1607', 'M'),
(917, '1608', 'M'),
(917, '1609', 'M'),
(917, '1610', 'M'),
(917, '1611', 'M'),
(917, '1612', 'M'),
(922, '0101', 'M'),
(922, '0104', 'M'),
(922, '0106', 'M'),
(922, '0113', 'M'),
(922, '0118', 'M'),
(922, '0121', 'M'),
(922, '3771', 'M'),
(926, '1102', 'M'),
(926, '1479', 'M'),
(926, '1601', 'M'),
(926, '1602', 'M'),
(928, '2603', 'M'),
(928, '2604', 'M'),
(928, '2605', 'A'),
(936, '0301', 'M'),
(936, '0306', 'M'),
(936, '0310', 'M'),
(936, '0311', 'M'),
(936, '0313', 'M'),
(936, '0315', 'M'),
(936, '0318', 'M'),
(936, '0321', 'M'),
(936, '0322', 'M'),
(936, '0390', 'M'),
(936, '3355', 'M'),
(936, '3761', 'M'),
(938, '0301', 'M'),
(938, '0304', 'M'),
(938, '0306', 'M'),
(938, '0310', 'M'),
(938, '0311', 'M'),
(938, '0313', 'M'),
(938, '0314', 'M'),
(938, '0315', 'M'),
(938, '0318', 'M'),
(938, '0321', 'M'),
(938, '0322', 'M'),
(938, '0390', 'M'),
(938, '0394', 'M'),
(938, '3355', 'M'),
(938, '3761', 'M'),
(942, '0113', 'M'),
(942, '0401', 'M'),
(942, '0404', 'M'),
(942, '0405', 'M'),
(942, '0406', 'M'),
(942, '0410', 'M'),
(942, '0411', 'M'),
(942, '0413', 'M'),
(942, '0414', 'M'),
(942, '0415', 'M'),
(942, '0418', 'M'),
(942, '0422', 'M'),
(942, '0464', 'M'),
(942, '0489', 'M'),
(942, '4480', 'M'),
(942, '4481', 'M'),
(943, '0401', 'M'),
(943, '0405', 'M'),
(943, '0406', 'M'),
(943, '0413', 'M'),
(943, '0414', 'M'),
(943, '0415', 'M'),
(943, '0418', 'M'),
(943, '0422', 'M'),
(943, '0431', 'M'),
(943, '0489', 'M'),
(943, '0494', 'M'),
(943, '0495', 'M'),
(943, '4232', 'M'),
(947, '0101', 'M'),
(947, '0106', 'M'),
(947, '0114', 'M'),
(947, '0122', 'M'),
(947, '0128', 'M'),
(947, '0131', 'M'),
(947, '0194', 'M'),
(947, '1021', 'M'),
(947, '1234', 'M'),
(947, '1236', 'M'),
(948, '0101', 'M'),
(948, '0106', 'M'),
(948, '0114', 'M'),
(948, '0115', 'M'),
(948, '0122', 'M'),
(948, '0128', 'M'),
(948, '0131', 'M'),
(948, '0194', 'M'),
(948, '1021', 'M'),
(948, '1234', 'M'),
(948, '1236', 'M'),
(948, '1241', 'M'),
(951, '0201', 'M'),
(951, '0206', 'M'),
(951, '0212', 'M'),
(951, '0214', 'M'),
(951, '0215', 'M'),
(951, '0222', 'M'),
(951, '0234', 'M'),
(951, '0236', 'M'),
(951, '0238', 'M'),
(951, '0294', 'M'),
(951, '2233', 'M'),
(951, '2249', 'M'),
(953, '0201', 'M'),
(953, '0204', 'M'),
(953, '0206', 'M'),
(953, '0212', 'M'),
(953, '0214', 'M'),
(953, '0215', 'A'),
(953, '0222', 'M'),
(953, '0275', 'A'),
(953, '0292', 'M'),
(953, '0294', 'M'),
(953, '2189', 'M'),
(953, '2236', 'M'),
(953, '2237', 'M'),
(953, '2243', 'M'),
(953, '2262', 'M'),
(954, '1102', 'M'),
(954, '1315', 'M'),
(954, '1348', 'M'),
(954, '1997', 'M'),
(956, '0104', 'M'),
(956, '0106', 'M'),
(956, '1102', 'A'),
(956, '1362', 'A'),
(956, '1363', 'M'),
(956, '1364', 'M'),
(956, '1365', 'M'),
(956, '1367', 'M'),
(956, '1591', 'M'),
(961, '0506', 'M'),
(961, '0518', 'M'),
(961, '0520', 'M'),
(961, '0522', 'M'),
(961, '5010', 'M'),
(961, '5023', 'M'),
(961, '5024', 'M'),
(961, '5025', 'M'),
(961, '5080', 'M'),
(961, '5287', 'M'),
(962, '0518', 'M'),
(962, '0520', 'M'),
(962, '0522', 'M'),
(962, '5010', 'M'),
(962, '5023', 'M'),
(962, '5024', 'M'),
(962, '5025', 'M'),
(962, '5080', 'M'),
(962, '5287', 'M'),
(963, '1102', 'M'),
(963, '1440', 'M'),
(963, '1479', 'M'),
(963, '1601', 'M'),
(963, '1602', 'M'),
(963, '1604', 'M'),
(964, '1102', 'M'),
(964, '1440', 'M'),
(964, '1479', 'M'),
(964, '1601', 'M'),
(964, '1602', 'M'),
(964, '1604', 'M'),
(967, '2377', 'M'),
(968, '0124', 'M'),
(968, '0128', 'M'),
(968, '0131', 'M'),
(968, '0194', 'M'),
(968, '1234', 'M'),
(975, '1102', 'M'),
(975, '1479', 'M'),
(975, '1601', 'M'),
(975, '1602', 'M'),
(979, '1102', 'M'),
(979, '1608', 'M'),
(979, '2610', 'M'),
(980, '0101', 'M'),
(980, '0106', 'M'),
(980, '0110', 'M'),
(980, '0111', 'M'),
(980, '0113', 'A'),
(980, '0114', 'M'),
(980, '0115', 'M'),
(980, '0118', 'M'),
(980, '0121', 'M'),
(980, '0122', 'M'),
(980, '0190', 'M'),
(980, '0194', 'M'),
(980, '1355', 'M'),
(980, '1761', 'M'),
(981, '0201', 'M'),
(981, '0206', 'M'),
(981, '0210', 'M'),
(981, '0211', 'M'),
(981, '0213', 'M'),
(981, '0214', 'M'),
(981, '0215', 'M'),
(981, '0218', 'M'),
(981, '0221', 'M'),
(981, '0222', 'A'),
(981, '0290', 'M'),
(981, '0294', 'M'),
(981, '2355', 'M'),
(981, '2761', 'M'),
(982, '0301', 'A'),
(982, '0306', 'M'),
(982, '0310', 'M'),
(982, '0311', 'A'),
(982, '0313', 'M'),
(982, '0314', 'M'),
(982, '0315', 'M'),
(982, '0318', 'M'),
(982, '0321', 'A'),
(982, '0322', 'M'),
(982, '0390', 'M'),
(982, '0394', 'M'),
(984, '0301', 'M'),
(984, '0304', 'M'),
(984, '0306', 'M'),
(984, '0310', 'M'),
(984, '0311', 'M'),
(984, '0313', 'M'),
(984, '0314', 'M'),
(984, '0315', 'M'),
(984, '0318', 'M'),
(984, '0321', 'M'),
(984, '0322', 'M'),
(984, '0331', 'M'),
(984, '0390', 'M'),
(985, '0301', 'M'),
(985, '0306', 'M'),
(985, '0310', 'M'),
(985, '0311', 'M'),
(985, '0313', 'M'),
(985, '0315', 'M'),
(985, '0318', 'M'),
(985, '0321', 'M'),
(985, '0322', 'M'),
(985, '0390', 'M'),
(985, '3355', 'M'),
(985, '3761', 'M'),
(986, '0301', 'M'),
(986, '0306', 'M'),
(986, '0310', 'M'),
(986, '0311', 'M'),
(986, '0313', 'M'),
(986, '0314', 'M'),
(986, '0318', 'M'),
(986, '0321', 'M'),
(986, '0322', 'M'),
(986, '0390', 'M'),
(986, '3761', 'M'),
(989, '0401', 'M'),
(989, '0404', 'M'),
(989, '0405', 'M'),
(989, '0406', 'M'),
(989, '0413', 'M'),
(989, '0414', 'M'),
(989, '0415', 'M'),
(989, '0419', 'M'),
(989, '0422', 'M'),
(989, '0431', 'M'),
(989, '0432', 'M'),
(989, '0489', 'M'),
(989, '0490', 'M'),
(989, '0494', 'M'),
(989, '4232', 'M'),
(989, '4745', 'M'),
(990, '0401', 'M'),
(990, '0405', 'M'),
(990, '0406', 'M'),
(990, '0410', 'M'),
(990, '0411', 'M'),
(990, '0413', 'M'),
(990, '0414', 'M'),
(990, '0415', 'M'),
(990, '0418', 'M'),
(990, '0422', 'M'),
(990, '0431', 'M'),
(990, '0489', 'M'),
(990, '0494', 'M'),
(990, '0495', 'M'),
(991, '0113', 'M'),
(991, '0401', 'M'),
(991, '0404', 'M'),
(991, '0405', 'M'),
(991, '0406', 'M'),
(991, '0410', 'M'),
(991, '0411', 'M'),
(991, '0413', 'M'),
(991, '0414', 'M'),
(991, '0415', 'M'),
(991, '0418', 'M'),
(991, '0422', 'M'),
(991, '0464', 'M'),
(991, '0489', 'M'),
(991, '4480', 'M'),
(991, '4481', 'M'),
(993, '0101', 'M'),
(993, '0106', 'M'),
(993, '0114', 'M'),
(993, '0118', 'M'),
(993, '0122', 'M'),
(993, '0128', 'M'),
(993, '0131', 'M'),
(993, '0132', 'M'),
(993, '0194', 'M'),
(993, '1232', 'M'),
(996, '0101', 'M'),
(996, '0106', 'M'),
(996, '0114', 'M'),
(996, '0122', 'M'),
(996, '0128', 'M'),
(996, '0131', 'M'),
(996, '0194', 'M'),
(996, '1021', 'M'),
(996, '1234', 'M'),
(996, '1236', 'M'),
(997, '0101', 'M'),
(997, '0106', 'M'),
(997, '0114', 'M'),
(997, '0115', 'M'),
(997, '0122', 'M'),
(997, '0128', 'M'),
(997, '0131', 'M'),
(997, '0194', 'M'),
(997, '1021', 'M'),
(997, '1234', 'M'),
(997, '1236', 'M'),
(997, '1241', 'M'),
(1000, '0201', 'M'),
(1000, '0206', 'M'),
(1000, '0212', 'M'),
(1000, '0214', 'M'),
(1000, '0215', 'M'),
(1000, '0222', 'M'),
(1000, '0234', 'M'),
(1000, '0236', 'M'),
(1000, '0238', 'A'),
(1000, '0294', 'M'),
(1000, '2233', 'M'),
(1000, '2249', 'M'),
(1002, '0201', 'M'),
(1002, '0204', 'M'),
(1002, '0206', 'A'),
(1002, '0212', 'M'),
(1002, '0214', 'M'),
(1002, '0215', 'M'),
(1002, '0222', 'M'),
(1002, '0275', 'M'),
(1002, '0292', 'M'),
(1002, '0294', 'M'),
(1002, '2189', 'M'),
(1002, '2236', 'A'),
(1002, '2237', 'M'),
(1002, '2243', 'M'),
(1002, '2262', 'M'),
(1006, '0106', 'M'),
(1006, '1102', 'A'),
(1006, '1362', 'A'),
(1006, '1363', 'M'),
(1006, '1364', 'M'),
(1006, '1365', 'M'),
(1006, '1367', 'M'),
(1006, '1591', 'M'),
(1007, '2377', 'M'),
(1009, '2102', 'M'),
(1009, '2107', 'M'),
(1009, '2197', 'M'),
(1009, '2377', 'M'),
(1009, '2587', 'M'),
(1009, '2589', 'M'),
(1010, '0506', 'M'),
(1010, '0518', 'M'),
(1010, '0520', 'M'),
(1010, '0522', 'M'),
(1010, '5010', 'M'),
(1010, '5023', 'M'),
(1010, '5024', 'M'),
(1010, '5025', 'M'),
(1010, '5080', 'M'),
(1010, '5287', 'M'),
(1012, '1102', 'M'),
(1012, '1440', 'M'),
(1012, '1479', 'M'),
(1012, '1601', 'M'),
(1012, '1602', 'M'),
(1012, '1604', 'M'),
(1013, '1102', 'M'),
(1013, '1440', 'M'),
(1013, '1479', 'M'),
(1013, '1601', 'M'),
(1013, '1602', 'M'),
(1013, '1604', 'M'),
(1020, '0101', 'M'),
(1020, '0104', 'M'),
(1020, '0106', 'M'),
(1020, '0113', 'M'),
(1020, '0118', 'M'),
(1020, '0121', 'M'),
(1020, '3771', 'M'),
(1023, '0106', 'M'),
(1023, '1102', 'M'),
(1023, '1188', 'M'),
(1023, '1591', 'M'),
(1024, '1102', 'M'),
(1024, '1479', 'A'),
(1024, '1601', 'M'),
(1024, '1602', 'M'),
(1025, '1440', 'M'),
(1025, '1479', 'M'),
(1025, '1601', 'M'),
(1025, '1602', 'M'),
(1026, '2603', 'M'),
(1026, '2604', 'M'),
(1026, '2605', 'M'),
(1027, '1607', 'M'),
(1027, '1609', 'M'),
(1027, '1611', 'M'),
(1027, '1612', 'M'),
(1029, '0101', 'M'),
(1029, '0106', 'M'),
(1029, '0110', 'M'),
(1029, '0111', 'M'),
(1029, '0113', 'M'),
(1029, '0114', 'A'),
(1029, '0115', 'M'),
(1029, '0118', 'M'),
(1029, '0121', 'M'),
(1029, '0122', 'M'),
(1029, '0190', 'M'),
(1029, '0194', 'A'),
(1029, '1355', 'M'),
(1029, '1761', 'M'),
(1030, '0201', 'M'),
(1030, '0206', 'M'),
(1030, '0210', 'M'),
(1030, '0211', 'M'),
(1030, '0213', 'A'),
(1030, '0214', 'M'),
(1030, '0215', 'M'),
(1030, '0218', 'M'),
(1030, '0221', 'M'),
(1030, '0222', 'M'),
(1030, '0290', 'M'),
(1030, '0294', 'M'),
(1030, '2355', 'M'),
(1030, '2761', 'M'),
(1031, '0301', 'M'),
(1031, '0306', 'M'),
(1031, '0310', 'M'),
(1031, '0311', 'M'),
(1031, '0313', 'M'),
(1031, '0314', 'M'),
(1031, '0315', 'M'),
(1031, '0318', 'M'),
(1031, '0321', 'M'),
(1031, '0322', 'A'),
(1031, '0390', 'M'),
(1031, '0394', 'M'),
(1062, '1102', 'M'),
(1062, '1440', 'M'),
(1062, '1479', 'M'),
(1062, '1601', 'M'),
(1062, '1602', 'M'),
(1062, '1604', 'M'),
(1063, '2603', 'M'),
(1063, '2605', 'M'),
(1063, '2606', 'M'),
(1064, '1102', 'M'),
(1064, '1607', 'M'),
(1064, '1608', 'M'),
(1064, '1609', 'M'),
(1064, '1610', 'M'),
(1064, '1611', 'M'),
(1064, '1612', 'M'),
(1065, '2377', 'M'),
(1066, '0124', 'M'),
(1066, '0128', 'M'),
(1066, '0131', 'M'),
(1066, '0194', 'M'),
(1066, '1234', 'M'),
(1067, '0118', 'M'),
(1067, '0128', 'M'),
(1067, '0131', 'M'),
(1067, '0194', 'M'),
(1067, '1232', 'M'),
(1069, '0101', 'M'),
(1069, '0104', 'M'),
(1069, '0106', 'M'),
(1069, '0113', 'M'),
(1069, '0118', 'M'),
(1069, '0121', 'M'),
(1069, '3771', 'M'),
(1070, '0506', 'M'),
(1070, '5009', 'M'),
(1070, '5010', 'M'),
(1070, '5013', 'M'),
(1070, '5022', 'M'),
(1070, '5080', 'M'),
(1070, '5097', 'M'),
(1070, '5286', 'M'),
(1071, '0104', 'M'),
(1071, '0106', 'M'),
(1071, '1102', 'M'),
(1071, '1188', 'M'),
(1071, '1591', 'M'),
(1073, '1102', 'M'),
(1073, '1479', 'M'),
(1073, '1601', 'M'),
(1073, '1602', 'M'),
(1074, '1440', 'M'),
(1074, '1479', 'A'),
(1074, '1601', 'M'),
(1074, '1602', 'M'),
(1075, '2603', 'M'),
(1075, '2604', 'M'),
(1075, '2605', 'M'),
(1076, '1607', 'A'),
(1076, '1609', 'M'),
(1076, '1611', 'M'),
(1076, '1612', 'M'),
(1077, '1102', 'M'),
(1077, '1608', 'M'),
(1077, '2610', 'M'),
(1078, '0101', 'M'),
(1078, '0106', 'M'),
(1078, '0110', 'M'),
(1078, '0111', 'M'),
(1078, '0113', 'M'),
(1078, '0114', 'M'),
(1078, '0115', 'A'),
(1078, '0118', 'M'),
(1078, '0121', 'M'),
(1078, '0122', 'M'),
(1078, '0190', 'M'),
(1078, '0194', 'M'),
(1078, '1355', 'A'),
(1078, '1761', 'M'),
(1079, '0201', 'M'),
(1079, '0206', 'M'),
(1079, '0210', 'M'),
(1079, '0211', 'M'),
(1079, '0213', 'M'),
(1079, '0214', 'A'),
(1079, '0215', 'M'),
(1079, '0218', 'M'),
(1079, '0221', 'M'),
(1079, '0222', 'M'),
(1079, '0290', 'M'),
(1079, '0294', 'A'),
(1079, '2355', 'M'),
(1079, '2761', 'M'),
(1080, '0301', 'M'),
(1080, '0306', 'M'),
(1080, '0310', 'M'),
(1080, '0311', 'M'),
(1080, '0313', 'A'),
(1080, '0314', 'M'),
(1080, '0315', 'M'),
(1080, '0318', 'M'),
(1080, '0321', 'M'),
(1080, '0322', 'M'),
(1080, '0390', 'M'),
(1080, '0394', 'M'),
(1095, '0101', 'M'),
(1095, '0106', 'M'),
(1095, '0114', 'M'),
(1095, '0115', 'M'),
(1095, '0122', 'M'),
(1095, '0128', 'M'),
(1095, '0131', 'M'),
(1095, '0194', 'M'),
(1095, '1021', 'M'),
(1095, '1234', 'M'),
(1095, '1236', 'M'),
(1095, '1241', 'M'),
(1097, '0201', 'M'),
(1097, '0206', 'M'),
(1097, '0212', 'M'),
(1097, '0214', 'M'),
(1097, '0215', 'M'),
(1097, '0222', 'M'),
(1097, '0234', 'M'),
(1097, '0236', 'M'),
(1097, '0294', 'M'),
(1097, '2008', 'M'),
(1097, '2233', 'M'),
(1097, '2243', 'M'),
(1098, '0201', 'M'),
(1098, '0206', 'M'),
(1098, '0212', 'M'),
(1098, '0214', 'M'),
(1098, '0215', 'M'),
(1098, '0222', 'M'),
(1098, '0234', 'M'),
(1098, '0236', 'M'),
(1098, '0238', 'M'),
(1098, '0294', 'M'),
(1098, '2233', 'M'),
(1098, '2249', 'M'),
(1099, '0201', 'M'),
(1099, '0206', 'M'),
(1099, '0212', 'M'),
(1099, '0215', 'M'),
(1099, '0222', 'M'),
(1099, '0275', 'M'),
(1099, '0294', 'M'),
(1099, '2189', 'A'),
(1099, '2236', 'M'),
(1099, '2237', 'M'),
(1099, '2243', 'M'),
(1099, '2262', 'M'),
(1100, '0201', 'M'),
(1100, '0204', 'M'),
(1100, '0206', 'M'),
(1100, '0212', 'M'),
(1100, '0214', 'M'),
(1100, '0215', 'M'),
(1100, '0222', 'M'),
(1100, '0275', 'M'),
(1100, '0292', 'M'),
(1100, '0294', 'M'),
(1100, '2189', 'M'),
(1100, '2236', 'M'),
(1100, '2237', 'M'),
(1100, '2243', 'M'),
(1100, '2262', 'M'),
(1101, '1102', 'M'),
(1101, '1315', 'M'),
(1101, '1348', 'M'),
(1101, '1997', 'A'),
(1102, '1102', 'M'),
(1102, '1315', 'M'),
(1102, '1348', 'M'),
(1102, '1997', 'M'),
(1103, '0104', 'M'),
(1103, '0106', 'M'),
(1103, '1102', 'M'),
(1103, '1362', 'M'),
(1103, '1363', 'M'),
(1103, '1364', 'M'),
(1103, '1365', 'A'),
(1103, '1367', 'M'),
(1103, '1591', 'M'),
(1104, '0106', 'M'),
(1104, '1102', 'M'),
(1104, '1362', 'M'),
(1104, '1363', 'M'),
(1104, '1364', 'A'),
(1104, '1365', 'M'),
(1104, '1367', 'M'),
(1104, '1591', 'M'),
(1113, '1102', 'M'),
(1113, '1607', 'M'),
(1113, '1608', 'M'),
(1113, '1609', 'M'),
(1113, '1610', 'M'),
(1113, '1611', 'M'),
(1113, '1612', 'M'),
(1114, '2377', 'M'),
(1115, '0124', 'M'),
(1115, '0128', 'M'),
(1115, '0131', 'M'),
(1115, '0194', 'M'),
(1115, '1234', 'M'),
(1116, '0118', 'M'),
(1116, '0128', 'M'),
(1116, '0131', 'M'),
(1116, '0194', 'M'),
(1116, '1232', 'M'),
(1117, '0201', 'M'),
(1117, '0206', 'M'),
(1117, '0233', 'M'),
(1117, '0294', 'M'),
(1117, '2008', 'M'),
(1117, '2243', 'M'),
(1118, '0101', 'M'),
(1118, '0104', 'M'),
(1118, '0106', 'M'),
(1118, '0113', 'M'),
(1118, '0118', 'M'),
(1118, '0121', 'M'),
(1118, '3771', 'M'),
(1119, '0506', 'M'),
(1119, '5009', 'M'),
(1119, '5010', 'M'),
(1119, '5013', 'M'),
(1119, '5022', 'M'),
(1119, '5080', 'M'),
(1119, '5097', 'M'),
(1119, '5286', 'M'),
(1120, '0104', 'M'),
(1120, '0106', 'M'),
(1120, '1102', 'M'),
(1120, '1188', 'M'),
(1120, '1591', 'M'),
(1121, '0106', 'M'),
(1121, '1102', 'M'),
(1121, '1188', 'M'),
(1121, '1591', 'M'),
(1122, '1102', 'M'),
(1122, '1479', 'M'),
(1122, '1601', 'M'),
(1122, '1602', 'M'),
(1123, '1440', 'M'),
(1123, '1479', 'M'),
(1123, '1601', 'M'),
(1123, '1602', 'M'),
(1124, '2603', 'M'),
(1124, '2604', 'M'),
(1124, '2605', 'M'),
(1125, '1607', 'M'),
(1125, '1609', 'M'),
(1125, '1611', 'M'),
(1125, '1612', 'M'),
(1139, '0401', 'M'),
(1139, '0405', 'M'),
(1139, '0406', 'M'),
(1139, '0413', 'M'),
(1139, '0414', 'M'),
(1139, '0415', 'M'),
(1139, '0418', 'M'),
(1139, '0422', 'M'),
(1139, '0431', 'M'),
(1139, '0489', 'M'),
(1139, '0494', 'M'),
(1139, '0495', 'M'),
(1139, '4232', 'M'),
(1145, '0201', 'M'),
(1145, '0206', 'M'),
(1145, '0212', 'M'),
(1145, '0214', 'M'),
(1145, '0215', 'M'),
(1145, '0218', 'M'),
(1145, '0222', 'M'),
(1145, '0233', 'M'),
(1145, '0235', 'M'),
(1145, '0294', 'M'),
(1145, '2008', 'M'),
(1145, '2243', 'M'),
(1172, '1440', 'M'),
(1172, '1479', 'M'),
(1172, '1601', 'M'),
(1172, '1602', 'M'),
(1173, '2603', 'M'),
(1173, '2604', 'M'),
(1173, '2605', 'M'),
(1175, '1102', 'M'),
(1175, '1608', 'A'),
(1175, '2610', 'M'),
(1176, '0101', 'M'),
(1176, '0106', 'M'),
(1176, '0110', 'M'),
(1176, '0111', 'M'),
(1176, '0113', 'M'),
(1176, '0114', 'M'),
(1176, '0115', 'M'),
(1176, '0118', 'M'),
(1176, '0121', 'M'),
(1176, '0122', 'M'),
(1176, '0190', 'M'),
(1176, '0194', 'M'),
(1176, '1355', 'M'),
(1176, '1761', 'M'),
(1177, '0201', 'M'),
(1177, '0206', 'A'),
(1177, '0210', 'M'),
(1177, '0211', 'M'),
(1177, '0213', 'M'),
(1177, '0214', 'M'),
(1177, '0215', 'M'),
(1177, '0218', 'M'),
(1177, '0221', 'M'),
(1177, '0222', 'M'),
(1177, '0290', 'M'),
(1177, '0294', 'M'),
(1177, '2355', 'M'),
(1177, '2761', 'M'),
(1178, '0301', 'M'),
(1178, '0306', 'M'),
(1178, '0310', 'M'),
(1178, '0311', 'M'),
(1178, '0313', 'M'),
(1178, '0314', 'M'),
(1178, '0315', 'A'),
(1178, '0318', 'M'),
(1178, '0321', 'M'),
(1178, '0322', 'M'),
(1178, '0390', 'M'),
(1178, '0394', 'M'),
(1209, '1102', 'M'),
(1209, '1440', 'M'),
(1209, '1479', 'M'),
(1209, '1601', 'M'),
(1209, '1602', 'M'),
(1209, '1604', 'M'),
(1210, '2603', 'M'),
(1210, '2605', 'M'),
(1210, '2606', 'M'),
(1211, '1102', 'M'),
(1211, '1607', 'M'),
(1211, '1608', 'M'),
(1211, '1609', 'M'),
(1211, '1610', 'M'),
(1211, '1611', 'M'),
(1211, '1612', 'M'),
(1213, '0124', 'M'),
(1213, '0128', 'M'),
(1213, '0131', 'M'),
(1213, '0194', 'M'),
(1213, '1234', 'M'),
(1216, '0101', 'M'),
(1216, '0104', 'M'),
(1216, '0106', 'M'),
(1216, '0113', 'M'),
(1216, '0118', 'M'),
(1216, '0121', 'M'),
(1216, '3771', 'M'),
(1224, '1102', 'M'),
(1224, '1608', 'M'),
(1224, '2610', 'M'),
(1226, '0201', 'M'),
(1226, '0206', 'M'),
(1226, '0210', 'M'),
(1226, '0211', 'M'),
(1226, '0213', 'M'),
(1226, '0214', 'M'),
(1226, '0215', 'M'),
(1226, '0218', 'M'),
(1226, '0221', 'M'),
(1226, '0222', 'M'),
(1226, '0290', 'M'),
(1226, '0294', 'M'),
(1226, '2355', 'M'),
(1226, '2761', 'M'),
(1227, '0301', 'M'),
(1227, '0306', 'A'),
(1227, '0310', 'M'),
(1227, '0311', 'M'),
(1227, '0313', 'M'),
(1227, '0314', 'M'),
(1227, '0315', 'M'),
(1227, '0318', 'M'),
(1227, '0321', 'M'),
(1227, '0322', 'M'),
(1227, '0390', 'M'),
(1227, '0394', 'M'),
(1228, '0301', 'M'),
(1228, '0306', 'M'),
(1228, '0310', 'M'),
(1228, '0311', 'M'),
(1228, '0313', 'M'),
(1228, '0314', 'M'),
(1228, '0315', 'A'),
(1228, '0318', 'M'),
(1228, '0321', 'M'),
(1228, '0322', 'M'),
(1228, '0331', 'M'),
(1228, '0390', 'M'),
(1229, '0301', 'M'),
(1229, '0304', 'A'),
(1229, '0306', 'M'),
(1229, '0310', 'M'),
(1229, '0311', 'M'),
(1229, '0313', 'M'),
(1229, '0314', 'A'),
(1229, '0315', 'M'),
(1229, '0318', 'M'),
(1229, '0321', 'M'),
(1229, '0322', 'M'),
(1229, '0331', 'M'),
(1229, '0390', 'M'),
(1230, '0301', 'M'),
(1230, '0306', 'M'),
(1230, '0310', 'M'),
(1230, '0311', 'M'),
(1230, '0313', 'A'),
(1230, '0315', 'M'),
(1230, '0318', 'M'),
(1230, '0321', 'M'),
(1230, '0322', 'M'),
(1230, '0390', 'M'),
(1230, '3355', 'M'),
(1230, '3761', 'M'),
(1231, '0301', 'M'),
(1231, '0306', 'M'),
(1231, '0310', 'M'),
(1231, '0311', 'M'),
(1231, '0313', 'M'),
(1231, '0314', 'M'),
(1231, '0318', 'M'),
(1231, '0321', 'M'),
(1231, '0322', 'A'),
(1231, '0390', 'M'),
(1231, '3761', 'M'),
(1234, '0401', 'M'),
(1234, '0404', 'M'),
(1234, '0405', 'M'),
(1234, '0406', 'M'),
(1234, '0413', 'M'),
(1234, '0414', 'M'),
(1234, '0415', 'M'),
(1234, '0419', 'M'),
(1234, '0422', 'M'),
(1234, '0431', 'M'),
(1234, '0432', 'M'),
(1234, '0489', 'M'),
(1234, '0490', 'M'),
(1234, '0494', 'M'),
(1234, '4232', 'M'),
(1234, '4745', 'M'),
(1236, '0113', 'M'),
(1236, '0401', 'M'),
(1236, '0404', 'M'),
(1236, '0405', 'M'),
(1236, '0406', 'M'),
(1236, '0410', 'M'),
(1236, '0411', 'M'),
(1236, '0413', 'M'),
(1236, '0414', 'M'),
(1236, '0415', 'M'),
(1236, '0418', 'M'),
(1236, '0422', 'M'),
(1236, '0464', 'M'),
(1236, '0489', 'M'),
(1236, '4480', 'M'),
(1236, '4481', 'M'),
(1237, '0401', 'M'),
(1237, '0405', 'M'),
(1237, '0406', 'M'),
(1237, '0413', 'M'),
(1237, '0414', 'M'),
(1237, '0415', 'M'),
(1237, '0418', 'M'),
(1237, '0422', 'M'),
(1237, '0431', 'M'),
(1237, '0489', 'M'),
(1237, '0494', 'M'),
(1237, '0495', 'M'),
(1237, '4232', 'M'),
(1238, '0101', 'M'),
(1238, '0106', 'M'),
(1238, '0114', 'M'),
(1238, '0118', 'M'),
(1238, '0122', 'M'),
(1238, '0128', 'M'),
(1238, '0131', 'M'),
(1238, '0132', 'M'),
(1238, '0194', 'M'),
(1238, '1232', 'M'),
(1239, '0101', 'M'),
(1239, '0106', 'M'),
(1239, '0114', 'M'),
(1239, '0115', 'M'),
(1239, '0118', 'M'),
(1239, '0122', 'M'),
(1239, '0128', 'M'),
(1239, '0131', 'M'),
(1239, '0132', 'M'),
(1239, '0191', 'M'),
(1239, '0194', 'M'),
(1239, '1232', 'M'),
(1240, '0101', 'M'),
(1240, '0106', 'M'),
(1240, '0114', 'M'),
(1240, '0115', 'M'),
(1240, '0122', 'M'),
(1240, '0124', 'M'),
(1240, '0126', 'M'),
(1240, '0128', 'M'),
(1240, '0131', 'M'),
(1240, '0194', 'M'),
(1240, '1234', 'M'),
(1240, '1241', 'M'),
(1241, '0101', 'M'),
(1241, '0106', 'M'),
(1241, '0114', 'M'),
(1241, '0122', 'M'),
(1241, '0128', 'M'),
(1241, '0131', 'M'),
(1241, '0194', 'M'),
(1241, '1021', 'M'),
(1241, '1234', 'M'),
(1241, '1236', 'M'),
(1242, '0101', 'M'),
(1242, '0106', 'M'),
(1242, '0114', 'M'),
(1242, '0115', 'M'),
(1242, '0122', 'M'),
(1242, '0128', 'M'),
(1242, '0131', 'M'),
(1242, '0194', 'M'),
(1242, '1021', 'M'),
(1242, '1234', 'M'),
(1242, '1236', 'M'),
(1242, '1241', 'M'),
(1243, '0201', 'M'),
(1243, '0206', 'M'),
(1243, '0212', 'M'),
(1243, '0214', 'M'),
(1243, '0215', 'M'),
(1243, '0218', 'M'),
(1243, '0222', 'M'),
(1243, '0233', 'M'),
(1243, '0235', 'M'),
(1243, '0294', 'M'),
(1243, '2008', 'M'),
(1243, '2243', 'M'),
(1244, '0201', 'M'),
(1244, '0206', 'M'),
(1244, '0212', 'M'),
(1244, '0214', 'M'),
(1244, '0215', 'M'),
(1244, '0222', 'M'),
(1244, '0234', 'M'),
(1244, '0236', 'M'),
(1244, '0294', 'M'),
(1244, '2008', 'M'),
(1244, '2233', 'M'),
(1244, '2243', 'M'),
(1245, '0201', 'M'),
(1245, '0206', 'M'),
(1245, '0212', 'M'),
(1245, '0214', 'M'),
(1245, '0215', 'M'),
(1245, '0222', 'M'),
(1245, '0234', 'M'),
(1245, '0236', 'M'),
(1245, '0238', 'M'),
(1245, '0294', 'M'),
(1245, '2233', 'M'),
(1245, '2249', 'M'),
(1246, '0201', 'M'),
(1246, '0206', 'M'),
(1246, '0212', 'M'),
(1246, '0215', 'M'),
(1246, '0222', 'M'),
(1246, '0275', 'M'),
(1246, '0294', 'M'),
(1246, '2189', 'M'),
(1246, '2236', 'M'),
(1246, '2237', 'M'),
(1246, '2243', 'M'),
(1246, '2262', 'M'),
(1247, '0201', 'M'),
(1247, '0204', 'M'),
(1247, '0206', 'M'),
(1247, '0212', 'M'),
(1247, '0214', 'M'),
(1247, '0215', 'M'),
(1247, '0222', 'M'),
(1247, '0275', 'M'),
(1247, '0292', 'M'),
(1247, '0294', 'M'),
(1247, '2189', 'M'),
(1247, '2236', 'M'),
(1247, '2237', 'M'),
(1247, '2243', 'M'),
(1247, '2262', 'M'),
(1248, '1102', 'M'),
(1248, '1315', 'M'),
(1248, '1348', 'M'),
(1248, '1997', 'M'),
(1249, '1102', 'M'),
(1249, '1315', 'M'),
(1249, '1348', 'M'),
(1249, '1997', 'M'),
(1251, '0106', 'M'),
(1251, '1102', 'M'),
(1251, '1362', 'M'),
(1251, '1363', 'M'),
(1251, '1364', 'M'),
(1251, '1365', 'M'),
(1251, '1367', 'A'),
(1251, '1591', 'M'),
(1252, '2377', 'M'),
(1253, '0104', 'M'),
(1253, '0106', 'M'),
(1253, '1188', 'M'),
(1253, '1367', 'M'),
(1253, '1588', 'M'),
(1253, '1591', 'M'),
(1253, '1993', 'M'),
(1254, '2102', 'M'),
(1254, '2107', 'M'),
(1254, '2197', 'M'),
(1254, '2377', 'M'),
(1254, '2587', 'M'),
(1254, '2589', 'M'),
(1255, '0506', 'M'),
(1255, '0518', 'M'),
(1255, '0520', 'M'),
(1255, '0522', 'M'),
(1255, '5010', 'M'),
(1255, '5023', 'A'),
(1255, '5024', 'M'),
(1255, '5025', 'M'),
(1255, '5080', 'M'),
(1255, '5287', 'M'),
(1256, '0518', 'M'),
(1256, '0520', 'M'),
(1256, '0522', 'A'),
(1256, '5010', 'M'),
(1256, '5023', 'M'),
(1256, '5024', 'M'),
(1256, '5025', 'M'),
(1256, '5080', 'M'),
(1256, '5287', 'M'),
(1257, '1102', 'M'),
(1257, '1440', 'M'),
(1257, '1479', 'M'),
(1257, '1601', 'A'),
(1257, '1602', 'M'),
(1257, '1604', 'M'),
(1258, '1102', 'M'),
(1258, '1440', 'A'),
(1258, '1479', 'M'),
(1258, '1601', 'M'),
(1258, '1602', 'M'),
(1258, '1604', 'M'),
(1259, '2603', 'M'),
(1259, '2605', 'M'),
(1259, '2606', 'M'),
(1260, '1102', 'M'),
(1260, '1607', 'M'),
(1260, '1608', 'M'),
(1260, '1609', 'M'),
(1260, '1610', 'M'),
(1260, '1611', 'M'),
(1260, '1612', 'M'),
(1261, '2377', 'M'),
(1262, '0124', 'M'),
(1262, '0128', 'M'),
(1262, '0131', 'M'),
(1262, '0194', 'M'),
(1262, '1234', 'M'),
(1263, '0118', 'M'),
(1263, '0128', 'M'),
(1263, '0131', 'M'),
(1263, '0194', 'M'),
(1263, '1232', 'M'),
(1264, '0201', 'M'),
(1264, '0206', 'M'),
(1264, '0233', 'M'),
(1264, '0294', 'M'),
(1264, '2008', 'M'),
(1264, '2243', 'M'),
(1265, '0101', 'M'),
(1265, '0104', 'M'),
(1265, '0106', 'M'),
(1265, '0113', 'M'),
(1265, '0118', 'M'),
(1265, '0121', 'M'),
(1265, '3771', 'M'),
(1266, '0506', 'M'),
(1266, '5009', 'M'),
(1266, '5010', 'M'),
(1266, '5013', 'M'),
(1266, '5022', 'M'),
(1266, '5080', 'M'),
(1266, '5097', 'M'),
(1266, '5286', 'M'),
(1267, '0104', 'M'),
(1267, '0106', 'M'),
(1267, '1102', 'M'),
(1267, '1188', 'M'),
(1267, '1591', 'M'),
(1268, '0106', 'M'),
(1268, '1102', 'M'),
(1268, '1188', 'M'),
(1268, '1591', 'M'),
(1269, '1102', 'M'),
(1269, '1479', 'M'),
(1269, '1601', 'M'),
(1269, '1602', 'M'),
(1270, '1440', 'M'),
(1270, '1479', 'M'),
(1270, '1601', 'M'),
(1270, '1602', 'M'),
(1272, '1607', 'M'),
(1272, '1609', 'M'),
(1272, '1611', 'M'),
(1272, '1612', 'M'),
(1273, '1102', 'M'),
(1273, '1608', 'M'),
(1273, '2610', 'M'),
(1274, '0101', 'M'),
(1274, '0106', 'M'),
(1274, '0110', 'M'),
(1274, '0111', 'M'),
(1274, '0113', 'M'),
(1274, '0114', 'M'),
(1274, '0115', 'M'),
(1274, '0118', 'M'),
(1274, '0121', 'M'),
(1274, '0122', 'M'),
(1274, '0190', 'M'),
(1274, '0194', 'M'),
(1274, '1355', 'M'),
(1274, '1761', 'M'),
(1275, '0201', 'M'),
(1275, '0206', 'M'),
(1275, '0210', 'M'),
(1275, '0211', 'M'),
(1275, '0213', 'M'),
(1275, '0214', 'M'),
(1275, '0215', 'M'),
(1275, '0218', 'A'),
(1275, '0221', 'M'),
(1275, '0222', 'M'),
(1275, '0290', 'M'),
(1275, '0294', 'M'),
(1275, '2355', 'M'),
(1275, '2761', 'M'),
(1279, '0301', 'M'),
(1279, '0306', 'M'),
(1279, '0310', 'M'),
(1279, '0311', 'M'),
(1279, '0313', 'M'),
(1279, '0315', 'M'),
(1279, '0318', 'M'),
(1279, '0321', 'M'),
(1279, '0322', 'M'),
(1279, '0390', 'M'),
(1279, '3355', 'M'),
(1279, '3761', 'M'),
(1280, '0301', 'M'),
(1280, '0306', 'M'),
(1280, '0310', 'M'),
(1280, '0311', 'M'),
(1280, '0313', 'A'),
(1280, '0314', 'M'),
(1280, '0318', 'M'),
(1280, '0321', 'M'),
(1280, '0322', 'M'),
(1280, '0390', 'M'),
(1280, '3761', 'M'),
(1281, '0301', 'M'),
(1281, '0304', 'M'),
(1281, '0306', 'M'),
(1281, '0310', 'M'),
(1281, '0311', 'M'),
(1281, '0313', 'M'),
(1281, '0314', 'M'),
(1281, '0315', 'M'),
(1281, '0318', 'M'),
(1281, '0321', 'M'),
(1281, '0322', 'A'),
(1281, '0390', 'M'),
(1281, '0394', 'M'),
(1281, '3355', 'M'),
(1281, '3761', 'M'),
(1282, '0401', 'A'),
(1282, '0405', 'M'),
(1282, '0406', 'M'),
(1282, '0413', 'M'),
(1282, '0414', 'M'),
(1282, '0415', 'M'),
(1282, '0419', 'M'),
(1282, '0422', 'M'),
(1282, '0431', 'A'),
(1282, '0432', 'M'),
(1282, '0489', 'M'),
(1282, '4232', 'M'),
(1282, '4745', 'M'),
(1283, '0401', 'M'),
(1283, '0404', 'M'),
(1283, '0405', 'M'),
(1283, '0406', 'M'),
(1283, '0413', 'M'),
(1283, '0414', 'M'),
(1283, '0415', 'M'),
(1283, '0419', 'M'),
(1283, '0422', 'M'),
(1283, '0431', 'M'),
(1283, '0432', 'M'),
(1283, '0489', 'M'),
(1283, '0490', 'A'),
(1283, '0494', 'M'),
(1283, '4232', 'M'),
(1283, '4745', 'M'),
(1284, '0401', 'M'),
(1284, '0405', 'M'),
(1284, '0406', 'M'),
(1284, '0410', 'M'),
(1284, '0411', 'M'),
(1284, '0413', 'M'),
(1284, '0414', 'M'),
(1284, '0415', 'M'),
(1284, '0418', 'M'),
(1284, '0422', 'M'),
(1284, '0431', 'M'),
(1284, '0489', 'M'),
(1284, '0494', 'M'),
(1284, '0495', 'M'),
(1292, '0201', 'M'),
(1292, '0206', 'M'),
(1292, '0212', 'M'),
(1292, '0214', 'M'),
(1292, '0215', 'M'),
(1292, '0218', 'M'),
(1292, '0222', 'M'),
(1292, '0233', 'M'),
(1292, '0235', 'M'),
(1292, '0294', 'M'),
(1292, '2008', 'M'),
(1292, '2243', 'M'),
(1293, '0201', 'M'),
(1293, '0206', 'M'),
(1293, '0212', 'M'),
(1293, '0214', 'M'),
(1293, '0215', 'M'),
(1293, '0222', 'M'),
(1293, '0234', 'M'),
(1293, '0236', 'M'),
(1293, '0294', 'M'),
(1293, '2008', 'M'),
(1293, '2233', 'M'),
(1293, '2243', 'M'),
(1294, '0201', 'M'),
(1294, '0206', 'M'),
(1294, '0212', 'M'),
(1294, '0214', 'M'),
(1294, '0215', 'M'),
(1294, '0222', 'M'),
(1294, '0234', 'M'),
(1294, '0236', 'M'),
(1294, '0238', 'M'),
(1294, '0294', 'M'),
(1294, '2233', 'M'),
(1294, '2249', 'M'),
(1295, '0201', 'M'),
(1295, '0206', 'M'),
(1295, '0212', 'M'),
(1295, '0215', 'M'),
(1295, '0222', 'M'),
(1295, '0275', 'M'),
(1295, '0294', 'M'),
(1295, '2189', 'M'),
(1295, '2236', 'M'),
(1295, '2237', 'M'),
(1295, '2243', 'M'),
(1295, '2262', 'M'),
(1296, '0201', 'M'),
(1296, '0204', 'M'),
(1296, '0206', 'M'),
(1296, '0212', 'M'),
(1296, '0214', 'M'),
(1296, '0215', 'M'),
(1296, '0222', 'M'),
(1296, '0275', 'M'),
(1296, '0292', 'M'),
(1296, '0294', 'M'),
(1296, '2189', 'M'),
(1296, '2236', 'M'),
(1296, '2237', 'M'),
(1296, '2243', 'M'),
(1296, '2262', 'M'),
(1304, '0506', 'M'),
(1304, '0518', 'M'),
(1304, '0520', 'M'),
(1304, '0522', 'M'),
(1304, '5010', 'M'),
(1304, '5023', 'M'),
(1304, '5024', 'A'),
(1304, '5025', 'M'),
(1304, '5080', 'M'),
(1304, '5287', 'M'),
(1305, '0518', 'M'),
(1305, '0520', 'M'),
(1305, '0522', 'M'),
(1305, '5010', 'M'),
(1305, '5023', 'A'),
(1305, '5024', 'M'),
(1305, '5025', 'M'),
(1305, '5080', 'M'),
(1305, '5287', 'M'),
(1307, '1102', 'M'),
(1307, '1440', 'M'),
(1307, '1479', 'M'),
(1307, '1601', 'A'),
(1307, '1602', 'M'),
(1307, '1604', 'M'),
(1308, '2603', 'M'),
(1308, '2605', 'M'),
(1308, '2606', 'M'),
(1309, '1102', 'M'),
(1309, '1607', 'M'),
(1309, '1608', 'M'),
(1309, '1609', 'M'),
(1309, '1610', 'M'),
(1309, '1611', 'M'),
(1309, '1612', 'M'),
(1310, '2377', 'M'),
(1313, '0201', 'M'),
(1313, '0206', 'M'),
(1313, '0233', 'M'),
(1313, '0294', 'M'),
(1313, '2008', 'M'),
(1313, '2243', 'M'),
(1318, '1102', 'M'),
(1318, '1479', 'M'),
(1318, '1601', 'M'),
(1318, '1602', 'M'),
(1322, '1102', 'M'),
(1322, '1608', 'M'),
(1322, '2610', 'M'),
(1323, '0101', 'M'),
(1323, '0106', 'M'),
(1323, '0110', 'M'),
(1323, '0111', 'M'),
(1323, '0113', 'M'),
(1323, '0114', 'M'),
(1323, '0115', 'M'),
(1323, '0118', 'M'),
(1323, '0121', 'M'),
(1323, '0122', 'M'),
(1323, '0190', 'M'),
(1323, '0194', 'M'),
(1323, '1355', 'M'),
(1323, '1761', 'M'),
(1324, '0201', 'M'),
(1324, '0206', 'M'),
(1324, '0210', 'M'),
(1324, '0211', 'M'),
(1324, '0213', 'M'),
(1324, '0214', 'M'),
(1324, '0215', 'M'),
(1324, '0218', 'M'),
(1324, '0221', 'M'),
(1324, '0222', 'M'),
(1324, '0290', 'M'),
(1324, '0294', 'M'),
(1324, '2355', 'M'),
(1324, '2761', 'M'),
(1325, '0301', 'M'),
(1325, '0306', 'M'),
(1325, '0310', 'M'),
(1325, '0311', 'M'),
(1325, '0313', 'M'),
(1325, '0314', 'M'),
(1325, '0315', 'M'),
(1325, '0318', 'A'),
(1325, '0321', 'M'),
(1325, '0322', 'M'),
(1325, '0390', 'M'),
(1325, '0394', 'M'),
(1327, '0301', 'M'),
(1327, '0304', 'M'),
(1327, '0306', 'A'),
(1327, '0310', 'M'),
(1327, '0311', 'M'),
(1327, '0313', 'M'),
(1327, '0314', 'M'),
(1327, '0315', 'M'),
(1327, '0318', 'M'),
(1327, '0321', 'M'),
(1327, '0322', 'M'),
(1327, '0331', 'M'),
(1327, '0390', 'M'),
(1330, '0301', 'M'),
(1330, '0304', 'M'),
(1330, '0306', 'M'),
(1330, '0310', 'M'),
(1330, '0311', 'M'),
(1330, '0313', 'A'),
(1330, '0314', 'M'),
(1330, '0315', 'M'),
(1330, '0318', 'M'),
(1330, '0321', 'M'),
(1330, '0322', 'M'),
(1330, '0390', 'M'),
(1330, '0394', 'M'),
(1330, '3355', 'M'),
(1330, '3761', 'M'),
(1331, '0401', 'M'),
(1331, '0405', 'M'),
(1331, '0406', 'M'),
(1331, '0413', 'M'),
(1331, '0414', 'M'),
(1331, '0415', 'M'),
(1331, '0419', 'M'),
(1331, '0422', 'A'),
(1331, '0431', 'M'),
(1331, '0432', 'A'),
(1331, '0489', 'M'),
(1331, '4232', 'A'),
(1331, '4745', 'M'),
(1333, '0401', 'M'),
(1333, '0405', 'M'),
(1333, '0406', 'M'),
(1333, '0410', 'A'),
(1333, '0411', 'M'),
(1333, '0413', 'M'),
(1333, '0414', 'M'),
(1333, '0415', 'M'),
(1333, '0418', 'M'),
(1333, '0422', 'M'),
(1333, '0431', 'M'),
(1333, '0489', 'M'),
(1333, '0494', 'M'),
(1333, '0495', 'M'),
(1334, '0113', 'M'),
(1334, '0401', 'M'),
(1334, '0404', 'M'),
(1334, '0405', 'M'),
(1334, '0406', 'M'),
(1334, '0410', 'M'),
(1334, '0411', 'M'),
(1334, '0413', 'M'),
(1334, '0414', 'M'),
(1334, '0415', 'M'),
(1334, '0418', 'M'),
(1334, '0422', 'M'),
(1334, '0464', 'M'),
(1334, '0489', 'M'),
(1334, '4480', 'M'),
(1334, '4481', 'M'),
(1335, '0401', 'M'),
(1335, '0405', 'M'),
(1335, '0406', 'M'),
(1335, '0413', 'M'),
(1335, '0414', 'M'),
(1335, '0415', 'M');
INSERT INTO `alumnos_materias` (`nExpediente`, `idAsignatura`, `estado`) VALUES
(1335, '0418', 'M'),
(1335, '0422', 'M'),
(1335, '0431', 'M'),
(1335, '0489', 'M'),
(1335, '0494', 'M'),
(1335, '0495', 'M'),
(1335, '4232', 'M'),
(1337, '0101', 'M'),
(1337, '0106', 'M'),
(1337, '0114', 'M'),
(1337, '0115', 'M'),
(1337, '0118', 'M'),
(1337, '0122', 'M'),
(1337, '0128', 'M'),
(1337, '0131', 'M'),
(1337, '0132', 'M'),
(1337, '0191', 'M'),
(1337, '0194', 'M'),
(1337, '1232', 'M'),
(1338, '0101', 'M'),
(1338, '0106', 'M'),
(1338, '0114', 'M'),
(1338, '0115', 'M'),
(1338, '0122', 'M'),
(1338, '0124', 'M'),
(1338, '0126', 'M'),
(1338, '0128', 'M'),
(1338, '0131', 'M'),
(1338, '0194', 'M'),
(1338, '1234', 'M'),
(1338, '1241', 'M'),
(1339, '0101', 'M'),
(1339, '0106', 'M'),
(1339, '0114', 'M'),
(1339, '0122', 'M'),
(1339, '0128', 'M'),
(1339, '0131', 'M'),
(1339, '0194', 'M'),
(1339, '1021', 'M'),
(1339, '1234', 'M'),
(1339, '1236', 'M'),
(1343, '0201', 'M'),
(1343, '0206', 'M'),
(1343, '0212', 'M'),
(1343, '0214', 'M'),
(1343, '0215', 'M'),
(1343, '0222', 'M'),
(1343, '0234', 'M'),
(1343, '0236', 'M'),
(1343, '0238', 'M'),
(1343, '0294', 'M'),
(1343, '2233', 'M'),
(1343, '2249', 'M'),
(1344, '0201', 'M'),
(1344, '0206', 'M'),
(1344, '0212', 'M'),
(1344, '0215', 'M'),
(1344, '0222', 'M'),
(1344, '0275', 'M'),
(1344, '0294', 'M'),
(1344, '2189', 'M'),
(1344, '2236', 'M'),
(1344, '2237', 'M'),
(1344, '2243', 'M'),
(1344, '2262', 'M'),
(1345, '0201', 'M'),
(1345, '0204', 'M'),
(1345, '0206', 'M'),
(1345, '0212', 'M'),
(1345, '0214', 'M'),
(1345, '0215', 'M'),
(1345, '0222', 'M'),
(1345, '0275', 'M'),
(1345, '0292', 'M'),
(1345, '0294', 'M'),
(1345, '2189', 'M'),
(1345, '2236', 'M'),
(1345, '2237', 'M'),
(1345, '2243', 'M'),
(1345, '2262', 'M'),
(1347, '1102', 'M'),
(1347, '1315', 'M'),
(1347, '1348', 'M'),
(1347, '1997', 'M'),
(1348, '0104', 'M'),
(1348, '0106', 'M'),
(1348, '1102', 'M'),
(1348, '1362', 'M'),
(1348, '1363', 'M'),
(1348, '1364', 'M'),
(1348, '1365', 'M'),
(1348, '1367', 'M'),
(1348, '1591', 'M'),
(1349, '0106', 'M'),
(1349, '1102', 'M'),
(1349, '1362', 'M'),
(1349, '1363', 'M'),
(1349, '1364', 'M'),
(1349, '1365', 'M'),
(1349, '1367', 'M'),
(1349, '1591', 'M'),
(1350, '2377', 'M'),
(1353, '0506', 'M'),
(1353, '0518', 'M'),
(1353, '0520', 'M'),
(1353, '0522', 'M'),
(1353, '5010', 'M'),
(1353, '5023', 'M'),
(1353, '5024', 'M'),
(1353, '5025', 'A'),
(1353, '5080', 'M'),
(1353, '5287', 'M'),
(1354, '0518', 'M'),
(1354, '0520', 'M'),
(1354, '0522', 'M'),
(1354, '5010', 'M'),
(1354, '5023', 'M'),
(1354, '5024', 'A'),
(1354, '5025', 'M'),
(1354, '5080', 'M'),
(1354, '5287', 'M'),
(1356, '1102', 'A'),
(1356, '1440', 'M'),
(1356, '1479', 'M'),
(1356, '1601', 'M'),
(1356, '1602', 'A'),
(1356, '1604', 'M'),
(1358, '1102', 'M'),
(1358, '1607', 'M'),
(1358, '1608', 'M'),
(1358, '1609', 'M'),
(1358, '1610', 'A'),
(1358, '1611', 'M'),
(1358, '1612', 'M'),
(1359, '2377', 'M'),
(1361, '0118', 'M'),
(1361, '0128', 'M'),
(1361, '0131', 'M'),
(1361, '0194', 'M'),
(1361, '1232', 'M'),
(1362, '0201', 'M'),
(1362, '0206', 'M'),
(1362, '0233', 'M'),
(1362, '0294', 'M'),
(1362, '2008', 'M'),
(1362, '2243', 'M'),
(1363, '0101', 'M'),
(1363, '0104', 'M'),
(1363, '0106', 'M'),
(1363, '0113', 'M'),
(1363, '0118', 'M'),
(1363, '0121', 'M'),
(1363, '3771', 'M'),
(1364, '0506', 'M'),
(1364, '5009', 'M'),
(1364, '5010', 'M'),
(1364, '5013', 'M'),
(1364, '5022', 'M'),
(1364, '5080', 'M'),
(1364, '5097', 'M'),
(1364, '5286', 'M'),
(1366, '0106', 'M'),
(1366, '1102', 'M'),
(1366, '1188', 'M'),
(1366, '1591', 'M'),
(1367, '1102', 'M'),
(1367, '1479', 'M'),
(1367, '1601', 'M'),
(1367, '1602', 'M'),
(1370, '1607', 'M'),
(1370, '1609', 'M'),
(1370, '1611', 'M'),
(1370, '1612', 'M'),
(1375, '0301', 'M'),
(1375, '0306', 'M'),
(1375, '0310', 'M'),
(1375, '0311', 'M'),
(1375, '0313', 'M'),
(1375, '0314', 'M'),
(1375, '0315', 'M'),
(1375, '0318', 'A'),
(1375, '0321', 'M'),
(1375, '0322', 'M'),
(1375, '0331', 'M'),
(1375, '0390', 'M'),
(1376, '0301', 'M'),
(1376, '0304', 'M'),
(1376, '0306', 'M'),
(1376, '0310', 'M'),
(1376, '0311', 'M'),
(1376, '0313', 'M'),
(1376, '0314', 'M'),
(1376, '0315', 'M'),
(1376, '0318', 'M'),
(1376, '0321', 'M'),
(1376, '0322', 'M'),
(1376, '0331', 'M'),
(1376, '0390', 'M'),
(1377, '0301', 'M'),
(1377, '0306', 'A'),
(1377, '0310', 'M'),
(1377, '0311', 'M'),
(1377, '0313', 'M'),
(1377, '0315', 'M'),
(1377, '0318', 'M'),
(1377, '0321', 'M'),
(1377, '0322', 'M'),
(1377, '0390', 'M'),
(1377, '3355', 'M'),
(1377, '3761', 'M'),
(1378, '0301', 'M'),
(1378, '0306', 'M'),
(1378, '0310', 'M'),
(1378, '0311', 'M'),
(1378, '0313', 'M'),
(1378, '0314', 'M'),
(1378, '0318', 'M'),
(1378, '0321', 'M'),
(1378, '0322', 'M'),
(1378, '0390', 'M'),
(1378, '3761', 'M'),
(1379, '0301', 'M'),
(1379, '0304', 'A'),
(1379, '0306', 'M'),
(1379, '0310', 'M'),
(1379, '0311', 'M'),
(1379, '0313', 'M'),
(1379, '0314', 'A'),
(1379, '0315', 'M'),
(1379, '0318', 'M'),
(1379, '0321', 'M'),
(1379, '0322', 'M'),
(1379, '0390', 'M'),
(1379, '0394', 'A'),
(1379, '3355', 'M'),
(1379, '3761', 'M'),
(1381, '0401', 'M'),
(1381, '0404', 'M'),
(1381, '0405', 'M'),
(1381, '0406', 'M'),
(1381, '0413', 'M'),
(1381, '0414', 'M'),
(1381, '0415', 'M'),
(1381, '0419', 'M'),
(1381, '0422', 'A'),
(1381, '0431', 'M'),
(1381, '0432', 'A'),
(1381, '0489', 'M'),
(1381, '0490', 'M'),
(1381, '0494', 'M'),
(1381, '4232', 'A'),
(1381, '4745', 'M'),
(1385, '0101', 'M'),
(1385, '0106', 'M'),
(1385, '0114', 'M'),
(1385, '0118', 'M'),
(1385, '0122', 'M'),
(1385, '0128', 'M'),
(1385, '0131', 'M'),
(1385, '0132', 'M'),
(1385, '0194', 'M'),
(1385, '1232', 'M'),
(1389, '0101', 'M'),
(1389, '0106', 'M'),
(1389, '0114', 'M'),
(1389, '0115', 'M'),
(1389, '0122', 'M'),
(1389, '0128', 'M'),
(1389, '0131', 'M'),
(1389, '0194', 'M'),
(1389, '1021', 'M'),
(1389, '1234', 'M'),
(1389, '1236', 'M'),
(1389, '1241', 'M'),
(1390, '0201', 'M'),
(1390, '0206', 'M'),
(1390, '0212', 'M'),
(1390, '0214', 'M'),
(1390, '0215', 'M'),
(1390, '0218', 'M'),
(1390, '0222', 'M'),
(1390, '0233', 'M'),
(1390, '0235', 'M'),
(1390, '0294', 'M'),
(1390, '2008', 'M'),
(1390, '2243', 'M'),
(1391, '0201', 'M'),
(1391, '0206', 'M'),
(1391, '0212', 'M'),
(1391, '0214', 'M'),
(1391, '0215', 'M'),
(1391, '0222', 'M'),
(1391, '0234', 'M'),
(1391, '0236', 'M'),
(1391, '0294', 'M'),
(1391, '2008', 'M'),
(1391, '2233', 'M'),
(1391, '2243', 'M'),
(1392, '0201', 'M'),
(1392, '0206', 'M'),
(1392, '0212', 'M'),
(1392, '0214', 'M'),
(1392, '0215', 'M'),
(1392, '0222', 'M'),
(1392, '0234', 'M'),
(1392, '0236', 'M'),
(1392, '0238', 'M'),
(1392, '0294', 'M'),
(1392, '2233', 'M'),
(1392, '2249', 'M'),
(1393, '0201', 'M'),
(1393, '0206', 'M'),
(1393, '0212', 'M'),
(1393, '0215', 'M'),
(1393, '0222', 'M'),
(1393, '0275', 'M'),
(1393, '0294', 'M'),
(1393, '2189', 'M'),
(1393, '2236', 'M'),
(1393, '2237', 'M'),
(1393, '2243', 'M'),
(1393, '2262', 'M'),
(1396, '1102', 'M'),
(1396, '1315', 'M'),
(1396, '1348', 'M'),
(1396, '1997', 'M'),
(1397, '0104', 'M'),
(1397, '0106', 'M'),
(1397, '1102', 'M'),
(1397, '1362', 'M'),
(1397, '1363', 'M'),
(1397, '1364', 'M'),
(1397, '1365', 'M'),
(1397, '1367', 'M'),
(1397, '1591', 'M'),
(1398, '0106', 'M'),
(1398, '1102', 'M'),
(1398, '1362', 'M'),
(1398, '1363', 'M'),
(1398, '1364', 'M'),
(1398, '1365', 'M'),
(1398, '1367', 'M'),
(1398, '1591', 'M'),
(1400, '0104', 'M'),
(1400, '0106', 'M'),
(1400, '1188', 'A'),
(1400, '1367', 'M'),
(1400, '1588', 'A'),
(1400, '1591', 'M'),
(1400, '1993', 'M'),
(1401, '2102', 'M'),
(1401, '2107', 'A'),
(1401, '2197', 'A'),
(1401, '2377', 'A'),
(1401, '2587', 'A'),
(1401, '2589', 'M'),
(1404, '1102', 'M'),
(1404, '1440', 'M'),
(1404, '1479', 'M'),
(1404, '1601', 'M'),
(1404, '1602', 'M'),
(1404, '1604', 'A'),
(1405, '1102', 'M'),
(1405, '1440', 'M'),
(1405, '1479', 'M'),
(1405, '1601', 'M'),
(1405, '1602', 'M'),
(1405, '1604', 'M'),
(1406, '2603', 'M'),
(1406, '2605', 'M'),
(1406, '2606', 'M'),
(1408, '2377', 'M'),
(1409, '0124', 'M'),
(1409, '0128', 'M'),
(1409, '0131', 'M'),
(1409, '0194', 'M'),
(1409, '1234', 'M'),
(1411, '0201', 'M'),
(1411, '0206', 'M'),
(1411, '0233', 'M'),
(1411, '0294', 'M'),
(1411, '2008', 'M'),
(1411, '2243', 'M'),
(1414, '0104', 'M'),
(1414, '0106', 'M'),
(1414, '1102', 'M'),
(1414, '1188', 'M'),
(1414, '1591', 'M'),
(1415, '0106', 'M'),
(1415, '1102', 'M'),
(1415, '1188', 'M'),
(1415, '1591', 'M'),
(1418, '2603', 'M'),
(1418, '2604', 'M'),
(1418, '2605', 'M'),
(1419, '1607', 'M'),
(1419, '1609', 'M'),
(1419, '1611', 'M'),
(1419, '1612', 'M'),
(1425, '0301', 'M'),
(1425, '0304', 'M'),
(1425, '0306', 'M'),
(1425, '0310', 'M'),
(1425, '0311', 'M'),
(1425, '0313', 'M'),
(1425, '0314', 'M'),
(1425, '0315', 'M'),
(1425, '0318', 'A'),
(1425, '0321', 'M'),
(1425, '0322', 'M'),
(1425, '0331', 'M'),
(1425, '0390', 'M'),
(1427, '0301', 'M'),
(1427, '0306', 'A'),
(1427, '0310', 'M'),
(1427, '0311', 'M'),
(1427, '0313', 'M'),
(1427, '0314', 'M'),
(1427, '0318', 'M'),
(1427, '0321', 'M'),
(1427, '0322', 'M'),
(1427, '0390', 'M'),
(1427, '3761', 'M'),
(1430, '0401', 'M'),
(1430, '0404', 'M'),
(1430, '0405', 'M'),
(1430, '0406', 'M'),
(1430, '0413', 'A'),
(1430, '0414', 'M'),
(1430, '0415', 'M'),
(1430, '0419', 'M'),
(1430, '0422', 'M'),
(1430, '0431', 'M'),
(1430, '0432', 'M'),
(1430, '0489', 'M'),
(1430, '0490', 'M'),
(1430, '0494', 'M'),
(1430, '4232', 'M'),
(1430, '4745', 'M'),
(1434, '0101', 'M'),
(1434, '0106', 'M'),
(1434, '0114', 'M'),
(1434, '0118', 'M'),
(1434, '0122', 'M'),
(1434, '0128', 'M'),
(1434, '0131', 'M'),
(1434, '0132', 'M'),
(1434, '0194', 'M'),
(1434, '1232', 'M'),
(1435, '0101', 'M'),
(1435, '0106', 'M'),
(1435, '0114', 'M'),
(1435, '0115', 'M'),
(1435, '0118', 'M'),
(1435, '0122', 'M'),
(1435, '0128', 'M'),
(1435, '0131', 'M'),
(1435, '0132', 'M'),
(1435, '0191', 'M'),
(1435, '0194', 'M'),
(1435, '1232', 'M'),
(1436, '0101', 'M'),
(1436, '0106', 'M'),
(1436, '0114', 'M'),
(1436, '0115', 'M'),
(1436, '0122', 'M'),
(1436, '0124', 'M'),
(1436, '0126', 'M'),
(1436, '0128', 'M'),
(1436, '0131', 'M'),
(1436, '0194', 'M'),
(1436, '1234', 'M'),
(1436, '1241', 'M'),
(1438, '0101', 'M'),
(1438, '0106', 'M'),
(1438, '0114', 'M'),
(1438, '0115', 'M'),
(1438, '0122', 'M'),
(1438, '0128', 'M'),
(1438, '0131', 'M'),
(1438, '0194', 'M'),
(1438, '1021', 'M'),
(1438, '1234', 'M'),
(1438, '1236', 'M'),
(1438, '1241', 'M'),
(1441, '0201', 'M'),
(1441, '0206', 'M'),
(1441, '0212', 'M'),
(1441, '0214', 'M'),
(1441, '0215', 'M'),
(1441, '0222', 'M'),
(1441, '0234', 'M'),
(1441, '0236', 'M'),
(1441, '0238', 'M'),
(1441, '0294', 'M'),
(1441, '2233', 'M'),
(1441, '2249', 'M'),
(1443, '0201', 'M'),
(1443, '0204', 'M'),
(1443, '0206', 'M'),
(1443, '0212', 'M'),
(1443, '0214', 'M'),
(1443, '0215', 'M'),
(1443, '0222', 'M'),
(1443, '0275', 'M'),
(1443, '0292', 'M'),
(1443, '0294', 'M'),
(1443, '2189', 'M'),
(1443, '2236', 'M'),
(1443, '2237', 'M'),
(1443, '2243', 'M'),
(1443, '2262', 'M'),
(1444, '1102', 'M'),
(1444, '1315', 'M'),
(1444, '1348', 'M'),
(1444, '1997', 'M'),
(1445, '1102', 'M'),
(1445, '1315', 'M'),
(1445, '1348', 'M'),
(1445, '1997', 'M'),
(1448, '2377', 'M'),
(1451, '0506', 'M'),
(1451, '0518', 'M'),
(1451, '0520', 'M'),
(1451, '0522', 'M'),
(1451, '5010', 'M'),
(1451, '5023', 'M'),
(1451, '5024', 'M'),
(1451, '5025', 'M'),
(1451, '5080', 'M'),
(1451, '5287', 'A'),
(1452, '0518', 'M'),
(1452, '0520', 'M'),
(1452, '0522', 'M'),
(1452, '5010', 'M'),
(1452, '5023', 'M'),
(1452, '5024', 'M'),
(1452, '5025', 'M'),
(1452, '5080', 'M'),
(1452, '5287', 'M'),
(1453, '1102', 'M'),
(1453, '1440', 'M'),
(1453, '1479', 'M'),
(1453, '1601', 'M'),
(1453, '1602', 'M'),
(1453, '1604', 'M'),
(1454, '1102', 'M'),
(1454, '1440', 'M'),
(1454, '1479', 'M'),
(1454, '1601', 'M'),
(1454, '1602', 'M'),
(1454, '1604', 'A'),
(1456, '1102', 'A'),
(1456, '1607', 'M'),
(1456, '1608', 'M'),
(1456, '1609', 'M'),
(1456, '1610', 'M'),
(1456, '1611', 'M'),
(1456, '1612', 'A'),
(1461, '0101', 'M'),
(1461, '0104', 'M'),
(1461, '0106', 'M'),
(1461, '0113', 'M'),
(1461, '0118', 'M'),
(1461, '0121', 'M'),
(1461, '3771', 'M'),
(1468, '1607', 'M'),
(1468, '1609', 'M'),
(1468, '1611', 'M'),
(1468, '1612', 'M'),
(1469, '1102', 'M'),
(1469, '1608', 'M'),
(1469, '2610', 'M'),
(1470, '0101', 'M'),
(1470, '0106', 'M'),
(1470, '0110', 'M'),
(1470, '0111', 'M'),
(1470, '0113', 'M'),
(1470, '0114', 'M'),
(1470, '0115', 'M'),
(1470, '0118', 'M'),
(1470, '0121', 'M'),
(1470, '0122', 'M'),
(1470, '0190', 'M'),
(1470, '0194', 'M'),
(1470, '1355', 'M'),
(1470, '1761', 'M'),
(1471, '0201', 'M'),
(1471, '0206', 'M'),
(1471, '0210', 'M'),
(1471, '0211', 'M'),
(1471, '0213', 'M'),
(1471, '0214', 'M'),
(1471, '0215', 'M'),
(1471, '0218', 'M'),
(1471, '0221', 'M'),
(1471, '0222', 'M'),
(1471, '0290', 'M'),
(1471, '0294', 'M'),
(1471, '2355', 'M'),
(1471, '2761', 'M'),
(1472, '0301', 'M'),
(1472, '0306', 'M'),
(1472, '0310', 'M'),
(1472, '0311', 'M'),
(1472, '0313', 'M'),
(1472, '0314', 'M'),
(1472, '0315', 'M'),
(1472, '0318', 'M'),
(1472, '0321', 'M'),
(1472, '0322', 'M'),
(1472, '0390', 'M'),
(1472, '0394', 'M'),
(1473, '0301', 'M'),
(1473, '0306', 'M'),
(1473, '0310', 'M'),
(1473, '0311', 'M'),
(1473, '0313', 'M'),
(1473, '0314', 'M'),
(1473, '0315', 'M'),
(1473, '0318', 'M'),
(1473, '0321', 'M'),
(1473, '0322', 'M'),
(1473, '0331', 'M'),
(1473, '0390', 'M'),
(1477, '0301', 'M'),
(1477, '0304', 'M'),
(1477, '0306', 'A'),
(1477, '0310', 'M'),
(1477, '0311', 'M'),
(1477, '0313', 'M'),
(1477, '0314', 'M'),
(1477, '0315', 'M'),
(1477, '0318', 'M'),
(1477, '0321', 'M'),
(1477, '0322', 'M'),
(1477, '0390', 'M'),
(1477, '0394', 'M'),
(1477, '3355', 'M'),
(1477, '3761', 'M'),
(1479, '0401', 'M'),
(1479, '0404', 'A'),
(1479, '0405', 'M'),
(1479, '0406', 'M'),
(1479, '0413', 'M'),
(1479, '0414', 'A'),
(1479, '0415', 'M'),
(1479, '0419', 'M'),
(1479, '0422', 'M'),
(1479, '0431', 'M'),
(1479, '0432', 'M'),
(1479, '0489', 'M'),
(1479, '0490', 'M'),
(1479, '0494', 'A'),
(1479, '4232', 'M'),
(1479, '4745', 'M'),
(1480, '0401', 'M'),
(1480, '0405', 'M'),
(1480, '0406', 'M'),
(1480, '0410', 'M'),
(1480, '0411', 'M'),
(1480, '0413', 'A'),
(1480, '0414', 'M'),
(1480, '0415', 'M'),
(1480, '0418', 'M'),
(1480, '0422', 'M'),
(1480, '0431', 'M'),
(1480, '0489', 'M'),
(1480, '0494', 'M'),
(1480, '0495', 'M'),
(1485, '0101', 'M'),
(1485, '0106', 'M'),
(1485, '0114', 'M'),
(1485, '0115', 'M'),
(1485, '0122', 'M'),
(1485, '0124', 'M'),
(1485, '0126', 'M'),
(1485, '0128', 'M'),
(1485, '0131', 'M'),
(1485, '0194', 'M'),
(1485, '1234', 'M'),
(1485, '1241', 'M'),
(1486, '0101', 'M'),
(1486, '0106', 'M'),
(1486, '0114', 'M'),
(1486, '0122', 'M'),
(1486, '0128', 'M'),
(1486, '0131', 'M'),
(1486, '0194', 'M'),
(1486, '1021', 'M'),
(1486, '1234', 'M'),
(1486, '1236', 'M'),
(1487, '0101', 'M'),
(1487, '0106', 'M'),
(1487, '0114', 'M'),
(1487, '0115', 'M'),
(1487, '0122', 'M'),
(1487, '0128', 'M'),
(1487, '0131', 'M'),
(1487, '0194', 'M'),
(1487, '1021', 'M'),
(1487, '1234', 'M'),
(1487, '1236', 'M'),
(1487, '1241', 'M'),
(1490, '0201', 'M'),
(1490, '0206', 'M'),
(1490, '0212', 'M'),
(1490, '0214', 'M'),
(1490, '0215', 'M'),
(1490, '0222', 'M'),
(1490, '0234', 'M'),
(1490, '0236', 'M'),
(1490, '0238', 'M'),
(1490, '0294', 'M'),
(1490, '2233', 'M'),
(1490, '2249', 'M'),
(1491, '0201', 'M'),
(1491, '0206', 'M'),
(1491, '0212', 'M'),
(1491, '0215', 'M'),
(1491, '0222', 'M'),
(1491, '0275', 'M'),
(1491, '0294', 'M'),
(1491, '2189', 'M'),
(1491, '2236', 'M'),
(1491, '2237', 'M'),
(1491, '2243', 'M'),
(1491, '2262', 'M'),
(1492, '0201', 'M'),
(1492, '0204', 'M'),
(1492, '0206', 'M'),
(1492, '0212', 'M'),
(1492, '0214', 'M'),
(1492, '0215', 'M'),
(1492, '0222', 'M'),
(1492, '0275', 'M'),
(1492, '0292', 'M'),
(1492, '0294', 'M'),
(1492, '2189', 'M'),
(1492, '2236', 'M'),
(1492, '2237', 'M'),
(1492, '2243', 'M'),
(1492, '2262', 'M'),
(1493, '1102', 'M'),
(1493, '1315', 'M'),
(1493, '1348', 'M'),
(1493, '1997', 'M'),
(1495, '0104', 'M'),
(1495, '0106', 'M'),
(1495, '1102', 'M'),
(1495, '1362', 'M'),
(1495, '1363', 'M'),
(1495, '1364', 'M'),
(1495, '1365', 'M'),
(1495, '1367', 'M'),
(1495, '1591', 'M'),
(1497, '2377', 'M'),
(1498, '0104', 'M'),
(1498, '0106', 'M'),
(1498, '1188', 'M'),
(1498, '1367', 'M'),
(1498, '1588', 'M'),
(1498, '1591', 'M'),
(1498, '1993', 'M'),
(1499, '2102', 'M'),
(1499, '2107', 'M'),
(1499, '2197', 'M'),
(1499, '2377', 'M'),
(1499, '2587', 'M'),
(1499, '2589', 'A'),
(1500, '0506', 'M'),
(1500, '0518', 'A'),
(1500, '0520', 'M'),
(1500, '0522', 'M'),
(1500, '5010', 'M'),
(1500, '5023', 'M'),
(1500, '5024', 'M'),
(1500, '5025', 'M'),
(1500, '5080', 'M'),
(1500, '5287', 'M'),
(1501, '0518', 'M'),
(1501, '0520', 'M'),
(1501, '0522', 'M'),
(1501, '5010', 'M'),
(1501, '5023', 'M'),
(1501, '5024', 'M'),
(1501, '5025', 'M'),
(1501, '5080', 'M'),
(1501, '5287', 'A'),
(1502, '1102', 'M'),
(1502, '1440', 'M'),
(1502, '1479', 'M'),
(1502, '1601', 'M'),
(1502, '1602', 'M'),
(1502, '1604', 'M'),
(1504, '2603', 'M'),
(1504, '2605', 'M'),
(1504, '2606', 'M'),
(1505, '1102', 'M'),
(1505, '1607', 'M'),
(1505, '1608', 'M'),
(1505, '1609', 'M'),
(1505, '1610', 'M'),
(1505, '1611', 'M'),
(1505, '1612', 'M'),
(1508, '0118', 'M'),
(1508, '0128', 'M'),
(1508, '0131', 'M'),
(1508, '0194', 'M'),
(1508, '1232', 'M'),
(1510, '0101', 'M'),
(1510, '0104', 'M'),
(1510, '0106', 'M'),
(1510, '0113', 'M'),
(1510, '0118', 'M'),
(1510, '0121', 'M'),
(1510, '3771', 'M'),
(1511, '0506', 'M'),
(1511, '5009', 'M'),
(1511, '5010', 'M'),
(1511, '5013', 'M'),
(1511, '5022', 'M'),
(1511, '5080', 'M'),
(1511, '5097', 'M'),
(1511, '5286', 'M'),
(1512, '0104', 'M'),
(1512, '0106', 'M'),
(1512, '1102', 'M'),
(1512, '1188', 'M'),
(1512, '1591', 'M'),
(1513, '0106', 'M'),
(1513, '1102', 'M'),
(1513, '1188', 'M'),
(1513, '1591', 'M'),
(1514, '1102', 'M'),
(1514, '1479', 'M'),
(1514, '1601', 'M'),
(1514, '1602', 'M'),
(1516, '2603', 'M'),
(1516, '2604', 'M'),
(1516, '2605', 'M'),
(1517, '1607', 'M'),
(1517, '1609', 'M'),
(1517, '1611', 'M'),
(1517, '1612', 'M'),
(1518, '1102', 'M'),
(1518, '1608', 'M'),
(1518, '2610', 'M'),
(1520, '0201', 'M'),
(1520, '0206', 'M'),
(1520, '0210', 'M'),
(1520, '0211', 'M'),
(1520, '0213', 'M'),
(1520, '0214', 'M'),
(1520, '0215', 'M'),
(1520, '0218', 'M'),
(1520, '0221', 'M'),
(1520, '0222', 'M'),
(1520, '0290', 'M'),
(1520, '0294', 'M'),
(1520, '2355', 'M'),
(1520, '2761', 'M'),
(1522, '0301', 'M'),
(1522, '0306', 'M'),
(1522, '0310', 'M'),
(1522, '0311', 'M'),
(1522, '0313', 'M'),
(1522, '0314', 'M'),
(1522, '0315', 'M'),
(1522, '0318', 'M'),
(1522, '0321', 'M'),
(1522, '0322', 'M'),
(1522, '0331', 'M'),
(1522, '0390', 'M'),
(1523, '0301', 'M'),
(1523, '0304', 'M'),
(1523, '0306', 'M'),
(1523, '0310', 'M'),
(1523, '0311', 'M'),
(1523, '0313', 'M'),
(1523, '0314', 'M'),
(1523, '0315', 'M'),
(1523, '0318', 'M'),
(1523, '0321', 'M'),
(1523, '0322', 'M'),
(1523, '0331', 'M'),
(1523, '0390', 'M'),
(1525, '0301', 'M'),
(1525, '0306', 'M'),
(1525, '0310', 'M'),
(1525, '0311', 'M'),
(1525, '0313', 'M'),
(1525, '0314', 'M'),
(1525, '0318', 'A'),
(1525, '0321', 'M'),
(1525, '0322', 'M'),
(1525, '0390', 'M'),
(1525, '3761', 'M'),
(1526, '0301', 'M'),
(1526, '0304', 'M'),
(1526, '0306', 'M'),
(1526, '0310', 'M'),
(1526, '0311', 'M'),
(1526, '0313', 'M'),
(1526, '0314', 'M'),
(1526, '0315', 'M'),
(1526, '0318', 'M'),
(1526, '0321', 'M'),
(1526, '0322', 'M'),
(1526, '0390', 'M'),
(1526, '0394', 'M'),
(1526, '3355', 'M'),
(1526, '3761', 'M'),
(1528, '0401', 'M'),
(1528, '0404', 'M'),
(1528, '0405', 'A'),
(1528, '0406', 'M'),
(1528, '0413', 'M'),
(1528, '0414', 'M'),
(1528, '0415', 'A'),
(1528, '0419', 'M'),
(1528, '0422', 'M'),
(1528, '0431', 'M'),
(1528, '0432', 'M'),
(1528, '0489', 'M'),
(1528, '0490', 'M'),
(1528, '0494', 'M'),
(1528, '4232', 'M'),
(1528, '4745', 'A'),
(1529, '0401', 'M'),
(1529, '0405', 'M'),
(1529, '0406', 'M'),
(1529, '0410', 'M'),
(1529, '0411', 'M'),
(1529, '0413', 'M'),
(1529, '0414', 'A'),
(1529, '0415', 'M'),
(1529, '0418', 'M'),
(1529, '0422', 'M'),
(1529, '0431', 'M'),
(1529, '0489', 'M'),
(1529, '0494', 'A'),
(1529, '0495', 'M'),
(1530, '0113', 'A'),
(1530, '0401', 'M'),
(1530, '0404', 'M'),
(1530, '0405', 'M'),
(1530, '0406', 'M'),
(1530, '0410', 'M'),
(1530, '0411', 'M'),
(1530, '0413', 'A'),
(1530, '0414', 'M'),
(1530, '0415', 'M'),
(1530, '0418', 'M'),
(1530, '0422', 'M'),
(1530, '0464', 'M'),
(1530, '0489', 'M'),
(1530, '4480', 'M'),
(1530, '4481', 'M'),
(1532, '0101', 'A'),
(1532, '0106', 'M'),
(1532, '0114', 'M'),
(1532, '0118', 'M'),
(1532, '0122', 'M'),
(1532, '0128', 'M'),
(1532, '0131', 'A'),
(1532, '0132', 'M'),
(1532, '0194', 'M'),
(1532, '1232', 'M'),
(1533, '0101', 'M'),
(1533, '0106', 'M'),
(1533, '0114', 'M'),
(1533, '0115', 'M'),
(1533, '0118', 'M'),
(1533, '0122', 'M'),
(1533, '0128', 'M'),
(1533, '0131', 'M'),
(1533, '0132', 'M'),
(1533, '0191', 'M'),
(1533, '0194', 'M'),
(1533, '1232', 'M'),
(1537, '0201', 'M'),
(1537, '0206', 'M'),
(1537, '0212', 'M'),
(1537, '0214', 'M'),
(1537, '0215', 'M'),
(1537, '0218', 'M'),
(1537, '0222', 'M'),
(1537, '0233', 'M'),
(1537, '0235', 'M'),
(1537, '0294', 'M'),
(1537, '2008', 'M'),
(1537, '2243', 'M'),
(1538, '0201', 'M'),
(1538, '0206', 'M'),
(1538, '0212', 'M'),
(1538, '0214', 'M'),
(1538, '0215', 'M'),
(1538, '0222', 'M'),
(1538, '0234', 'M'),
(1538, '0236', 'M'),
(1538, '0294', 'M'),
(1538, '2008', 'M'),
(1538, '2233', 'M'),
(1538, '2243', 'M'),
(1539, '0201', 'M'),
(1539, '0206', 'M'),
(1539, '0212', 'M'),
(1539, '0214', 'M'),
(1539, '0215', 'M'),
(1539, '0222', 'M'),
(1539, '0234', 'M'),
(1539, '0236', 'M'),
(1539, '0238', 'M'),
(1539, '0294', 'M'),
(1539, '2233', 'M'),
(1539, '2249', 'M'),
(1540, '0201', 'M'),
(1540, '0206', 'M'),
(1540, '0212', 'M'),
(1540, '0215', 'M'),
(1540, '0222', 'M'),
(1540, '0275', 'M'),
(1540, '0294', 'M'),
(1540, '2189', 'M'),
(1540, '2236', 'M'),
(1540, '2237', 'M'),
(1540, '2243', 'M'),
(1540, '2262', 'M'),
(1542, '1102', 'M'),
(1542, '1315', 'M'),
(1542, '1348', 'M'),
(1542, '1997', 'M'),
(1545, '0106', 'M'),
(1545, '1102', 'M'),
(1545, '1362', 'M'),
(1545, '1363', 'M'),
(1545, '1364', 'M'),
(1545, '1365', 'M'),
(1545, '1367', 'M'),
(1545, '1591', 'M'),
(1546, '2377', 'M'),
(1553, '2603', 'M'),
(1553, '2605', 'A'),
(1553, '2606', 'M'),
(1555, '2377', 'M'),
(1556, '0124', 'M'),
(1556, '0128', 'M'),
(1556, '0131', 'M'),
(1556, '0194', 'M'),
(1556, '1234', 'M'),
(1558, '0201', 'M'),
(1558, '0206', 'M'),
(1558, '0233', 'M'),
(1558, '0294', 'M'),
(1558, '2008', 'M'),
(1558, '2243', 'M'),
(1559, '0101', 'M'),
(1559, '0104', 'M'),
(1559, '0106', 'M'),
(1559, '0113', 'M'),
(1559, '0118', 'M'),
(1559, '0121', 'M'),
(1559, '3771', 'M'),
(1563, '1102', 'M'),
(1563, '1479', 'M'),
(1563, '1601', 'M'),
(1563, '1602', 'M'),
(1568, '0101', 'M'),
(1568, '0106', 'M'),
(1568, '0110', 'M'),
(1568, '0111', 'M'),
(1568, '0113', 'M'),
(1568, '0114', 'M'),
(1568, '0115', 'M'),
(1568, '0118', 'M'),
(1568, '0121', 'M'),
(1568, '0122', 'M'),
(1568, '0190', 'M'),
(1568, '0194', 'M'),
(1568, '1355', 'M'),
(1568, '1761', 'M'),
(1573, '0301', 'M'),
(1573, '0306', 'M'),
(1573, '0310', 'M'),
(1573, '0311', 'M'),
(1573, '0313', 'M'),
(1573, '0315', 'M'),
(1573, '0318', 'M'),
(1573, '0321', 'M'),
(1573, '0322', 'M'),
(1573, '0390', 'M'),
(1573, '3355', 'M'),
(1573, '3761', 'M'),
(1576, '0401', 'M'),
(1576, '0405', 'M'),
(1576, '0406', 'M'),
(1576, '0413', 'M'),
(1576, '0414', 'M'),
(1576, '0415', 'M'),
(1576, '0419', 'M'),
(1576, '0422', 'M'),
(1576, '0431', 'M'),
(1576, '0432', 'M'),
(1576, '0489', 'M'),
(1576, '4232', 'M'),
(1576, '4745', 'M'),
(1577, '0401', 'M'),
(1577, '0404', 'M'),
(1577, '0405', 'M'),
(1577, '0406', 'A'),
(1577, '0413', 'M'),
(1577, '0414', 'M'),
(1577, '0415', 'M'),
(1577, '0419', 'M'),
(1577, '0422', 'M'),
(1577, '0431', 'M'),
(1577, '0432', 'M'),
(1577, '0489', 'M'),
(1577, '0490', 'M'),
(1577, '0494', 'M'),
(1577, '4232', 'M'),
(1577, '4745', 'M'),
(1579, '0113', 'M'),
(1579, '0401', 'M'),
(1579, '0404', 'A'),
(1579, '0405', 'M'),
(1579, '0406', 'M'),
(1579, '0410', 'M'),
(1579, '0411', 'M'),
(1579, '0413', 'M'),
(1579, '0414', 'A'),
(1579, '0415', 'M'),
(1579, '0418', 'M'),
(1579, '0422', 'M'),
(1579, '0464', 'A'),
(1579, '0489', 'M'),
(1579, '4480', 'M'),
(1579, '4481', 'M'),
(1581, '0101', 'M'),
(1581, '0106', 'M'),
(1581, '0114', 'M'),
(1581, '0118', 'M'),
(1581, '0122', 'A'),
(1581, '0128', 'M'),
(1581, '0131', 'M'),
(1581, '0132', 'A'),
(1581, '0194', 'M'),
(1581, '1232', 'A'),
(1582, '0101', 'A'),
(1582, '0106', 'M'),
(1582, '0114', 'M'),
(1582, '0115', 'M'),
(1582, '0118', 'M'),
(1582, '0122', 'M'),
(1582, '0128', 'M'),
(1582, '0131', 'A'),
(1582, '0132', 'M'),
(1582, '0191', 'A'),
(1582, '0194', 'M'),
(1582, '1232', 'M'),
(1585, '0101', 'M'),
(1585, '0106', 'M'),
(1585, '0114', 'M'),
(1585, '0115', 'M'),
(1585, '0122', 'M'),
(1585, '0128', 'M'),
(1585, '0131', 'M'),
(1585, '0194', 'M'),
(1585, '1021', 'M'),
(1585, '1234', 'M'),
(1585, '1236', 'M'),
(1585, '1241', 'M'),
(1586, '0201', 'M'),
(1586, '0206', 'M'),
(1586, '0212', 'M'),
(1586, '0214', 'M'),
(1586, '0215', 'M'),
(1586, '0218', 'M'),
(1586, '0222', 'M'),
(1586, '0233', 'M'),
(1586, '0235', 'M'),
(1586, '0294', 'M'),
(1586, '2008', 'M'),
(1586, '2243', 'M'),
(1588, '0201', 'M'),
(1588, '0206', 'M'),
(1588, '0212', 'M'),
(1588, '0214', 'M'),
(1588, '0215', 'M'),
(1588, '0222', 'M'),
(1588, '0234', 'M'),
(1588, '0236', 'M'),
(1588, '0238', 'M'),
(1588, '0294', 'M'),
(1588, '2233', 'M'),
(1588, '2249', 'M'),
(1591, '1102', 'M'),
(1591, '1315', 'M'),
(1591, '1348', 'M'),
(1591, '1997', 'M'),
(1594, '0106', 'M'),
(1594, '1102', 'M'),
(1594, '1362', 'M'),
(1594, '1363', 'M'),
(1594, '1364', 'M'),
(1594, '1365', 'M'),
(1594, '1367', 'M'),
(1594, '1591', 'M'),
(1595, '2377', 'M'),
(1597, '2102', 'M'),
(1597, '2107', 'M'),
(1597, '2197', 'M'),
(1597, '2377', 'M'),
(1597, '2587', 'M'),
(1597, '2589', 'M'),
(1598, '0506', 'M'),
(1598, '0518', 'M'),
(1598, '0520', 'M'),
(1598, '0522', 'M'),
(1598, '5010', 'M'),
(1598, '5023', 'M'),
(1598, '5024', 'M'),
(1598, '5025', 'M'),
(1598, '5080', 'M'),
(1598, '5287', 'M'),
(1599, '0518', 'M'),
(1599, '0520', 'M'),
(1599, '0522', 'M'),
(1599, '5010', 'M'),
(1599, '5023', 'M'),
(1599, '5024', 'M'),
(1599, '5025', 'M'),
(1599, '5080', 'M'),
(1599, '5287', 'M'),
(1602, '2603', 'M'),
(1602, '2605', 'M'),
(1602, '2606', 'A'),
(1605, '0124', 'M'),
(1605, '0128', 'M'),
(1605, '0131', 'M'),
(1605, '0194', 'M'),
(1605, '1234', 'M'),
(1607, '0201', 'A'),
(1607, '0206', 'M'),
(1607, '0233', 'M'),
(1607, '0294', 'M'),
(1607, '2008', 'M'),
(1607, '2243', 'M'),
(1609, '0506', 'M'),
(1609, '5009', 'M'),
(1609, '5010', 'M'),
(1609, '5013', 'M'),
(1609, '5022', 'M'),
(1609, '5080', 'M'),
(1609, '5097', 'M'),
(1609, '5286', 'M'),
(1610, '0104', 'M'),
(1610, '0106', 'M'),
(1610, '1102', 'M'),
(1610, '1188', 'M'),
(1610, '1591', 'M'),
(1612, '1102', 'M'),
(1612, '1479', 'M'),
(1612, '1601', 'M'),
(1612, '1602', 'M'),
(1613, '1440', 'M'),
(1613, '1479', 'M'),
(1613, '1601', 'M'),
(1613, '1602', 'M'),
(1614, '2603', 'M'),
(1614, '2604', 'M'),
(1614, '2605', 'M'),
(1616, '1102', 'M'),
(1616, '1608', 'M'),
(1616, '2610', 'M'),
(1618, '0201', 'M'),
(1618, '0206', 'M'),
(1618, '0210', 'M'),
(1618, '0211', 'M'),
(1618, '0213', 'M'),
(1618, '0214', 'M'),
(1618, '0215', 'M'),
(1618, '0218', 'M'),
(1618, '0221', 'M'),
(1618, '0222', 'M'),
(1618, '0290', 'M'),
(1618, '0294', 'M'),
(1618, '2355', 'M'),
(1618, '2761', 'M'),
(1619, '0301', 'M'),
(1619, '0306', 'M'),
(1619, '0310', 'M'),
(1619, '0311', 'M'),
(1619, '0313', 'M'),
(1619, '0314', 'M'),
(1619, '0315', 'M'),
(1619, '0318', 'M'),
(1619, '0321', 'M'),
(1619, '0322', 'M'),
(1619, '0390', 'M'),
(1619, '0394', 'M'),
(1628, '0113', 'M'),
(1628, '0401', 'M'),
(1628, '0404', 'M'),
(1628, '0405', 'A'),
(1628, '0406', 'M'),
(1628, '0410', 'M'),
(1628, '0411', 'M'),
(1628, '0413', 'M'),
(1628, '0414', 'M'),
(1628, '0415', 'A'),
(1628, '0418', 'M'),
(1628, '0422', 'M'),
(1628, '0464', 'M'),
(1628, '0489', 'M'),
(1628, '4480', 'M'),
(1628, '4481', 'M'),
(1629, '0401', 'M'),
(1629, '0405', 'M'),
(1629, '0406', 'M'),
(1629, '0413', 'M'),
(1629, '0414', 'A'),
(1629, '0415', 'M'),
(1629, '0418', 'M'),
(1629, '0422', 'M'),
(1629, '0431', 'M'),
(1629, '0489', 'M'),
(1629, '0494', 'A'),
(1629, '0495', 'M'),
(1629, '4232', 'M'),
(1632, '0101', 'A'),
(1632, '0106', 'M'),
(1632, '0114', 'M'),
(1632, '0115', 'M'),
(1632, '0122', 'M'),
(1632, '0124', 'M'),
(1632, '0126', 'M'),
(1632, '0128', 'M'),
(1632, '0131', 'A'),
(1632, '0194', 'M'),
(1632, '1234', 'M'),
(1632, '1241', 'A'),
(1633, '0101', 'M'),
(1633, '0106', 'M'),
(1633, '0114', 'M'),
(1633, '0122', 'M'),
(1633, '0128', 'M'),
(1633, '0131', 'M'),
(1633, '0194', 'M'),
(1633, '1021', 'M'),
(1633, '1234', 'M'),
(1633, '1236', 'M'),
(1634, '0101', 'M'),
(1634, '0106', 'M'),
(1634, '0114', 'M'),
(1634, '0115', 'M'),
(1634, '0122', 'M'),
(1634, '0128', 'M'),
(1634, '0131', 'M'),
(1634, '0194', 'M'),
(1634, '1021', 'M'),
(1634, '1234', 'M'),
(1634, '1236', 'M'),
(1634, '1241', 'M'),
(1637, '0201', 'M'),
(1637, '0206', 'M'),
(1637, '0212', 'M'),
(1637, '0214', 'M'),
(1637, '0215', 'M'),
(1637, '0222', 'M'),
(1637, '0234', 'M'),
(1637, '0236', 'M'),
(1637, '0238', 'M'),
(1637, '0294', 'M'),
(1637, '2233', 'M'),
(1637, '2249', 'M'),
(1638, '0201', 'M'),
(1638, '0206', 'M'),
(1638, '0212', 'M'),
(1638, '0215', 'M'),
(1638, '0222', 'M'),
(1638, '0275', 'M'),
(1638, '0294', 'M'),
(1638, '2189', 'M'),
(1638, '2236', 'M'),
(1638, '2237', 'M'),
(1638, '2243', 'M'),
(1638, '2262', 'M'),
(1640, '1102', 'M'),
(1640, '1315', 'M'),
(1640, '1348', 'M'),
(1640, '1997', 'M'),
(1642, '0104', 'M'),
(1642, '0106', 'M'),
(1642, '1102', 'M'),
(1642, '1362', 'M'),
(1642, '1363', 'M'),
(1642, '1364', 'M'),
(1642, '1365', 'M'),
(1642, '1367', 'M'),
(1642, '1591', 'M'),
(1644, '2377', 'M'),
(1646, '2102', 'M'),
(1646, '2107', 'M'),
(1646, '2197', 'M'),
(1646, '2377', 'M'),
(1646, '2587', 'M'),
(1646, '2589', 'M'),
(1649, '1102', 'M'),
(1649, '1440', 'M'),
(1649, '1479', 'A'),
(1649, '1601', 'M'),
(1649, '1602', 'M'),
(1649, '1604', 'M'),
(1650, '1102', 'M'),
(1650, '1440', 'M'),
(1650, '1479', 'M'),
(1650, '1601', 'M'),
(1650, '1602', 'M'),
(1650, '1604', 'M'),
(1651, '2603', 'M'),
(1651, '2605', 'M'),
(1651, '2606', 'M'),
(1652, '1102', 'M'),
(1652, '1607', 'M'),
(1652, '1608', 'M'),
(1652, '1609', 'M'),
(1652, '1610', 'M'),
(1652, '1611', 'M'),
(1652, '1612', 'M'),
(1653, '2377', 'M'),
(1654, '0124', 'A'),
(1654, '0128', 'M'),
(1654, '0131', 'M'),
(1654, '0194', 'A'),
(1654, '1234', 'A'),
(1656, '0201', 'M'),
(1656, '0206', 'M'),
(1656, '0233', 'M'),
(1656, '0294', 'M'),
(1656, '2008', 'M'),
(1656, '2243', 'M'),
(1658, '0506', 'M'),
(1658, '5009', 'M'),
(1658, '5010', 'A'),
(1658, '5013', 'M'),
(1658, '5022', 'M'),
(1658, '5080', 'A'),
(1658, '5097', 'M'),
(1658, '5286', 'M'),
(1660, '0106', 'M'),
(1660, '1102', 'M'),
(1660, '1188', 'M'),
(1660, '1591', 'M'),
(1664, '1607', 'M'),
(1664, '1609', 'M'),
(1664, '1611', 'M'),
(1664, '1612', 'M'),
(1666, '0101', 'M'),
(1666, '0106', 'M'),
(1666, '0110', 'M'),
(1666, '0111', 'M'),
(1666, '0113', 'M'),
(1666, '0114', 'M'),
(1666, '0115', 'M'),
(1666, '0118', 'M'),
(1666, '0121', 'M'),
(1666, '0122', 'M'),
(1666, '0190', 'M'),
(1666, '0194', 'M'),
(1666, '1355', 'M'),
(1666, '1761', 'M'),
(1670, '0301', 'M'),
(1670, '0304', 'M'),
(1670, '0306', 'M'),
(1670, '0310', 'M'),
(1670, '0311', 'M'),
(1670, '0313', 'M'),
(1670, '0314', 'M'),
(1670, '0315', 'M'),
(1670, '0318', 'M'),
(1670, '0321', 'M'),
(1670, '0322', 'M'),
(1670, '0331', 'M'),
(1670, '0390', 'M'),
(1674, '0401', 'M'),
(1674, '0405', 'M'),
(1674, '0406', 'M'),
(1674, '0413', 'M'),
(1674, '0414', 'M'),
(1674, '0415', 'M'),
(1674, '0419', 'A'),
(1674, '0422', 'M'),
(1674, '0431', 'M'),
(1674, '0432', 'M'),
(1674, '0489', 'A'),
(1674, '4232', 'M'),
(1674, '4745', 'M'),
(1677, '0113', 'M'),
(1677, '0401', 'M'),
(1677, '0404', 'M'),
(1677, '0405', 'M'),
(1677, '0406', 'A'),
(1677, '0410', 'M'),
(1677, '0411', 'M'),
(1677, '0413', 'M'),
(1677, '0414', 'M'),
(1677, '0415', 'M'),
(1677, '0418', 'M'),
(1677, '0422', 'M'),
(1677, '0464', 'M'),
(1677, '0489', 'M'),
(1677, '4480', 'M'),
(1677, '4481', 'M'),
(1683, '0101', 'M'),
(1683, '0106', 'M'),
(1683, '0114', 'M'),
(1683, '0115', 'M'),
(1683, '0122', 'M'),
(1683, '0128', 'M'),
(1683, '0131', 'M'),
(1683, '0194', 'M'),
(1683, '1021', 'M'),
(1683, '1234', 'M'),
(1683, '1236', 'M'),
(1683, '1241', 'M'),
(1688, '0201', 'M'),
(1688, '0204', 'M'),
(1688, '0206', 'M'),
(1688, '0212', 'M'),
(1688, '0214', 'M'),
(1688, '0215', 'M'),
(1688, '0222', 'M'),
(1688, '0275', 'M'),
(1688, '0292', 'M'),
(1688, '0294', 'M'),
(1688, '2189', 'M'),
(1688, '2236', 'M'),
(1688, '2237', 'M'),
(1688, '2243', 'M'),
(1688, '2262', 'M'),
(1689, '1102', 'M'),
(1689, '1315', 'M'),
(1689, '1348', 'M'),
(1689, '1997', 'M'),
(1690, '1102', 'M'),
(1690, '1315', 'M'),
(1690, '1348', 'M'),
(1690, '1997', 'M'),
(1692, '0106', 'M'),
(1692, '1102', 'M'),
(1692, '1362', 'M'),
(1692, '1363', 'M'),
(1692, '1364', 'M'),
(1692, '1365', 'M'),
(1692, '1367', 'M'),
(1692, '1591', 'M'),
(1694, '0104', 'M'),
(1694, '0106', 'M'),
(1694, '1188', 'M'),
(1694, '1367', 'M'),
(1694, '1588', 'M'),
(1694, '1591', 'M'),
(1694, '1993', 'M'),
(1696, '0506', 'M'),
(1696, '0518', 'M'),
(1696, '0520', 'M'),
(1696, '0522', 'M'),
(1696, '5010', 'M'),
(1696, '5023', 'M'),
(1696, '5024', 'M'),
(1696, '5025', 'M'),
(1696, '5080', 'M'),
(1696, '5287', 'M'),
(1699, '1102', 'M'),
(1699, '1440', 'M'),
(1699, '1479', 'A'),
(1699, '1601', 'M'),
(1699, '1602', 'M'),
(1699, '1604', 'M'),
(1700, '2603', 'M'),
(1700, '2605', 'M'),
(1700, '2606', 'M'),
(1701, '1102', 'M'),
(1701, '1607', 'A'),
(1701, '1608', 'M'),
(1701, '1609', 'M'),
(1701, '1610', 'M'),
(1701, '1611', 'M'),
(1701, '1612', 'M'),
(1702, '2377', 'M'),
(1707, '0506', 'M'),
(1707, '5009', 'M'),
(1707, '5010', 'M'),
(1707, '5013', 'M'),
(1707, '5022', 'M'),
(1707, '5080', 'M'),
(1707, '5097', 'M'),
(1707, '5286', 'M'),
(1708, '0104', 'M'),
(1708, '0106', 'M'),
(1708, '1102', 'M'),
(1708, '1188', 'M'),
(1708, '1591', 'M'),
(1711, '1440', 'M'),
(1711, '1479', 'M'),
(1711, '1601', 'M'),
(1711, '1602', 'M'),
(1714, '1102', 'M'),
(1714, '1608', 'M'),
(1714, '2610', 'M'),
(1718, '0301', 'M'),
(1718, '0306', 'M'),
(1718, '0310', 'M'),
(1718, '0311', 'M'),
(1718, '0313', 'M'),
(1718, '0314', 'M'),
(1718, '0315', 'M'),
(1718, '0318', 'M'),
(1718, '0321', 'M'),
(1718, '0322', 'M'),
(1718, '0331', 'M'),
(1718, '0390', 'M'),
(1719, '0301', 'M'),
(1719, '0304', 'M'),
(1719, '0306', 'M'),
(1719, '0310', 'M'),
(1719, '0311', 'M'),
(1719, '0313', 'M'),
(1719, '0314', 'M'),
(1719, '0315', 'M'),
(1719, '0318', 'M'),
(1719, '0321', 'M'),
(1719, '0322', 'M'),
(1719, '0331', 'M'),
(1719, '0390', 'M'),
(1721, '0301', 'M'),
(1721, '0306', 'M'),
(1721, '0310', 'M'),
(1721, '0311', 'M'),
(1721, '0313', 'M'),
(1721, '0314', 'M'),
(1721, '0318', 'M'),
(1721, '0321', 'M'),
(1721, '0322', 'M'),
(1721, '0390', 'M'),
(1721, '3761', 'M'),
(1723, '0401', 'M'),
(1723, '0405', 'M'),
(1723, '0406', 'M'),
(1723, '0413', 'M'),
(1723, '0414', 'M'),
(1723, '0415', 'M'),
(1723, '0419', 'M'),
(1723, '0422', 'M'),
(1723, '0431', 'M'),
(1723, '0432', 'M'),
(1723, '0489', 'M'),
(1723, '4232', 'M'),
(1723, '4745', 'M'),
(1725, '0401', 'M'),
(1725, '0405', 'M'),
(1725, '0406', 'M'),
(1725, '0410', 'M'),
(1725, '0411', 'M'),
(1725, '0413', 'M'),
(1725, '0414', 'M'),
(1725, '0415', 'M'),
(1725, '0418', 'A'),
(1725, '0422', 'M'),
(1725, '0431', 'M'),
(1725, '0489', 'M'),
(1725, '0494', 'M'),
(1725, '0495', 'M'),
(1726, '0113', 'M'),
(1726, '0401', 'M'),
(1726, '0404', 'M'),
(1726, '0405', 'M'),
(1726, '0406', 'M'),
(1726, '0410', 'M'),
(1726, '0411', 'M'),
(1726, '0413', 'M'),
(1726, '0414', 'M'),
(1726, '0415', 'M'),
(1726, '0418', 'M'),
(1726, '0422', 'M'),
(1726, '0464', 'M'),
(1726, '0489', 'M'),
(1726, '4480', 'M'),
(1726, '4481', 'M'),
(1729, '0101', 'M'),
(1729, '0106', 'M'),
(1729, '0114', 'A'),
(1729, '0115', 'M'),
(1729, '0118', 'M'),
(1729, '0122', 'M'),
(1729, '0128', 'M'),
(1729, '0131', 'M'),
(1729, '0132', 'M'),
(1729, '0191', 'M'),
(1729, '0194', 'A'),
(1729, '1232', 'M'),
(1730, '0101', 'M'),
(1730, '0106', 'M'),
(1730, '0114', 'M'),
(1730, '0115', 'M'),
(1730, '0122', 'M'),
(1730, '0124', 'M'),
(1730, '0126', 'M'),
(1730, '0128', 'M'),
(1730, '0131', 'M'),
(1730, '0194', 'M'),
(1730, '1234', 'M'),
(1730, '1241', 'M'),
(1731, '0101', 'M'),
(1731, '0106', 'M'),
(1731, '0114', 'M'),
(1731, '0122', 'A'),
(1731, '0128', 'M'),
(1731, '0131', 'M'),
(1731, '0194', 'M'),
(1731, '1021', 'M'),
(1731, '1234', 'M'),
(1731, '1236', 'M'),
(1734, '0201', 'M'),
(1734, '0206', 'M'),
(1734, '0212', 'M'),
(1734, '0214', 'M'),
(1734, '0215', 'M'),
(1734, '0222', 'M'),
(1734, '0234', 'M'),
(1734, '0236', 'M'),
(1734, '0294', 'M'),
(1734, '2008', 'M'),
(1734, '2233', 'M'),
(1734, '2243', 'M'),
(1735, '0201', 'M'),
(1735, '0206', 'M'),
(1735, '0212', 'M'),
(1735, '0214', 'M'),
(1735, '0215', 'M'),
(1735, '0222', 'M'),
(1735, '0234', 'M'),
(1735, '0236', 'M'),
(1735, '0238', 'M'),
(1735, '0294', 'M'),
(1735, '2233', 'M'),
(1735, '2249', 'M'),
(1737, '0201', 'M'),
(1737, '0204', 'M'),
(1737, '0206', 'M'),
(1737, '0212', 'M'),
(1737, '0214', 'M'),
(1737, '0215', 'M'),
(1737, '0222', 'M'),
(1737, '0275', 'M'),
(1737, '0292', 'M'),
(1737, '0294', 'M'),
(1737, '2189', 'M'),
(1737, '2236', 'M'),
(1737, '2237', 'M'),
(1737, '2243', 'M'),
(1737, '2262', 'M'),
(1741, '0106', 'M'),
(1741, '1102', 'M'),
(1741, '1362', 'M'),
(1741, '1363', 'M'),
(1741, '1364', 'M'),
(1741, '1365', 'M'),
(1741, '1367', 'M'),
(1741, '1591', 'M'),
(1742, '2377', 'M'),
(1745, '0506', 'M'),
(1745, '0518', 'M'),
(1745, '0520', 'M'),
(1745, '0522', 'M'),
(1745, '5010', 'M'),
(1745, '5023', 'M'),
(1745, '5024', 'M'),
(1745, '5025', 'M'),
(1745, '5080', 'M'),
(1745, '5287', 'M'),
(1746, '0518', 'M'),
(1746, '0520', 'M'),
(1746, '0522', 'M'),
(1746, '5010', 'M'),
(1746, '5023', 'M'),
(1746, '5024', 'M'),
(1746, '5025', 'M'),
(1746, '5080', 'M'),
(1746, '5287', 'M'),
(1747, '1102', 'M'),
(1747, '1440', 'M'),
(1747, '1479', 'M'),
(1747, '1601', 'M'),
(1747, '1602', 'M'),
(1747, '1604', 'M'),
(1748, '1102', 'M'),
(1748, '1440', 'M'),
(1748, '1479', 'M'),
(1748, '1601', 'M'),
(1748, '1602', 'M'),
(1748, '1604', 'M'),
(1749, '2603', 'M'),
(1749, '2605', 'M'),
(1749, '2606', 'M'),
(1750, '1102', 'M'),
(1750, '1607', 'M'),
(1750, '1608', 'A'),
(1750, '1609', 'M'),
(1750, '1610', 'M'),
(1750, '1611', 'M'),
(1750, '1612', 'M'),
(1752, '0124', 'M'),
(1752, '0128', 'M'),
(1752, '0131', 'M'),
(1752, '0194', 'M'),
(1752, '1234', 'M'),
(1753, '0118', 'M'),
(1753, '0128', 'M'),
(1753, '0131', 'M'),
(1753, '0194', 'M'),
(1753, '1232', 'M'),
(1755, '0101', 'M'),
(1755, '0104', 'M'),
(1755, '0106', 'M'),
(1755, '0113', 'A'),
(1755, '0118', 'M'),
(1755, '0121', 'M'),
(1755, '3771', 'M'),
(1756, '0506', 'M'),
(1756, '5009', 'M'),
(1756, '5010', 'M'),
(1756, '5013', 'M'),
(1756, '5022', 'A'),
(1756, '5080', 'M'),
(1756, '5097', 'M'),
(1756, '5286', 'M'),
(1759, '1102', 'M'),
(1759, '1479', 'M'),
(1759, '1601', 'M'),
(1759, '1602', 'M'),
(1760, '1440', 'M'),
(1760, '1479', 'M'),
(1760, '1601', 'M'),
(1760, '1602', 'M'),
(1761, '2603', 'M'),
(1761, '2604', 'M'),
(1761, '2605', 'M'),
(1764, '0101', 'M'),
(1764, '0106', 'M'),
(1764, '0110', 'M'),
(1764, '0111', 'M'),
(1764, '0113', 'M'),
(1764, '0114', 'M'),
(1764, '0115', 'M'),
(1764, '0118', 'M'),
(1764, '0121', 'M'),
(1764, '0122', 'M'),
(1764, '0190', 'M'),
(1764, '0194', 'M'),
(1764, '1355', 'M'),
(1764, '1761', 'M'),
(1765, '0201', 'M'),
(1765, '0206', 'M'),
(1765, '0210', 'M'),
(1765, '0211', 'M'),
(1765, '0213', 'M'),
(1765, '0214', 'M'),
(1765, '0215', 'M'),
(1765, '0218', 'M'),
(1765, '0221', 'M'),
(1765, '0222', 'M'),
(1765, '0290', 'M'),
(1765, '0294', 'M'),
(1765, '2355', 'M'),
(1765, '2761', 'M'),
(1767, '0301', 'M'),
(1767, '0306', 'M'),
(1767, '0310', 'M'),
(1767, '0311', 'M'),
(1767, '0313', 'M'),
(1767, '0314', 'M'),
(1767, '0315', 'M'),
(1767, '0318', 'M'),
(1767, '0321', 'M'),
(1767, '0322', 'M'),
(1767, '0331', 'M'),
(1767, '0390', 'M'),
(1768, '0301', 'M'),
(1768, '0304', 'M'),
(1768, '0306', 'M'),
(1768, '0310', 'M'),
(1768, '0311', 'M'),
(1768, '0313', 'M'),
(1768, '0314', 'M'),
(1768, '0315', 'M'),
(1768, '0318', 'M'),
(1768, '0321', 'M'),
(1768, '0322', 'M'),
(1768, '0331', 'M'),
(1768, '0390', 'M'),
(1769, '0301', 'M'),
(1769, '0306', 'M'),
(1769, '0310', 'M'),
(1769, '0311', 'M'),
(1769, '0313', 'M'),
(1769, '0315', 'M'),
(1769, '0318', 'M'),
(1769, '0321', 'M'),
(1769, '0322', 'M'),
(1769, '0390', 'M'),
(1769, '3355', 'M'),
(1769, '3761', 'M'),
(1770, '0301', 'M'),
(1770, '0306', 'M'),
(1770, '0310', 'M'),
(1770, '0311', 'M'),
(1770, '0313', 'M'),
(1770, '0314', 'M'),
(1770, '0318', 'M'),
(1770, '0321', 'M'),
(1770, '0322', 'M'),
(1770, '0390', 'M'),
(1770, '3761', 'M'),
(1771, '0301', 'M'),
(1771, '0304', 'M'),
(1771, '0306', 'M'),
(1771, '0310', 'M'),
(1771, '0311', 'M'),
(1771, '0313', 'M'),
(1771, '0314', 'M'),
(1771, '0315', 'M'),
(1771, '0318', 'M'),
(1771, '0321', 'M'),
(1771, '0322', 'M'),
(1771, '0390', 'M'),
(1771, '0394', 'M'),
(1771, '3355', 'M'),
(1771, '3761', 'M'),
(1772, '0401', 'M'),
(1772, '0405', 'M'),
(1772, '0406', 'M'),
(1772, '0413', 'M'),
(1772, '0414', 'M'),
(1772, '0415', 'M'),
(1772, '0419', 'M'),
(1772, '0422', 'M'),
(1772, '0431', 'M'),
(1772, '0432', 'M'),
(1772, '0489', 'M'),
(1772, '4232', 'M'),
(1772, '4745', 'M'),
(1773, '0401', 'M'),
(1773, '0404', 'M'),
(1773, '0405', 'M'),
(1773, '0406', 'M'),
(1773, '0413', 'M'),
(1773, '0414', 'M'),
(1773, '0415', 'M'),
(1773, '0419', 'M'),
(1773, '0422', 'M'),
(1773, '0431', 'M'),
(1773, '0432', 'M'),
(1773, '0489', 'M'),
(1773, '0490', 'M'),
(1773, '0494', 'M'),
(1773, '4232', 'M'),
(1773, '4745', 'M'),
(1779, '0101', 'M'),
(1779, '0106', 'M'),
(1779, '0114', 'A'),
(1779, '0115', 'M'),
(1779, '0122', 'M'),
(1779, '0124', 'A'),
(1779, '0126', 'M'),
(1779, '0128', 'M'),
(1779, '0131', 'M'),
(1779, '0194', 'A'),
(1779, '1234', 'A'),
(1779, '1241', 'M'),
(1780, '0101', 'M'),
(1780, '0106', 'M'),
(1780, '0114', 'M'),
(1780, '0122', 'M'),
(1780, '0128', 'M'),
(1780, '0131', 'M'),
(1780, '0194', 'M'),
(1780, '1021', 'M'),
(1780, '1234', 'M'),
(1780, '1236', 'M'),
(1782, '0201', 'A'),
(1782, '0206', 'M'),
(1782, '0212', 'M'),
(1782, '0214', 'M'),
(1782, '0215', 'M'),
(1782, '0218', 'M'),
(1782, '0222', 'M'),
(1782, '0233', 'M'),
(1782, '0235', 'M'),
(1782, '0294', 'M'),
(1782, '2008', 'M'),
(1782, '2243', 'M'),
(1783, '0201', 'M'),
(1783, '0206', 'M'),
(1783, '0212', 'M'),
(1783, '0214', 'M'),
(1783, '0215', 'M'),
(1783, '0222', 'M'),
(1783, '0234', 'M'),
(1783, '0236', 'M'),
(1783, '0294', 'M'),
(1783, '2008', 'M'),
(1783, '2233', 'M'),
(1783, '2243', 'M'),
(1784, '0201', 'M'),
(1784, '0206', 'M'),
(1784, '0212', 'M'),
(1784, '0214', 'M'),
(1784, '0215', 'M'),
(1784, '0222', 'M'),
(1784, '0234', 'M'),
(1784, '0236', 'M'),
(1784, '0238', 'M'),
(1784, '0294', 'M'),
(1784, '2233', 'M'),
(1784, '2249', 'M'),
(1787, '1102', 'M'),
(1787, '1315', 'M'),
(1787, '1348', 'M'),
(1787, '1997', 'M'),
(1791, '2377', 'M'),
(1792, '0104', 'M'),
(1792, '0106', 'M'),
(1792, '1188', 'M'),
(1792, '1367', 'M'),
(1792, '1588', 'M'),
(1792, '1591', 'M'),
(1792, '1993', 'M'),
(1795, '0518', 'M'),
(1795, '0520', 'M'),
(1795, '0522', 'M'),
(1795, '5010', 'M'),
(1795, '5023', 'M'),
(1795, '5024', 'M'),
(1795, '5025', 'M'),
(1795, '5080', 'M'),
(1795, '5287', 'M'),
(1796, '1102', 'M'),
(1796, '1440', 'M'),
(1796, '1479', 'M'),
(1796, '1601', 'M'),
(1796, '1602', 'M'),
(1796, '1604', 'M'),
(1797, '1102', 'M'),
(1797, '1440', 'M'),
(1797, '1479', 'M'),
(1797, '1601', 'M'),
(1797, '1602', 'M'),
(1797, '1604', 'M'),
(1798, '2603', 'M'),
(1798, '2605', 'M'),
(1798, '2606', 'M'),
(1800, '2377', 'M'),
(1802, '0118', 'M'),
(1802, '0128', 'M'),
(1802, '0131', 'M'),
(1802, '0194', 'M'),
(1802, '1232', 'M'),
(1803, '0201', 'M'),
(1803, '0206', 'M'),
(1803, '0233', 'M'),
(1803, '0294', 'M'),
(1803, '2008', 'M'),
(1803, '2243', 'M'),
(1806, '0104', 'M'),
(1806, '0106', 'M'),
(1806, '1102', 'A'),
(1806, '1188', 'M'),
(1806, '1591', 'M'),
(1810, '2603', 'M'),
(1810, '2604', 'M'),
(1810, '2605', 'M'),
(1811, '1607', 'M'),
(1811, '1609', 'M'),
(1811, '1611', 'M'),
(1811, '1612', 'M'),
(1812, '1102', 'M'),
(1812, '1608', 'M'),
(1812, '2610', 'M'),
(1813, '0101', 'M'),
(1813, '0106', 'M'),
(1813, '0110', 'M'),
(1813, '0111', 'M'),
(1813, '0113', 'M'),
(1813, '0114', 'M'),
(1813, '0115', 'M'),
(1813, '0118', 'M'),
(1813, '0121', 'M'),
(1813, '0122', 'M'),
(1813, '0190', 'M'),
(1813, '0194', 'M'),
(1813, '1355', 'M'),
(1813, '1761', 'M'),
(1815, '0301', 'M'),
(1815, '0306', 'M'),
(1815, '0310', 'M'),
(1815, '0311', 'M'),
(1815, '0313', 'M'),
(1815, '0314', 'M'),
(1815, '0315', 'M'),
(1815, '0318', 'M'),
(1815, '0321', 'M'),
(1815, '0322', 'M'),
(1815, '0390', 'M'),
(1815, '0394', 'M'),
(1816, '0301', 'M'),
(1816, '0306', 'M'),
(1816, '0310', 'M'),
(1816, '0311', 'M'),
(1816, '0313', 'M'),
(1816, '0314', 'M'),
(1816, '0315', 'M'),
(1816, '0318', 'M'),
(1816, '0321', 'M'),
(1816, '0322', 'M'),
(1816, '0331', 'M'),
(1816, '0390', 'M'),
(1818, '0301', 'M'),
(1818, '0306', 'M'),
(1818, '0310', 'M'),
(1818, '0311', 'M'),
(1818, '0313', 'M'),
(1818, '0315', 'M'),
(1818, '0318', 'M'),
(1818, '0321', 'M'),
(1818, '0322', 'M'),
(1818, '0390', 'M'),
(1818, '3355', 'M'),
(1818, '3761', 'M'),
(1821, '0401', 'M'),
(1821, '0405', 'M'),
(1821, '0406', 'M'),
(1821, '0413', 'M'),
(1821, '0414', 'M'),
(1821, '0415', 'M'),
(1821, '0419', 'M'),
(1821, '0422', 'M'),
(1821, '0431', 'M'),
(1821, '0432', 'M'),
(1821, '0489', 'M'),
(1821, '4232', 'M'),
(1821, '4745', 'M'),
(1822, '0401', 'M'),
(1822, '0404', 'M'),
(1822, '0405', 'M'),
(1822, '0406', 'M'),
(1822, '0413', 'M'),
(1822, '0414', 'M'),
(1822, '0415', 'M'),
(1822, '0419', 'M'),
(1822, '0422', 'M'),
(1822, '0431', 'M'),
(1822, '0432', 'M'),
(1822, '0489', 'M'),
(1822, '0490', 'M'),
(1822, '0494', 'M'),
(1822, '4232', 'M'),
(1822, '4745', 'M'),
(1824, '0113', 'M'),
(1824, '0401', 'M'),
(1824, '0404', 'M'),
(1824, '0405', 'M'),
(1824, '0406', 'M'),
(1824, '0410', 'M'),
(1824, '0411', 'M'),
(1824, '0413', 'M'),
(1824, '0414', 'M'),
(1824, '0415', 'M'),
(1824, '0418', 'M'),
(1824, '0422', 'M'),
(1824, '0464', 'M'),
(1824, '0489', 'A'),
(1824, '4480', 'M'),
(1824, '4481', 'M'),
(1825, '0401', 'M'),
(1825, '0405', 'M'),
(1825, '0406', 'M'),
(1825, '0413', 'M'),
(1825, '0414', 'M'),
(1825, '0415', 'M'),
(1825, '0418', 'A'),
(1825, '0422', 'M'),
(1825, '0431', 'M'),
(1825, '0489', 'M'),
(1825, '0494', 'M'),
(1825, '0495', 'M'),
(1825, '4232', 'M'),
(1829, '0101', 'M'),
(1829, '0106', 'M'),
(1829, '0114', 'A'),
(1829, '0122', 'M'),
(1829, '0128', 'M'),
(1829, '0131', 'M'),
(1829, '0194', 'A'),
(1829, '1021', 'M'),
(1829, '1234', 'A'),
(1829, '1236', 'M'),
(1839, '0106', 'M'),
(1839, '1102', 'M'),
(1839, '1362', 'M'),
(1839, '1363', 'M'),
(1839, '1364', 'M'),
(1839, '1365', 'M'),
(1839, '1367', 'M'),
(1839, '1591', 'M'),
(1842, '2102', 'M'),
(1842, '2107', 'M'),
(1842, '2197', 'M'),
(1842, '2377', 'M'),
(1842, '2587', 'M'),
(1842, '2589', 'M'),
(1843, '0506', 'M'),
(1843, '0518', 'M'),
(1843, '0520', 'M'),
(1843, '0522', 'M'),
(1843, '5010', 'M'),
(1843, '5023', 'M'),
(1843, '5024', 'M'),
(1843, '5025', 'M'),
(1843, '5080', 'M'),
(1843, '5287', 'M'),
(1844, '0518', 'M'),
(1844, '0520', 'M'),
(1844, '0522', 'M'),
(1844, '5010', 'M'),
(1844, '5023', 'M'),
(1844, '5024', 'M'),
(1844, '5025', 'M'),
(1844, '5080', 'M'),
(1844, '5287', 'M'),
(1845, '1102', 'M'),
(1845, '1440', 'M'),
(1845, '1479', 'M'),
(1845, '1601', 'M'),
(1845, '1602', 'M'),
(1845, '1604', 'M'),
(1846, '1102', 'M'),
(1846, '1440', 'M'),
(1846, '1479', 'M'),
(1846, '1601', 'M'),
(1846, '1602', 'M'),
(1846, '1604', 'M'),
(1848, '1102', 'M'),
(1848, '1607', 'M'),
(1848, '1608', 'M'),
(1848, '1609', 'M'),
(1848, '1610', 'M'),
(1848, '1611', 'M'),
(1848, '1612', 'M'),
(1853, '0101', 'M'),
(1853, '0104', 'M'),
(1853, '0106', 'M'),
(1853, '0113', 'M'),
(1853, '0118', 'M'),
(1853, '0121', 'M'),
(1853, '3771', 'M'),
(1854, '0506', 'M'),
(1854, '5009', 'M'),
(1854, '5010', 'M'),
(1854, '5013', 'M'),
(1854, '5022', 'M'),
(1854, '5080', 'M'),
(1854, '5097', 'M'),
(1854, '5286', 'M'),
(1856, '0106', 'M'),
(1856, '1102', 'A'),
(1856, '1188', 'M'),
(1856, '1591', 'M'),
(1859, '2603', 'M'),
(1859, '2604', 'M'),
(1859, '2605', 'M'),
(1861, '1102', 'M'),
(1861, '1608', 'M'),
(1861, '2610', 'M'),
(1863, '0201', 'M'),
(1863, '0206', 'M'),
(1863, '0210', 'M'),
(1863, '0211', 'M'),
(1863, '0213', 'M'),
(1863, '0214', 'M'),
(1863, '0215', 'M'),
(1863, '0218', 'M'),
(1863, '0221', 'M'),
(1863, '0222', 'M'),
(1863, '0290', 'M'),
(1863, '0294', 'M'),
(1863, '2355', 'M'),
(1863, '2761', 'M'),
(1868, '0301', 'M'),
(1868, '0306', 'M'),
(1868, '0310', 'M'),
(1868, '0311', 'M'),
(1868, '0313', 'M'),
(1868, '0314', 'M'),
(1868, '0318', 'M'),
(1868, '0321', 'M'),
(1868, '0322', 'M'),
(1868, '0390', 'M'),
(1868, '3761', 'M'),
(1869, '0301', 'M'),
(1869, '0304', 'M'),
(1869, '0306', 'M'),
(1869, '0310', 'M'),
(1869, '0311', 'M'),
(1869, '0313', 'M'),
(1869, '0314', 'M'),
(1869, '0315', 'M'),
(1869, '0318', 'M'),
(1869, '0321', 'M'),
(1869, '0322', 'M'),
(1869, '0390', 'M'),
(1869, '0394', 'M'),
(1869, '3355', 'M'),
(1869, '3761', 'M'),
(1870, '0401', 'M'),
(1870, '0405', 'M'),
(1870, '0406', 'M'),
(1870, '0413', 'M'),
(1870, '0414', 'M'),
(1870, '0415', 'M'),
(1870, '0419', 'M'),
(1870, '0422', 'M'),
(1870, '0431', 'M'),
(1870, '0432', 'M'),
(1870, '0489', 'M'),
(1870, '4232', 'M'),
(1870, '4745', 'M'),
(1871, '0401', 'M'),
(1871, '0404', 'M'),
(1871, '0405', 'M'),
(1871, '0406', 'M'),
(1871, '0413', 'M'),
(1871, '0414', 'M'),
(1871, '0415', 'M'),
(1871, '0419', 'M'),
(1871, '0422', 'M'),
(1871, '0431', 'M'),
(1871, '0432', 'M'),
(1871, '0489', 'M'),
(1871, '0490', 'M'),
(1871, '0494', 'M'),
(1871, '4232', 'M'),
(1871, '4745', 'M'),
(1876, '0101', 'M'),
(1876, '0106', 'M'),
(1876, '0114', 'M'),
(1876, '0115', 'M'),
(1876, '0118', 'M'),
(1876, '0122', 'M'),
(1876, '0128', 'M'),
(1876, '0131', 'M'),
(1876, '0132', 'M'),
(1876, '0191', 'M'),
(1876, '0194', 'M'),
(1876, '1232', 'M'),
(1877, '0101', 'M'),
(1877, '0106', 'A'),
(1877, '0114', 'M'),
(1877, '0115', 'M'),
(1877, '0122', 'M'),
(1877, '0124', 'M'),
(1877, '0126', 'A'),
(1877, '0128', 'M'),
(1877, '0131', 'M'),
(1877, '0194', 'M'),
(1877, '1234', 'M'),
(1877, '1241', 'M'),
(1879, '0101', 'M'),
(1879, '0106', 'M'),
(1879, '0114', 'A'),
(1879, '0115', 'M'),
(1879, '0122', 'M'),
(1879, '0128', 'M'),
(1879, '0131', 'M'),
(1879, '0194', 'A'),
(1879, '1021', 'M'),
(1879, '1234', 'A'),
(1879, '1236', 'M'),
(1879, '1241', 'M'),
(1881, '0201', 'M'),
(1881, '0206', 'M'),
(1881, '0212', 'A'),
(1881, '0214', 'M'),
(1881, '0215', 'M'),
(1881, '0222', 'A'),
(1881, '0234', 'M'),
(1881, '0236', 'M'),
(1881, '0294', 'M'),
(1881, '2008', 'M'),
(1881, '2233', 'M'),
(1881, '2243', 'M'),
(1883, '0201', 'M'),
(1883, '0206', 'M'),
(1883, '0212', 'M'),
(1883, '0215', 'M'),
(1883, '0222', 'M'),
(1883, '0275', 'M'),
(1883, '0294', 'M'),
(1883, '2189', 'M'),
(1883, '2236', 'M'),
(1883, '2237', 'M'),
(1883, '2243', 'M'),
(1883, '2262', 'M'),
(1884, '0201', 'M'),
(1884, '0204', 'M'),
(1884, '0206', 'M'),
(1884, '0212', 'M'),
(1884, '0214', 'M'),
(1884, '0215', 'M'),
(1884, '0222', 'M'),
(1884, '0275', 'M'),
(1884, '0292', 'M'),
(1884, '0294', 'M'),
(1884, '2189', 'M'),
(1884, '2236', 'M'),
(1884, '2237', 'M'),
(1884, '2243', 'M'),
(1884, '2262', 'M'),
(1888, '0106', 'M'),
(1888, '1102', 'M'),
(1888, '1362', 'M'),
(1888, '1363', 'M'),
(1888, '1364', 'M'),
(1888, '1365', 'M'),
(1888, '1367', 'M'),
(1888, '1591', 'M'),
(1889, '2377', 'M'),
(1891, '2102', 'M'),
(1891, '2107', 'M'),
(1891, '2197', 'M'),
(1891, '2377', 'M'),
(1891, '2587', 'M'),
(1891, '2589', 'M'),
(1892, '0506', 'M'),
(1892, '0518', 'M'),
(1892, '0520', 'M'),
(1892, '0522', 'M'),
(1892, '5010', 'M'),
(1892, '5023', 'M'),
(1892, '5024', 'M'),
(1892, '5025', 'M'),
(1892, '5080', 'M'),
(1892, '5287', 'M'),
(1893, '0518', 'M'),
(1893, '0520', 'M'),
(1893, '0522', 'M'),
(1893, '5010', 'M'),
(1893, '5023', 'M'),
(1893, '5024', 'M'),
(1893, '5025', 'M'),
(1893, '5080', 'M'),
(1893, '5287', 'M'),
(1895, '1102', 'M'),
(1895, '1440', 'M'),
(1895, '1479', 'M'),
(1895, '1601', 'M'),
(1895, '1602', 'M'),
(1895, '1604', 'M'),
(1896, '2603', 'M'),
(1896, '2605', 'M'),
(1896, '2606', 'M'),
(1899, '0124', 'M'),
(1899, '0128', 'M'),
(1899, '0131', 'M'),
(1899, '0194', 'M'),
(1899, '1234', 'M'),
(1902, '0101', 'M'),
(1902, '0104', 'M'),
(1902, '0106', 'A'),
(1902, '0113', 'M'),
(1902, '0118', 'M'),
(1902, '0121', 'M'),
(1902, '3771', 'M'),
(1903, '0506', 'M'),
(1903, '5009', 'M'),
(1903, '5010', 'M'),
(1903, '5013', 'M'),
(1903, '5022', 'M'),
(1903, '5080', 'M'),
(1903, '5097', 'M'),
(1903, '5286', 'M'),
(1907, '1440', 'M'),
(1907, '1479', 'M'),
(1907, '1601', 'A'),
(1907, '1602', 'M'),
(1915, '0301', 'M'),
(1915, '0304', 'M'),
(1915, '0306', 'M'),
(1915, '0310', 'M'),
(1915, '0311', 'M'),
(1915, '0313', 'M'),
(1915, '0314', 'M'),
(1915, '0315', 'M'),
(1915, '0318', 'M'),
(1915, '0321', 'M'),
(1915, '0322', 'M'),
(1915, '0331', 'M'),
(1915, '0390', 'M'),
(1916, '0301', 'M'),
(1916, '0306', 'M'),
(1916, '0310', 'M'),
(1916, '0311', 'M'),
(1916, '0313', 'M'),
(1916, '0315', 'M'),
(1916, '0318', 'M'),
(1916, '0321', 'M'),
(1916, '0322', 'M'),
(1916, '0390', 'M'),
(1916, '3355', 'M'),
(1916, '3761', 'M'),
(1917, '0301', 'M'),
(1917, '0306', 'M'),
(1917, '0310', 'M'),
(1917, '0311', 'M'),
(1917, '0313', 'M'),
(1917, '0314', 'M'),
(1917, '0318', 'M'),
(1917, '0321', 'M'),
(1917, '0322', 'M'),
(1917, '0390', 'M'),
(1917, '3761', 'M'),
(1918, '0301', 'M'),
(1918, '0304', 'M'),
(1918, '0306', 'M'),
(1918, '0310', 'M'),
(1918, '0311', 'M'),
(1918, '0313', 'M'),
(1918, '0314', 'M'),
(1918, '0315', 'M'),
(1918, '0318', 'M'),
(1918, '0321', 'M'),
(1918, '0322', 'M'),
(1918, '0390', 'M'),
(1918, '0394', 'M'),
(1918, '3355', 'M'),
(1918, '3761', 'M'),
(1919, '0401', 'M'),
(1919, '0405', 'M'),
(1919, '0406', 'M'),
(1919, '0413', 'M'),
(1919, '0414', 'M'),
(1919, '0415', 'M'),
(1919, '0419', 'M'),
(1919, '0422', 'M'),
(1919, '0431', 'M'),
(1919, '0432', 'M'),
(1919, '0489', 'M'),
(1919, '4232', 'M'),
(1919, '4745', 'M'),
(1920, '0401', 'M'),
(1920, '0404', 'M'),
(1920, '0405', 'M'),
(1920, '0406', 'M'),
(1920, '0413', 'M'),
(1920, '0414', 'M'),
(1920, '0415', 'M'),
(1920, '0419', 'M'),
(1920, '0422', 'M'),
(1920, '0431', 'M'),
(1920, '0432', 'M'),
(1920, '0489', 'M'),
(1920, '0490', 'M'),
(1920, '0494', 'M'),
(1920, '4232', 'M'),
(1920, '4745', 'M'),
(1922, '0113', 'M'),
(1922, '0401', 'M'),
(1922, '0404', 'M'),
(1922, '0405', 'M'),
(1922, '0406', 'M'),
(1922, '0410', 'M'),
(1922, '0411', 'M'),
(1922, '0413', 'M'),
(1922, '0414', 'M'),
(1922, '0415', 'M'),
(1922, '0418', 'M'),
(1922, '0422', 'M'),
(1922, '0464', 'M'),
(1922, '0489', 'M'),
(1922, '4480', 'M'),
(1922, '4481', 'M'),
(1923, '0401', 'M'),
(1923, '0405', 'M'),
(1923, '0406', 'M'),
(1923, '0413', 'M'),
(1923, '0414', 'M'),
(1923, '0415', 'M'),
(1923, '0418', 'M'),
(1923, '0422', 'M'),
(1923, '0431', 'M'),
(1923, '0489', 'M'),
(1923, '0494', 'M'),
(1923, '0495', 'M'),
(1923, '4232', 'M'),
(1924, '0101', 'M'),
(1924, '0106', 'M'),
(1924, '0114', 'M'),
(1924, '0118', 'M'),
(1924, '0122', 'M'),
(1924, '0128', 'M'),
(1924, '0131', 'M'),
(1924, '0132', 'M'),
(1924, '0194', 'M'),
(1924, '1232', 'M'),
(1927, '0101', 'M'),
(1927, '0106', 'A'),
(1927, '0114', 'M'),
(1927, '0122', 'M'),
(1927, '0128', 'M'),
(1927, '0131', 'M'),
(1927, '0194', 'M'),
(1927, '1021', 'M'),
(1927, '1234', 'M'),
(1927, '1236', 'A'),
(1929, '0201', 'M');
INSERT INTO `alumnos_materias` (`nExpediente`, `idAsignatura`, `estado`) VALUES
(1929, '0206', 'M'),
(1929, '0212', 'M'),
(1929, '0214', 'A'),
(1929, '0215', 'M'),
(1929, '0218', 'M'),
(1929, '0222', 'M'),
(1929, '0233', 'M'),
(1929, '0235', 'M'),
(1929, '0294', 'A'),
(1929, '2008', 'M'),
(1929, '2243', 'M'),
(1930, '0201', 'M'),
(1930, '0206', 'M'),
(1930, '0212', 'M'),
(1930, '0214', 'M'),
(1930, '0215', 'M'),
(1930, '0222', 'M'),
(1930, '0234', 'M'),
(1930, '0236', 'M'),
(1930, '0294', 'M'),
(1930, '2008', 'M'),
(1930, '2233', 'A'),
(1930, '2243', 'A'),
(1931, '0201', 'M'),
(1931, '0206', 'M'),
(1931, '0212', 'A'),
(1931, '0214', 'M'),
(1931, '0215', 'M'),
(1931, '0222', 'A'),
(1931, '0234', 'M'),
(1931, '0236', 'M'),
(1931, '0238', 'M'),
(1931, '0294', 'M'),
(1931, '2233', 'M'),
(1931, '2249', 'M'),
(1932, '0201', 'A'),
(1932, '0206', 'M'),
(1932, '0212', 'M'),
(1932, '0215', 'M'),
(1932, '0222', 'M'),
(1932, '0275', 'M'),
(1932, '0294', 'M'),
(1932, '2189', 'M'),
(1932, '2236', 'M'),
(1932, '2237', 'M'),
(1932, '2243', 'M'),
(1932, '2262', 'M'),
(1933, '0201', 'M'),
(1933, '0204', 'M'),
(1933, '0206', 'M'),
(1933, '0212', 'M'),
(1933, '0214', 'M'),
(1933, '0215', 'M'),
(1933, '0222', 'M'),
(1933, '0275', 'M'),
(1933, '0292', 'M'),
(1933, '0294', 'M'),
(1933, '2189', 'M'),
(1933, '2236', 'M'),
(1933, '2237', 'M'),
(1933, '2243', 'M'),
(1933, '2262', 'M'),
(1935, '1102', 'M'),
(1935, '1315', 'M'),
(1935, '1348', 'M'),
(1935, '1997', 'M'),
(1938, '2377', 'M'),
(1940, '2102', 'M'),
(1940, '2107', 'M'),
(1940, '2197', 'M'),
(1940, '2377', 'M'),
(1940, '2587', 'M'),
(1940, '2589', 'M'),
(1942, '0518', 'M'),
(1942, '0520', 'M'),
(1942, '0522', 'M'),
(1942, '5010', 'M'),
(1942, '5023', 'M'),
(1942, '5024', 'M'),
(1942, '5025', 'M'),
(1942, '5080', 'M'),
(1942, '5287', 'M'),
(1944, '1102', 'M'),
(1944, '1440', 'M'),
(1944, '1479', 'M'),
(1944, '1601', 'M'),
(1944, '1602', 'M'),
(1944, '1604', 'M'),
(1945, '2603', 'M'),
(1945, '2605', 'M'),
(1945, '2606', 'M'),
(1949, '0118', 'M'),
(1949, '0128', 'M'),
(1949, '0131', 'M'),
(1949, '0194', 'M'),
(1949, '1232', 'M'),
(1952, '0506', 'A'),
(1952, '5009', 'M'),
(1952, '5010', 'M'),
(1952, '5013', 'M'),
(1952, '5022', 'M'),
(1952, '5080', 'M'),
(1952, '5097', 'M'),
(1952, '5286', 'A'),
(1956, '1440', 'M'),
(1956, '1479', 'M'),
(1956, '1601', 'M'),
(1956, '1602', 'A'),
(1960, '0101', 'M'),
(1960, '0106', 'M'),
(1960, '0110', 'M'),
(1960, '0111', 'M'),
(1960, '0113', 'M'),
(1960, '0114', 'M'),
(1960, '0115', 'M'),
(1960, '0118', 'M'),
(1960, '0121', 'M'),
(1960, '0122', 'M'),
(1960, '0190', 'M'),
(1960, '0194', 'M'),
(1960, '1355', 'M'),
(1960, '1761', 'M'),
(1963, '0301', 'M'),
(1963, '0306', 'M'),
(1963, '0310', 'M'),
(1963, '0311', 'M'),
(1963, '0313', 'M'),
(1963, '0314', 'M'),
(1963, '0315', 'M'),
(1963, '0318', 'M'),
(1963, '0321', 'M'),
(1963, '0322', 'M'),
(1963, '0331', 'M'),
(1963, '0390', 'M'),
(1965, '0301', 'M'),
(1965, '0306', 'M'),
(1965, '0310', 'M'),
(1965, '0311', 'M'),
(1965, '0313', 'M'),
(1965, '0315', 'M'),
(1965, '0318', 'M'),
(1965, '0321', 'M'),
(1965, '0322', 'M'),
(1965, '0390', 'M'),
(1965, '3355', 'M'),
(1965, '3761', 'M'),
(1967, '0301', 'M'),
(1967, '0304', 'M'),
(1967, '0306', 'M'),
(1967, '0310', 'M'),
(1967, '0311', 'M'),
(1967, '0313', 'M'),
(1967, '0314', 'M'),
(1967, '0315', 'M'),
(1967, '0318', 'M'),
(1967, '0321', 'M'),
(1967, '0322', 'M'),
(1967, '0390', 'M'),
(1967, '0394', 'M'),
(1967, '3355', 'M'),
(1967, '3761', 'M'),
(1971, '0113', 'M'),
(1971, '0401', 'M'),
(1971, '0404', 'M'),
(1971, '0405', 'M'),
(1971, '0406', 'M'),
(1971, '0410', 'M'),
(1971, '0411', 'M'),
(1971, '0413', 'M'),
(1971, '0414', 'M'),
(1971, '0415', 'M'),
(1971, '0418', 'M'),
(1971, '0422', 'M'),
(1971, '0464', 'M'),
(1971, '0489', 'M'),
(1971, '4480', 'M'),
(1971, '4481', 'M'),
(1973, '0101', 'M'),
(1973, '0106', 'M'),
(1973, '0114', 'M'),
(1973, '0118', 'M'),
(1973, '0122', 'M'),
(1973, '0128', 'M'),
(1973, '0131', 'M'),
(1973, '0132', 'M'),
(1973, '0194', 'M'),
(1973, '1232', 'M'),
(1974, '0101', 'M'),
(1974, '0106', 'M'),
(1974, '0114', 'M'),
(1974, '0115', 'M'),
(1974, '0118', 'M'),
(1974, '0122', 'M'),
(1974, '0128', 'M'),
(1974, '0131', 'M'),
(1974, '0132', 'M'),
(1974, '0191', 'M'),
(1974, '0194', 'M'),
(1974, '1232', 'M'),
(1975, '0101', 'M'),
(1975, '0106', 'M'),
(1975, '0114', 'M'),
(1975, '0115', 'M'),
(1975, '0122', 'M'),
(1975, '0124', 'M'),
(1975, '0126', 'M'),
(1975, '0128', 'A'),
(1975, '0131', 'M'),
(1975, '0194', 'M'),
(1975, '1234', 'M'),
(1975, '1241', 'M'),
(1977, '0101', 'M'),
(1977, '0106', 'A'),
(1977, '0114', 'M'),
(1977, '0115', 'M'),
(1977, '0122', 'M'),
(1977, '0128', 'M'),
(1977, '0131', 'M'),
(1977, '0194', 'M'),
(1977, '1021', 'M'),
(1977, '1234', 'M'),
(1977, '1236', 'A'),
(1977, '1241', 'M'),
(1978, '0201', 'M'),
(1978, '0206', 'M'),
(1978, '0212', 'M'),
(1978, '0214', 'M'),
(1978, '0215', 'A'),
(1978, '0218', 'M'),
(1978, '0222', 'M'),
(1978, '0233', 'M'),
(1978, '0235', 'A'),
(1978, '0294', 'M'),
(1978, '2008', 'M'),
(1978, '2243', 'M'),
(1982, '0201', 'A'),
(1982, '0204', 'M'),
(1982, '0206', 'M'),
(1982, '0212', 'M'),
(1982, '0214', 'M'),
(1982, '0215', 'M'),
(1982, '0222', 'M'),
(1982, '0275', 'M'),
(1982, '0292', 'M'),
(1982, '0294', 'M'),
(1982, '2189', 'M'),
(1982, '2236', 'M'),
(1982, '2237', 'M'),
(1982, '2243', 'M'),
(1982, '2262', 'M'),
(1983, '1102', 'M'),
(1983, '1315', 'M'),
(1983, '1348', 'M'),
(1983, '1997', 'M'),
(1985, '0104', 'M'),
(1985, '0106', 'M'),
(1985, '1102', 'M'),
(1985, '1362', 'M'),
(1985, '1363', 'M'),
(1985, '1364', 'M'),
(1985, '1365', 'M'),
(1985, '1367', 'M'),
(1985, '1591', 'M'),
(1986, '0106', 'M'),
(1986, '1102', 'M'),
(1986, '1362', 'M'),
(1986, '1363', 'M'),
(1986, '1364', 'M'),
(1986, '1365', 'M'),
(1986, '1367', 'M'),
(1986, '1591', 'M'),
(1990, '0506', 'M'),
(1990, '0518', 'M'),
(1990, '0520', 'M'),
(1990, '0522', 'M'),
(1990, '5010', 'M'),
(1990, '5023', 'M'),
(1990, '5024', 'M'),
(1990, '5025', 'M'),
(1990, '5080', 'M'),
(1990, '5287', 'M'),
(1993, '1102', 'M'),
(1993, '1440', 'M'),
(1993, '1479', 'M'),
(1993, '1601', 'M'),
(1993, '1602', 'M'),
(1993, '1604', 'M'),
(1994, '2603', 'M'),
(1994, '2605', 'M'),
(1994, '2606', 'M'),
(1995, '1102', 'M'),
(1995, '1607', 'M'),
(1995, '1608', 'M'),
(1995, '1609', 'M'),
(1995, '1610', 'M'),
(1995, '1611', 'M'),
(1995, '1612', 'M'),
(1996, '2377', 'M'),
(1999, '0201', 'M'),
(1999, '0206', 'M'),
(1999, '0233', 'M'),
(1999, '0294', 'M'),
(1999, '2008', 'M'),
(1999, '2243', 'M'),
(2000, '0101', 'M'),
(2000, '0104', 'M'),
(2000, '0106', 'M'),
(2000, '0113', 'M'),
(2000, '0118', 'A'),
(2000, '0121', 'M'),
(2000, '3771', 'M'),
(2003, '0106', 'M'),
(2003, '1102', 'M'),
(2003, '1188', 'M'),
(2003, '1591', 'M'),
(2006, '2603', 'M'),
(2006, '2604', 'M'),
(2006, '2605', 'M'),
(2007, '1607', 'M'),
(2007, '1609', 'M'),
(2007, '1611', 'A'),
(2007, '1612', 'M'),
(2016, '0301', 'M'),
(2016, '0304', 'M'),
(2016, '0306', 'M'),
(2016, '0310', 'M'),
(2016, '0311', 'M'),
(2016, '0313', 'M'),
(2016, '0314', 'M'),
(2016, '0315', 'M'),
(2016, '0318', 'M'),
(2016, '0321', 'M'),
(2016, '0322', 'M'),
(2016, '0390', 'M'),
(2016, '0394', 'M'),
(2016, '3355', 'M'),
(2016, '3761', 'M'),
(2017, '0401', 'M'),
(2017, '0405', 'M'),
(2017, '0406', 'M'),
(2017, '0413', 'M'),
(2017, '0414', 'M'),
(2017, '0415', 'M'),
(2017, '0419', 'M'),
(2017, '0422', 'M'),
(2017, '0431', 'M'),
(2017, '0432', 'M'),
(2017, '0489', 'M'),
(2017, '4232', 'M'),
(2017, '4745', 'M'),
(2019, '0401', 'M'),
(2019, '0405', 'M'),
(2019, '0406', 'M'),
(2019, '0410', 'M'),
(2019, '0411', 'M'),
(2019, '0413', 'M'),
(2019, '0414', 'M'),
(2019, '0415', 'M'),
(2019, '0418', 'M'),
(2019, '0422', 'M'),
(2019, '0431', 'M'),
(2019, '0489', 'M'),
(2019, '0494', 'M'),
(2019, '0495', 'M'),
(2020, '0113', 'M'),
(2020, '0401', 'M'),
(2020, '0404', 'M'),
(2020, '0405', 'M'),
(2020, '0406', 'M'),
(2020, '0410', 'M'),
(2020, '0411', 'M'),
(2020, '0413', 'M'),
(2020, '0414', 'M'),
(2020, '0415', 'M'),
(2020, '0418', 'M'),
(2020, '0422', 'M'),
(2020, '0464', 'M'),
(2020, '0489', 'M'),
(2020, '4480', 'M'),
(2020, '4481', 'M'),
(2023, '0101', 'M'),
(2023, '0106', 'M'),
(2023, '0114', 'M'),
(2023, '0115', 'M'),
(2023, '0118', 'M'),
(2023, '0122', 'M'),
(2023, '0128', 'M'),
(2023, '0131', 'M'),
(2023, '0132', 'M'),
(2023, '0191', 'M'),
(2023, '0194', 'M'),
(2023, '1232', 'M'),
(2029, '0201', 'M'),
(2029, '0206', 'M'),
(2029, '0212', 'M'),
(2029, '0214', 'A'),
(2029, '0215', 'M'),
(2029, '0222', 'M'),
(2029, '0234', 'A'),
(2029, '0236', 'M'),
(2029, '0238', 'M'),
(2029, '0294', 'A'),
(2029, '2233', 'M'),
(2029, '2249', 'M'),
(2033, '1102', 'M'),
(2033, '1315', 'M'),
(2033, '1348', 'M'),
(2033, '1997', 'M'),
(2034, '0104', 'M'),
(2034, '0106', 'M'),
(2034, '1102', 'M'),
(2034, '1362', 'M'),
(2034, '1363', 'M'),
(2034, '1364', 'M'),
(2034, '1365', 'M'),
(2034, '1367', 'M'),
(2034, '1591', 'M'),
(2036, '2377', 'M'),
(2041, '1102', 'M'),
(2041, '1440', 'M'),
(2041, '1479', 'M'),
(2041, '1601', 'M'),
(2041, '1602', 'M'),
(2041, '1604', 'M'),
(2042, '1102', 'M'),
(2042, '1440', 'M'),
(2042, '1479', 'M'),
(2042, '1601', 'M'),
(2042, '1602', 'M'),
(2042, '1604', 'M'),
(2044, '1102', 'M'),
(2044, '1607', 'M'),
(2044, '1608', 'M'),
(2044, '1609', 'M'),
(2044, '1610', 'M'),
(2044, '1611', 'M'),
(2044, '1612', 'M'),
(2046, '0124', 'M'),
(2046, '0128', 'M'),
(2046, '0131', 'M'),
(2046, '0194', 'M'),
(2046, '1234', 'M'),
(2047, '0118', 'M'),
(2047, '0128', 'M'),
(2047, '0131', 'M'),
(2047, '0194', 'M'),
(2047, '1232', 'M'),
(2049, '0101', 'M'),
(2049, '0104', 'M'),
(2049, '0106', 'M'),
(2049, '0113', 'M'),
(2049, '0118', 'M'),
(2049, '0121', 'M'),
(2049, '3771', 'M'),
(2050, '0506', 'M'),
(2050, '5009', 'M'),
(2050, '5010', 'M'),
(2050, '5013', 'M'),
(2050, '5022', 'M'),
(2050, '5080', 'M'),
(2050, '5097', 'M'),
(2050, '5286', 'M'),
(2051, '0104', 'M'),
(2051, '0106', 'M'),
(2051, '1102', 'M'),
(2051, '1188', 'M'),
(2051, '1591', 'M'),
(2055, '2603', 'A'),
(2055, '2604', 'M'),
(2055, '2605', 'M'),
(2058, '0101', 'M'),
(2058, '0106', 'M'),
(2058, '0110', 'A'),
(2058, '0111', 'M'),
(2058, '0113', 'M'),
(2058, '0114', 'M'),
(2058, '0115', 'M'),
(2058, '0118', 'M'),
(2058, '0121', 'M'),
(2058, '0122', 'M'),
(2058, '0190', 'A'),
(2058, '0194', 'M'),
(2058, '1355', 'M'),
(2058, '1761', 'M'),
(2062, '0301', 'M'),
(2062, '0304', 'M'),
(2062, '0306', 'M'),
(2062, '0310', 'M'),
(2062, '0311', 'M'),
(2062, '0313', 'M'),
(2062, '0314', 'M'),
(2062, '0315', 'M'),
(2062, '0318', 'M'),
(2062, '0321', 'M'),
(2062, '0322', 'M'),
(2062, '0331', 'M'),
(2062, '0390', 'M'),
(2063, '0301', 'M'),
(2063, '0306', 'M'),
(2063, '0310', 'M'),
(2063, '0311', 'M'),
(2063, '0313', 'M'),
(2063, '0315', 'M'),
(2063, '0318', 'M'),
(2063, '0321', 'M'),
(2063, '0322', 'M'),
(2063, '0390', 'M'),
(2063, '3355', 'M'),
(2063, '3761', 'M'),
(2064, '0301', 'M'),
(2064, '0306', 'M'),
(2064, '0310', 'M'),
(2064, '0311', 'M'),
(2064, '0313', 'M'),
(2064, '0314', 'M'),
(2064, '0318', 'M'),
(2064, '0321', 'M'),
(2064, '0322', 'M'),
(2064, '0390', 'M'),
(2064, '3761', 'M'),
(2065, '0301', 'M'),
(2065, '0304', 'M'),
(2065, '0306', 'M'),
(2065, '0310', 'M'),
(2065, '0311', 'M'),
(2065, '0313', 'M'),
(2065, '0314', 'M'),
(2065, '0315', 'M'),
(2065, '0318', 'M'),
(2065, '0321', 'M'),
(2065, '0322', 'M'),
(2065, '0390', 'M'),
(2065, '0394', 'M'),
(2065, '3355', 'M'),
(2065, '3761', 'M'),
(2066, '0401', 'M'),
(2066, '0405', 'M'),
(2066, '0406', 'M'),
(2066, '0413', 'M'),
(2066, '0414', 'M'),
(2066, '0415', 'M'),
(2066, '0419', 'M'),
(2066, '0422', 'M'),
(2066, '0431', 'M'),
(2066, '0432', 'M'),
(2066, '0489', 'M'),
(2066, '4232', 'M'),
(2066, '4745', 'M'),
(2070, '0401', 'M'),
(2070, '0405', 'M'),
(2070, '0406', 'M'),
(2070, '0413', 'M'),
(2070, '0414', 'M'),
(2070, '0415', 'M'),
(2070, '0418', 'M'),
(2070, '0422', 'M'),
(2070, '0431', 'M'),
(2070, '0489', 'M'),
(2070, '0494', 'M'),
(2070, '0495', 'M'),
(2070, '4232', 'M'),
(2074, '0101', 'M'),
(2074, '0106', 'M'),
(2074, '0114', 'M'),
(2074, '0122', 'M'),
(2074, '0128', 'M'),
(2074, '0131', 'M'),
(2074, '0194', 'M'),
(2074, '1021', 'M'),
(2074, '1234', 'M'),
(2074, '1236', 'M'),
(2079, '0201', 'M'),
(2079, '0206', 'M'),
(2079, '0212', 'M'),
(2079, '0215', 'M'),
(2079, '0222', 'M'),
(2079, '0275', 'M'),
(2079, '0294', 'A'),
(2079, '2189', 'M'),
(2079, '2236', 'M'),
(2079, '2237', 'M'),
(2079, '2243', 'M'),
(2079, '2262', 'M'),
(2080, '0201', 'M'),
(2080, '0204', 'M'),
(2080, '0206', 'M'),
(2080, '0212', 'M'),
(2080, '0214', 'M'),
(2080, '0215', 'M'),
(2080, '0222', 'M'),
(2080, '0275', 'M'),
(2080, '0292', 'M'),
(2080, '0294', 'M'),
(2080, '2189', 'M'),
(2080, '2236', 'M'),
(2080, '2237', 'M'),
(2080, '2243', 'A'),
(2080, '2262', 'M'),
(2082, '1102', 'M'),
(2082, '1315', 'M'),
(2082, '1348', 'M'),
(2082, '1997', 'M'),
(2083, '0104', 'M'),
(2083, '0106', 'M'),
(2083, '1102', 'M'),
(2083, '1362', 'M'),
(2083, '1363', 'M'),
(2083, '1364', 'M'),
(2083, '1365', 'M'),
(2083, '1367', 'M'),
(2083, '1591', 'M'),
(2084, '0106', 'M'),
(2084, '1102', 'M'),
(2084, '1362', 'M'),
(2084, '1363', 'M'),
(2084, '1364', 'M'),
(2084, '1365', 'M'),
(2084, '1367', 'M'),
(2084, '1591', 'M'),
(2085, '2377', 'M'),
(2088, '0506', 'M'),
(2088, '0518', 'M'),
(2088, '0520', 'M'),
(2088, '0522', 'M'),
(2088, '5010', 'M'),
(2088, '5023', 'M'),
(2088, '5024', 'M'),
(2088, '5025', 'M'),
(2088, '5080', 'M'),
(2088, '5287', 'M'),
(2089, '0518', 'M'),
(2089, '0520', 'M'),
(2089, '0522', 'M'),
(2089, '5010', 'M'),
(2089, '5023', 'M'),
(2089, '5024', 'M'),
(2089, '5025', 'M'),
(2089, '5080', 'M'),
(2089, '5287', 'M'),
(2092, '2603', 'M'),
(2092, '2605', 'M'),
(2092, '2606', 'M'),
(2094, '2377', 'M'),
(2098, '0101', 'M'),
(2098, '0104', 'M'),
(2098, '0106', 'M'),
(2098, '0113', 'M'),
(2098, '0118', 'M'),
(2098, '0121', 'M'),
(2098, '3771', 'M'),
(2101, '0106', 'M'),
(2101, '1102', 'M'),
(2101, '1188', 'M'),
(2101, '1591', 'M'),
(2102, '1102', 'M'),
(2102, '1479', 'M'),
(2102, '1601', 'M'),
(2102, '1602', 'M'),
(2105, '1607', 'M'),
(2105, '1609', 'M'),
(2105, '1611', 'M'),
(2105, '1612', 'M'),
(2116, '0401', 'M'),
(2116, '0404', 'M'),
(2116, '0405', 'M'),
(2116, '0406', 'M'),
(2116, '0413', 'M'),
(2116, '0414', 'M'),
(2116, '0415', 'M'),
(2116, '0419', 'M'),
(2116, '0422', 'M'),
(2116, '0431', 'M'),
(2116, '0432', 'M'),
(2116, '0489', 'M'),
(2116, '0490', 'M'),
(2116, '0494', 'M'),
(2116, '4232', 'M'),
(2116, '4745', 'M'),
(2119, '0401', 'M'),
(2119, '0405', 'M'),
(2119, '0406', 'M'),
(2119, '0413', 'M'),
(2119, '0414', 'M'),
(2119, '0415', 'M'),
(2119, '0418', 'M'),
(2119, '0422', 'M'),
(2119, '0431', 'M'),
(2119, '0489', 'M'),
(2119, '0494', 'M'),
(2119, '0495', 'M'),
(2119, '4232', 'M'),
(2120, '0101', 'M'),
(2120, '0106', 'M'),
(2120, '0114', 'M'),
(2120, '0118', 'M'),
(2120, '0122', 'M'),
(2120, '0128', 'M'),
(2120, '0131', 'M'),
(2120, '0132', 'M'),
(2120, '0194', 'M'),
(2120, '1232', 'M'),
(2123, '0101', 'M'),
(2123, '0106', 'M'),
(2123, '0114', 'M'),
(2123, '0122', 'M'),
(2123, '0128', 'M'),
(2123, '0131', 'M'),
(2123, '0194', 'M'),
(2123, '1021', 'M'),
(2123, '1234', 'M'),
(2123, '1236', 'M'),
(2125, '0201', 'M'),
(2125, '0206', 'M'),
(2125, '0212', 'M'),
(2125, '0214', 'M'),
(2125, '0215', 'M'),
(2125, '0218', 'A'),
(2125, '0222', 'M'),
(2125, '0233', 'M'),
(2125, '0235', 'M'),
(2125, '0294', 'M'),
(2125, '2008', 'A'),
(2125, '2243', 'M'),
(2129, '0201', 'M'),
(2129, '0204', 'A'),
(2129, '0206', 'M'),
(2129, '0212', 'M'),
(2129, '0214', 'A'),
(2129, '0215', 'M'),
(2129, '0222', 'M'),
(2129, '0275', 'M'),
(2129, '0292', 'M'),
(2129, '0294', 'A'),
(2129, '2189', 'M'),
(2129, '2236', 'M'),
(2129, '2237', 'M'),
(2129, '2243', 'M'),
(2129, '2262', 'M'),
(2133, '0106', 'M'),
(2133, '1102', 'M'),
(2133, '1362', 'M'),
(2133, '1363', 'M'),
(2133, '1364', 'M'),
(2133, '1365', 'M'),
(2133, '1367', 'M'),
(2133, '1591', 'M'),
(2137, '0506', 'M'),
(2137, '0518', 'M'),
(2137, '0520', 'M'),
(2137, '0522', 'M'),
(2137, '5010', 'M'),
(2137, '5023', 'M'),
(2137, '5024', 'M'),
(2137, '5025', 'M'),
(2137, '5080', 'M'),
(2137, '5287', 'M'),
(2138, '0518', 'M'),
(2138, '0520', 'M'),
(2138, '0522', 'M'),
(2138, '5010', 'M'),
(2138, '5023', 'M'),
(2138, '5024', 'M'),
(2138, '5025', 'M'),
(2138, '5080', 'M'),
(2138, '5287', 'M'),
(2142, '1102', 'M'),
(2142, '1607', 'M'),
(2142, '1608', 'M'),
(2142, '1609', 'M'),
(2142, '1610', 'M'),
(2142, '1611', 'M'),
(2142, '1612', 'M'),
(2143, '2377', 'M'),
(2147, '0101', 'M'),
(2147, '0104', 'M'),
(2147, '0106', 'M'),
(2147, '0113', 'M'),
(2147, '0118', 'M'),
(2147, '0121', 'M'),
(2147, '3771', 'M'),
(2148, '0506', 'M'),
(2148, '5009', 'M'),
(2148, '5010', 'M'),
(2148, '5013', 'M'),
(2148, '5022', 'M'),
(2148, '5080', 'M'),
(2148, '5097', 'M'),
(2148, '5286', 'M'),
(2149, '0104', 'M'),
(2149, '0106', 'M'),
(2149, '1102', 'M'),
(2149, '1188', 'M'),
(2149, '1591', 'M'),
(2150, '0106', 'M'),
(2150, '1102', 'M'),
(2150, '1188', 'A'),
(2150, '1591', 'M'),
(2153, '2603', 'M'),
(2153, '2604', 'M'),
(2153, '2605', 'A'),
(2154, '1607', 'M'),
(2154, '1609', 'M'),
(2154, '1611', 'M'),
(2154, '1612', 'M'),
(2156, '0101', 'M'),
(2156, '0106', 'M'),
(2156, '0110', 'M'),
(2156, '0111', 'M'),
(2156, '0113', 'M'),
(2156, '0114', 'M'),
(2156, '0115', 'M'),
(2156, '0118', 'M'),
(2156, '0121', 'M'),
(2156, '0122', 'A'),
(2156, '0190', 'M'),
(2156, '0194', 'M'),
(2156, '1355', 'M'),
(2156, '1761', 'M'),
(2158, '0301', 'M'),
(2158, '0306', 'M'),
(2158, '0310', 'A'),
(2158, '0311', 'M'),
(2158, '0313', 'M'),
(2158, '0314', 'M'),
(2158, '0315', 'M'),
(2158, '0318', 'M'),
(2158, '0321', 'M'),
(2158, '0322', 'M'),
(2158, '0390', 'A'),
(2158, '0394', 'M'),
(2160, '0301', 'M'),
(2160, '0304', 'M'),
(2160, '0306', 'M'),
(2160, '0310', 'M'),
(2160, '0311', 'M'),
(2160, '0313', 'M'),
(2160, '0314', 'M'),
(2160, '0315', 'M'),
(2160, '0318', 'M'),
(2160, '0321', 'M'),
(2160, '0322', 'M'),
(2160, '0331', 'M'),
(2160, '0390', 'M'),
(2162, '0301', 'M'),
(2162, '0306', 'M'),
(2162, '0310', 'M'),
(2162, '0311', 'M'),
(2162, '0313', 'M'),
(2162, '0314', 'M'),
(2162, '0318', 'M'),
(2162, '0321', 'M'),
(2162, '0322', 'M'),
(2162, '0390', 'M'),
(2162, '3761', 'M'),
(2165, '0401', 'M'),
(2165, '0404', 'M'),
(2165, '0405', 'M'),
(2165, '0406', 'M'),
(2165, '0413', 'M'),
(2165, '0414', 'M'),
(2165, '0415', 'M'),
(2165, '0419', 'M'),
(2165, '0422', 'M'),
(2165, '0431', 'M'),
(2165, '0432', 'M'),
(2165, '0489', 'M'),
(2165, '0490', 'M'),
(2165, '0494', 'M'),
(2165, '4232', 'M'),
(2165, '4745', 'M'),
(2168, '0401', 'M'),
(2168, '0405', 'M'),
(2168, '0406', 'M'),
(2168, '0413', 'M'),
(2168, '0414', 'M'),
(2168, '0415', 'M'),
(2168, '0418', 'M'),
(2168, '0422', 'M'),
(2168, '0431', 'M'),
(2168, '0489', 'M'),
(2168, '0494', 'M'),
(2168, '0495', 'M'),
(2168, '4232', 'M'),
(2169, '0101', 'M'),
(2169, '0106', 'M'),
(2169, '0114', 'M'),
(2169, '0118', 'M'),
(2169, '0122', 'M'),
(2169, '0128', 'M'),
(2169, '0131', 'M'),
(2169, '0132', 'M'),
(2169, '0194', 'M'),
(2169, '1232', 'M'),
(2170, '0101', 'M'),
(2170, '0106', 'M'),
(2170, '0114', 'M'),
(2170, '0115', 'M'),
(2170, '0118', 'M'),
(2170, '0122', 'M'),
(2170, '0128', 'M'),
(2170, '0131', 'M'),
(2170, '0132', 'M'),
(2170, '0191', 'M'),
(2170, '0194', 'M'),
(2170, '1232', 'M'),
(2171, '0101', 'M'),
(2171, '0106', 'M'),
(2171, '0114', 'M'),
(2171, '0115', 'M'),
(2171, '0122', 'M'),
(2171, '0124', 'M'),
(2171, '0126', 'M'),
(2171, '0128', 'M'),
(2171, '0131', 'M'),
(2171, '0194', 'M'),
(2171, '1234', 'M'),
(2171, '1241', 'M'),
(2172, '0101', 'M'),
(2172, '0106', 'M'),
(2172, '0114', 'M'),
(2172, '0122', 'M'),
(2172, '0128', 'M'),
(2172, '0131', 'M'),
(2172, '0194', 'M'),
(2172, '1021', 'M'),
(2172, '1234', 'M'),
(2172, '1236', 'M'),
(2174, '0201', 'M'),
(2174, '0206', 'M'),
(2174, '0212', 'M'),
(2174, '0214', 'M'),
(2174, '0215', 'M'),
(2174, '0218', 'M'),
(2174, '0222', 'M'),
(2174, '0233', 'M'),
(2174, '0235', 'M'),
(2174, '0294', 'M'),
(2174, '2008', 'M'),
(2174, '2243', 'M'),
(2176, '0201', 'M'),
(2176, '0206', 'M'),
(2176, '0212', 'M'),
(2176, '0214', 'M'),
(2176, '0215', 'M'),
(2176, '0222', 'M'),
(2176, '0234', 'M'),
(2176, '0236', 'M'),
(2176, '0238', 'M'),
(2176, '0294', 'M'),
(2176, '2233', 'M'),
(2176, '2249', 'M'),
(2177, '0201', 'M'),
(2177, '0206', 'A'),
(2177, '0212', 'M'),
(2177, '0215', 'M'),
(2177, '0222', 'M'),
(2177, '0275', 'M'),
(2177, '0294', 'M'),
(2177, '2189', 'M'),
(2177, '2236', 'A'),
(2177, '2237', 'M'),
(2177, '2243', 'M'),
(2177, '2262', 'M'),
(2178, '0201', 'M'),
(2178, '0204', 'M'),
(2178, '0206', 'M'),
(2178, '0212', 'M'),
(2178, '0214', 'M'),
(2178, '0215', 'A'),
(2178, '0222', 'M'),
(2178, '0275', 'A'),
(2178, '0292', 'M'),
(2178, '0294', 'M'),
(2178, '2189', 'M'),
(2178, '2236', 'M'),
(2178, '2237', 'M'),
(2178, '2243', 'M'),
(2178, '2262', 'M'),
(2179, '1102', 'M'),
(2179, '1315', 'M'),
(2179, '1348', 'M'),
(2179, '1997', 'M'),
(2180, '1102', 'M'),
(2180, '1315', 'M'),
(2180, '1348', 'M'),
(2180, '1997', 'M'),
(2181, '0104', 'M'),
(2181, '0106', 'M'),
(2181, '1102', 'A'),
(2181, '1362', 'A'),
(2181, '1363', 'M'),
(2181, '1364', 'M'),
(2181, '1365', 'M'),
(2181, '1367', 'M'),
(2181, '1591', 'M'),
(2183, '2377', 'M'),
(2184, '0104', 'M'),
(2184, '0106', 'M'),
(2184, '1188', 'M'),
(2184, '1367', 'M'),
(2184, '1588', 'M'),
(2184, '1591', 'M'),
(2184, '1993', 'M'),
(2187, '0518', 'M'),
(2187, '0520', 'M'),
(2187, '0522', 'M'),
(2187, '5010', 'M'),
(2187, '5023', 'M'),
(2187, '5024', 'M'),
(2187, '5025', 'M'),
(2187, '5080', 'M'),
(2187, '5287', 'M'),
(2190, '2603', 'M'),
(2190, '2605', 'M'),
(2190, '2606', 'M'),
(2191, '1102', 'M'),
(2191, '1607', 'M'),
(2191, '1608', 'M'),
(2191, '1609', 'M'),
(2191, '1610', 'M'),
(2191, '1611', 'M'),
(2191, '1612', 'M'),
(2192, '2377', 'M'),
(2193, '0124', 'M'),
(2193, '0128', 'M'),
(2193, '0131', 'M'),
(2193, '0194', 'M'),
(2193, '1234', 'M'),
(2194, '0118', 'M'),
(2194, '0128', 'M'),
(2194, '0131', 'M'),
(2194, '0194', 'M'),
(2194, '1232', 'M'),
(2196, '0101', 'M'),
(2196, '0104', 'M'),
(2196, '0106', 'M'),
(2196, '0113', 'M'),
(2196, '0118', 'M'),
(2196, '0121', 'M'),
(2196, '3771', 'M'),
(2198, '0104', 'M'),
(2198, '0106', 'M'),
(2198, '1102', 'M'),
(2198, '1188', 'M'),
(2198, '1591', 'M'),
(2200, '1102', 'M'),
(2200, '1479', 'M'),
(2200, '1601', 'M'),
(2200, '1602', 'M'),
(2205, '0101', 'M'),
(2205, '0106', 'M'),
(2205, '0110', 'M'),
(2205, '0111', 'M'),
(2205, '0113', 'A'),
(2205, '0114', 'M'),
(2205, '0115', 'M'),
(2205, '0118', 'M'),
(2205, '0121', 'M'),
(2205, '0122', 'M'),
(2205, '0190', 'M'),
(2205, '0194', 'M'),
(2205, '1355', 'M'),
(2205, '1761', 'M'),
(2206, '0201', 'M'),
(2206, '0206', 'M'),
(2206, '0210', 'M'),
(2206, '0211', 'M'),
(2206, '0213', 'M'),
(2206, '0214', 'M'),
(2206, '0215', 'M'),
(2206, '0218', 'M'),
(2206, '0221', 'M'),
(2206, '0222', 'A'),
(2206, '0290', 'M'),
(2206, '0294', 'M'),
(2206, '2355', 'M'),
(2206, '2761', 'M'),
(2207, '0301', 'A'),
(2207, '0306', 'M'),
(2207, '0310', 'M'),
(2207, '0311', 'A'),
(2207, '0313', 'M'),
(2207, '0314', 'M'),
(2207, '0315', 'M'),
(2207, '0318', 'M'),
(2207, '0321', 'A'),
(2207, '0322', 'M'),
(2207, '0390', 'M'),
(2207, '0394', 'M'),
(2210, '0301', 'M'),
(2210, '0306', 'M'),
(2210, '0310', 'M'),
(2210, '0311', 'M'),
(2210, '0313', 'M'),
(2210, '0315', 'M'),
(2210, '0318', 'M'),
(2210, '0321', 'M'),
(2210, '0322', 'M'),
(2210, '0390', 'M'),
(2210, '3355', 'M'),
(2210, '3761', 'M'),
(2211, '0301', 'M'),
(2211, '0306', 'M'),
(2211, '0310', 'M'),
(2211, '0311', 'M'),
(2211, '0313', 'M'),
(2211, '0314', 'M'),
(2211, '0318', 'M'),
(2211, '0321', 'M'),
(2211, '0322', 'M'),
(2211, '0390', 'M'),
(2211, '3761', 'M'),
(2212, '0301', 'M'),
(2212, '0304', 'M'),
(2212, '0306', 'M'),
(2212, '0310', 'M'),
(2212, '0311', 'M'),
(2212, '0313', 'M'),
(2212, '0314', 'M'),
(2212, '0315', 'M'),
(2212, '0318', 'M'),
(2212, '0321', 'M'),
(2212, '0322', 'M'),
(2212, '0390', 'M'),
(2212, '0394', 'M'),
(2212, '3355', 'M'),
(2212, '3761', 'M'),
(2216, '0113', 'M'),
(2216, '0401', 'M'),
(2216, '0404', 'M'),
(2216, '0405', 'M'),
(2216, '0406', 'M'),
(2216, '0410', 'M'),
(2216, '0411', 'M'),
(2216, '0413', 'M'),
(2216, '0414', 'M'),
(2216, '0415', 'M'),
(2216, '0418', 'M'),
(2216, '0422', 'M'),
(2216, '0464', 'M'),
(2216, '0489', 'M'),
(2216, '4480', 'M'),
(2216, '4481', 'M'),
(2218, '0101', 'M'),
(2218, '0106', 'M'),
(2218, '0114', 'M'),
(2218, '0118', 'M'),
(2218, '0122', 'M'),
(2218, '0128', 'M'),
(2218, '0131', 'M'),
(2218, '0132', 'M'),
(2218, '0194', 'M'),
(2218, '1232', 'M'),
(2219, '0101', 'M'),
(2219, '0106', 'M'),
(2219, '0114', 'M'),
(2219, '0115', 'M'),
(2219, '0118', 'M'),
(2219, '0122', 'M'),
(2219, '0128', 'M'),
(2219, '0131', 'M'),
(2219, '0132', 'M'),
(2219, '0191', 'M'),
(2219, '0194', 'M'),
(2219, '1232', 'M'),
(2220, '0101', 'M'),
(2220, '0106', 'M'),
(2220, '0114', 'M'),
(2220, '0115', 'M'),
(2220, '0122', 'M'),
(2220, '0124', 'M'),
(2220, '0126', 'M'),
(2220, '0128', 'M'),
(2220, '0131', 'M'),
(2220, '0194', 'M'),
(2220, '1234', 'M'),
(2220, '1241', 'M'),
(2223, '0201', 'M'),
(2223, '0206', 'M'),
(2223, '0212', 'M'),
(2223, '0214', 'M'),
(2223, '0215', 'M'),
(2223, '0218', 'M'),
(2223, '0222', 'M'),
(2223, '0233', 'M'),
(2223, '0235', 'M'),
(2223, '0294', 'M'),
(2223, '2008', 'M'),
(2223, '2243', 'M'),
(2225, '0201', 'M'),
(2225, '0206', 'M'),
(2225, '0212', 'M'),
(2225, '0214', 'M'),
(2225, '0215', 'M'),
(2225, '0222', 'M'),
(2225, '0234', 'M'),
(2225, '0236', 'M'),
(2225, '0238', 'A'),
(2225, '0294', 'M'),
(2225, '2233', 'M'),
(2225, '2249', 'M'),
(2226, '0201', 'M'),
(2226, '0206', 'M'),
(2226, '0212', 'M'),
(2226, '0215', 'M'),
(2226, '0222', 'M'),
(2226, '0275', 'M'),
(2226, '0294', 'M'),
(2226, '2189', 'M'),
(2226, '2236', 'M'),
(2226, '2237', 'A'),
(2226, '2243', 'M'),
(2226, '2262', 'M'),
(2230, '0104', 'M'),
(2230, '0106', 'M'),
(2230, '1102', 'M'),
(2230, '1362', 'M'),
(2230, '1363', 'A'),
(2230, '1364', 'M'),
(2230, '1365', 'M'),
(2230, '1367', 'M'),
(2230, '1591', 'M'),
(2234, '2102', 'M'),
(2234, '2107', 'M'),
(2234, '2197', 'M'),
(2234, '2377', 'M'),
(2234, '2587', 'M'),
(2234, '2589', 'M'),
(2235, '0506', 'M'),
(2235, '0518', 'M'),
(2235, '0520', 'M'),
(2235, '0522', 'M'),
(2235, '5010', 'M'),
(2235, '5023', 'M'),
(2235, '5024', 'M'),
(2235, '5025', 'M'),
(2235, '5080', 'M'),
(2235, '5287', 'M'),
(2238, '1102', 'M'),
(2238, '1440', 'M'),
(2238, '1479', 'M'),
(2238, '1601', 'M'),
(2238, '1602', 'M'),
(2238, '1604', 'M'),
(2242, '0124', 'M'),
(2242, '0128', 'M'),
(2242, '0131', 'M'),
(2242, '0194', 'M'),
(2242, '1234', 'M'),
(2243, '0118', 'M'),
(2243, '0128', 'M'),
(2243, '0131', 'M'),
(2243, '0194', 'M'),
(2243, '1232', 'M'),
(2246, '0506', 'M'),
(2246, '5009', 'M'),
(2246, '5010', 'M'),
(2246, '5013', 'M'),
(2246, '5022', 'M'),
(2246, '5080', 'M'),
(2246, '5097', 'M'),
(2246, '5286', 'M'),
(2247, '0104', 'M'),
(2247, '0106', 'M'),
(2247, '1102', 'M'),
(2247, '1188', 'M'),
(2247, '1591', 'M'),
(2251, '2603', 'M'),
(2251, '2604', 'M'),
(2251, '2605', 'M'),
(2253, '1102', 'M'),
(2253, '1608', 'M'),
(2253, '2610', 'M'),
(2254, '0101', 'M'),
(2254, '0106', 'M'),
(2254, '0110', 'M'),
(2254, '0111', 'M'),
(2254, '0113', 'M'),
(2254, '0114', 'A'),
(2254, '0115', 'M'),
(2254, '0118', 'M'),
(2254, '0121', 'M'),
(2254, '0122', 'M'),
(2254, '0190', 'M'),
(2254, '0194', 'A'),
(2254, '1355', 'M'),
(2254, '1761', 'M'),
(2256, '0301', 'M'),
(2256, '0306', 'M'),
(2256, '0310', 'M'),
(2256, '0311', 'M'),
(2256, '0313', 'M'),
(2256, '0314', 'M'),
(2256, '0315', 'M'),
(2256, '0318', 'M'),
(2256, '0321', 'M'),
(2256, '0322', 'A'),
(2256, '0390', 'M'),
(2256, '0394', 'M'),
(2257, '0301', 'A'),
(2257, '0306', 'M'),
(2257, '0310', 'M'),
(2257, '0311', 'A'),
(2257, '0313', 'M'),
(2257, '0314', 'M'),
(2257, '0315', 'M'),
(2257, '0318', 'M'),
(2257, '0321', 'A'),
(2257, '0322', 'M'),
(2257, '0331', 'A'),
(2257, '0390', 'M'),
(2261, '0301', 'M'),
(2261, '0304', 'M'),
(2261, '0306', 'M'),
(2261, '0310', 'M'),
(2261, '0311', 'M'),
(2261, '0313', 'M'),
(2261, '0314', 'M'),
(2261, '0315', 'M'),
(2261, '0318', 'M'),
(2261, '0321', 'M'),
(2261, '0322', 'M'),
(2261, '0390', 'M'),
(2261, '0394', 'M'),
(2261, '3355', 'M'),
(2261, '3761', 'M'),
(2267, '0101', 'M'),
(2267, '0106', 'M'),
(2267, '0114', 'M'),
(2267, '0118', 'M'),
(2267, '0122', 'M'),
(2267, '0128', 'M'),
(2267, '0131', 'M'),
(2267, '0132', 'M'),
(2267, '0194', 'M'),
(2267, '1232', 'M'),
(2268, '0101', 'M'),
(2268, '0106', 'M'),
(2268, '0114', 'M'),
(2268, '0115', 'M'),
(2268, '0118', 'M'),
(2268, '0122', 'M'),
(2268, '0128', 'M'),
(2268, '0131', 'M'),
(2268, '0132', 'M'),
(2268, '0191', 'M'),
(2268, '0194', 'M'),
(2268, '1232', 'M'),
(2269, '0101', 'M'),
(2269, '0106', 'M'),
(2269, '0114', 'M'),
(2269, '0115', 'M'),
(2269, '0122', 'M'),
(2269, '0124', 'M'),
(2269, '0126', 'M'),
(2269, '0128', 'M'),
(2269, '0131', 'M'),
(2269, '0194', 'M'),
(2269, '1234', 'M'),
(2269, '1241', 'M'),
(2270, '0101', 'M'),
(2270, '0106', 'M'),
(2270, '0114', 'M'),
(2270, '0122', 'M'),
(2270, '0128', 'M'),
(2270, '0131', 'M'),
(2270, '0194', 'M'),
(2270, '1021', 'M'),
(2270, '1234', 'M'),
(2270, '1236', 'M'),
(2275, '0201', 'M'),
(2275, '0206', 'M'),
(2275, '0212', 'M'),
(2275, '0215', 'M'),
(2275, '0222', 'M'),
(2275, '0275', 'M'),
(2275, '0294', 'M'),
(2275, '2189', 'M'),
(2275, '2236', 'M'),
(2275, '2237', 'M'),
(2275, '2243', 'M'),
(2275, '2262', 'M'),
(2277, '1102', 'M'),
(2277, '1315', 'M'),
(2277, '1348', 'M'),
(2277, '1997', 'M'),
(2278, '1102', 'M'),
(2278, '1315', 'A'),
(2278, '1348', 'M'),
(2278, '1997', 'M'),
(2279, '0104', 'A'),
(2279, '0106', 'M'),
(2279, '1102', 'M'),
(2279, '1362', 'M'),
(2279, '1363', 'M'),
(2279, '1364', 'A'),
(2279, '1365', 'M'),
(2279, '1367', 'M'),
(2279, '1591', 'M'),
(2280, '0106', 'M'),
(2280, '1102', 'M'),
(2280, '1362', 'M'),
(2280, '1363', 'A'),
(2280, '1364', 'M'),
(2280, '1365', 'M'),
(2280, '1367', 'M'),
(2280, '1591', 'M'),
(2281, '2377', 'M'),
(2282, '0104', 'M'),
(2282, '0106', 'M'),
(2282, '1188', 'M'),
(2282, '1367', 'M'),
(2282, '1588', 'M'),
(2282, '1591', 'A'),
(2282, '1993', 'M'),
(2283, '2102', 'M'),
(2283, '2107', 'M'),
(2283, '2197', 'M'),
(2283, '2377', 'M'),
(2283, '2587', 'M'),
(2283, '2589', 'M'),
(2285, '0518', 'M'),
(2285, '0520', 'M'),
(2285, '0522', 'M'),
(2285, '5010', 'M'),
(2285, '5023', 'M'),
(2285, '5024', 'M'),
(2285, '5025', 'M'),
(2285, '5080', 'M'),
(2285, '5287', 'M'),
(2297, '0106', 'M'),
(2297, '1102', 'M'),
(2297, '1188', 'M'),
(2297, '1591', 'M'),
(2298, '1102', 'M'),
(2298, '1479', 'M'),
(2298, '1601', 'M'),
(2298, '1602', 'M'),
(2299, '1440', 'M'),
(2299, '1479', 'A'),
(2299, '1601', 'M'),
(2299, '1602', 'M'),
(2300, '2603', 'M'),
(2300, '2604', 'M'),
(2300, '2605', 'M'),
(2306, '0301', 'M'),
(2306, '0306', 'M'),
(2306, '0310', 'M'),
(2306, '0311', 'M'),
(2306, '0313', 'M'),
(2306, '0314', 'M'),
(2306, '0315', 'M'),
(2306, '0318', 'M'),
(2306, '0321', 'M'),
(2306, '0322', 'A'),
(2306, '0331', 'M'),
(2306, '0390', 'M'),
(2310, '0301', 'M'),
(2310, '0304', 'M'),
(2310, '0306', 'M'),
(2310, '0310', 'M'),
(2310, '0311', 'M'),
(2310, '0313', 'M'),
(2310, '0314', 'M'),
(2310, '0315', 'M'),
(2310, '0318', 'M'),
(2310, '0321', 'M'),
(2310, '0322', 'M'),
(2310, '0390', 'M'),
(2310, '0394', 'M'),
(2310, '3355', 'M'),
(2310, '3761', 'M'),
(2311, '0401', 'M'),
(2311, '0405', 'M'),
(2311, '0406', 'M'),
(2311, '0413', 'M'),
(2311, '0414', 'M'),
(2311, '0415', 'M'),
(2311, '0419', 'M'),
(2311, '0422', 'M'),
(2311, '0431', 'M'),
(2311, '0432', 'M'),
(2311, '0489', 'M'),
(2311, '4232', 'M'),
(2311, '4745', 'M'),
(2319, '0101', 'M'),
(2319, '0106', 'M'),
(2319, '0114', 'M'),
(2319, '0122', 'M'),
(2319, '0128', 'M'),
(2319, '0131', 'M'),
(2319, '0194', 'M'),
(2319, '1021', 'M'),
(2319, '1234', 'M'),
(2319, '1236', 'M'),
(2321, '0201', 'M'),
(2321, '0206', 'M'),
(2321, '0212', 'M'),
(2321, '0214', 'M'),
(2321, '0215', 'M'),
(2321, '0218', 'M'),
(2321, '0222', 'M'),
(2321, '0233', 'M'),
(2321, '0235', 'M'),
(2321, '0294', 'M'),
(2321, '2008', 'M'),
(2321, '2243', 'M'),
(2322, '0201', 'M'),
(2322, '0206', 'M'),
(2322, '0212', 'M'),
(2322, '0214', 'M'),
(2322, '0215', 'M'),
(2322, '0222', 'M'),
(2322, '0234', 'M'),
(2322, '0236', 'M'),
(2322, '0294', 'M'),
(2322, '2008', 'M'),
(2322, '2233', 'M'),
(2322, '2243', 'M'),
(2326, '1102', 'M'),
(2326, '1315', 'M'),
(2326, '1348', 'M'),
(2326, '1997', 'A'),
(2327, '1102', 'M'),
(2327, '1315', 'M'),
(2327, '1348', 'M'),
(2327, '1997', 'M'),
(2328, '0104', 'M'),
(2328, '0106', 'M'),
(2328, '1102', 'M'),
(2328, '1362', 'M'),
(2328, '1363', 'M'),
(2328, '1364', 'M'),
(2328, '1365', 'A'),
(2328, '1367', 'M'),
(2328, '1591', 'M'),
(2329, '0106', 'M'),
(2329, '1102', 'M'),
(2329, '1362', 'M'),
(2329, '1363', 'M'),
(2329, '1364', 'A'),
(2329, '1365', 'M'),
(2329, '1367', 'M'),
(2329, '1591', 'M'),
(2330, '2377', 'M'),
(2331, '0104', 'M'),
(2331, '0106', 'M'),
(2331, '1188', 'M'),
(2331, '1367', 'M'),
(2331, '1588', 'M'),
(2331, '1591', 'M'),
(2331, '1993', 'M'),
(2332, '2102', 'M'),
(2332, '2107', 'M'),
(2332, '2197', 'M'),
(2332, '2377', 'M'),
(2332, '2587', 'M'),
(2332, '2589', 'M'),
(2333, '0506', 'M'),
(2333, '0518', 'M'),
(2333, '0520', 'A'),
(2333, '0522', 'M'),
(2333, '5010', 'A'),
(2333, '5023', 'M'),
(2333, '5024', 'M'),
(2333, '5025', 'M'),
(2333, '5080', 'A'),
(2333, '5287', 'M'),
(2334, '0518', 'M'),
(2334, '0520', 'M'),
(2334, '0522', 'M'),
(2334, '5010', 'M'),
(2334, '5023', 'M'),
(2334, '5024', 'M'),
(2334, '5025', 'M'),
(2334, '5080', 'M'),
(2334, '5287', 'M'),
(2335, '1102', 'M'),
(2335, '1440', 'M'),
(2335, '1479', 'M'),
(2335, '1601', 'M'),
(2335, '1602', 'M'),
(2335, '1604', 'M'),
(2336, '1102', 'M'),
(2336, '1440', 'M'),
(2336, '1479', 'M'),
(2336, '1601', 'M'),
(2336, '1602', 'M'),
(2336, '1604', 'M'),
(2338, '1102', 'M'),
(2338, '1607', 'M'),
(2338, '1608', 'M'),
(2338, '1609', 'M'),
(2338, '1610', 'M'),
(2338, '1611', 'M'),
(2338, '1612', 'M'),
(2339, '2377', 'M'),
(2340, '0124', 'M'),
(2340, '0128', 'M'),
(2340, '0131', 'M'),
(2340, '0194', 'M'),
(2340, '1234', 'M'),
(2341, '0118', 'M'),
(2341, '0128', 'M'),
(2341, '0131', 'M'),
(2341, '0194', 'M'),
(2341, '1232', 'M'),
(2342, '0201', 'M'),
(2342, '0206', 'M'),
(2342, '0233', 'M'),
(2342, '0294', 'M'),
(2342, '2008', 'M'),
(2342, '2243', 'M'),
(2343, '0101', 'M'),
(2343, '0104', 'M'),
(2343, '0106', 'M'),
(2343, '0113', 'M'),
(2343, '0118', 'M'),
(2343, '0121', 'M'),
(2343, '3771', 'M'),
(2345, '0104', 'M'),
(2345, '0106', 'M'),
(2345, '1102', 'M'),
(2345, '1188', 'M'),
(2345, '1591', 'M'),
(2353, '0201', 'M'),
(2353, '0206', 'M'),
(2353, '0210', 'M'),
(2353, '0211', 'M'),
(2353, '0213', 'M'),
(2353, '0214', 'M'),
(2353, '0215', 'A'),
(2353, '0218', 'M'),
(2353, '0221', 'M'),
(2353, '0222', 'M'),
(2353, '0290', 'M'),
(2353, '0294', 'M'),
(2353, '2355', 'A'),
(2353, '2761', 'M'),
(2354, '0301', 'M'),
(2354, '0306', 'M'),
(2354, '0310', 'M'),
(2354, '0311', 'M'),
(2354, '0313', 'M'),
(2354, '0314', 'A'),
(2354, '0315', 'M'),
(2354, '0318', 'M'),
(2354, '0321', 'M'),
(2354, '0322', 'M'),
(2354, '0390', 'M'),
(2354, '0394', 'A'),
(2355, '0301', 'M'),
(2355, '0306', 'M'),
(2355, '0310', 'M'),
(2355, '0311', 'M'),
(2355, '0313', 'A'),
(2355, '0314', 'M'),
(2355, '0315', 'M'),
(2355, '0318', 'M'),
(2355, '0321', 'M'),
(2355, '0322', 'M'),
(2355, '0331', 'M'),
(2355, '0390', 'M'),
(2356, '0301', 'M'),
(2356, '0304', 'M'),
(2356, '0306', 'M'),
(2356, '0310', 'M'),
(2356, '0311', 'M'),
(2356, '0313', 'M'),
(2356, '0314', 'M'),
(2356, '0315', 'M'),
(2356, '0318', 'M'),
(2356, '0321', 'M'),
(2356, '0322', 'A'),
(2356, '0331', 'M'),
(2356, '0390', 'M'),
(2357, '0301', 'A'),
(2357, '0306', 'M'),
(2357, '0310', 'M'),
(2357, '0311', 'A'),
(2357, '0313', 'M'),
(2357, '0315', 'M'),
(2357, '0318', 'M'),
(2357, '0321', 'A'),
(2357, '0322', 'M'),
(2357, '0390', 'M'),
(2357, '3355', 'M'),
(2357, '3761', 'A'),
(2360, '0401', 'M'),
(2360, '0405', 'M'),
(2360, '0406', 'M'),
(2360, '0413', 'M'),
(2360, '0414', 'M'),
(2360, '0415', 'M'),
(2360, '0419', 'M'),
(2360, '0422', 'M'),
(2360, '0431', 'M'),
(2360, '0432', 'M'),
(2360, '0489', 'M'),
(2360, '4232', 'M'),
(2360, '4745', 'M'),
(2361, '0401', 'M'),
(2361, '0404', 'M'),
(2361, '0405', 'M'),
(2361, '0406', 'M'),
(2361, '0413', 'M'),
(2361, '0414', 'M'),
(2361, '0415', 'M'),
(2361, '0419', 'M'),
(2361, '0422', 'M'),
(2361, '0431', 'M'),
(2361, '0432', 'M'),
(2361, '0489', 'M'),
(2361, '0490', 'M'),
(2361, '0494', 'M'),
(2361, '4232', 'M'),
(2361, '4745', 'M'),
(2362, '0401', 'M'),
(2362, '0405', 'M'),
(2362, '0406', 'M'),
(2362, '0410', 'M'),
(2362, '0411', 'M'),
(2362, '0413', 'M'),
(2362, '0414', 'M'),
(2362, '0415', 'M'),
(2362, '0418', 'M'),
(2362, '0422', 'M'),
(2362, '0431', 'M'),
(2362, '0489', 'M'),
(2362, '0494', 'M'),
(2362, '0495', 'M'),
(2363, '0113', 'M'),
(2363, '0401', 'M'),
(2363, '0404', 'M'),
(2363, '0405', 'M'),
(2363, '0406', 'M'),
(2363, '0410', 'M'),
(2363, '0411', 'M'),
(2363, '0413', 'M'),
(2363, '0414', 'M'),
(2363, '0415', 'M'),
(2363, '0418', 'M'),
(2363, '0422', 'M'),
(2363, '0464', 'M'),
(2363, '0489', 'M'),
(2363, '4480', 'M'),
(2363, '4481', 'M'),
(2364, '0401', 'M'),
(2364, '0405', 'M'),
(2364, '0406', 'M'),
(2364, '0413', 'M'),
(2364, '0414', 'M'),
(2364, '0415', 'M'),
(2364, '0418', 'M'),
(2364, '0422', 'M'),
(2364, '0431', 'M'),
(2364, '0489', 'M'),
(2364, '0494', 'M'),
(2364, '0495', 'M'),
(2364, '4232', 'M'),
(2365, '0101', 'M'),
(2365, '0106', 'M'),
(2365, '0114', 'M'),
(2365, '0118', 'M'),
(2365, '0122', 'M'),
(2365, '0128', 'M'),
(2365, '0131', 'M'),
(2365, '0132', 'M'),
(2365, '0194', 'M'),
(2365, '1232', 'M'),
(2366, '0101', 'M'),
(2366, '0106', 'M'),
(2366, '0114', 'M'),
(2366, '0115', 'M'),
(2366, '0118', 'M'),
(2366, '0122', 'M'),
(2366, '0128', 'M'),
(2366, '0131', 'M'),
(2366, '0132', 'M'),
(2366, '0191', 'M'),
(2366, '0194', 'M'),
(2366, '1232', 'M'),
(2370, '0201', 'M'),
(2370, '0206', 'M'),
(2370, '0212', 'M'),
(2370, '0214', 'M'),
(2370, '0215', 'M'),
(2370, '0218', 'M'),
(2370, '0222', 'M'),
(2370, '0233', 'M'),
(2370, '0235', 'M'),
(2370, '0294', 'M'),
(2370, '2008', 'M'),
(2370, '2243', 'M'),
(2371, '0201', 'M'),
(2371, '0206', 'M'),
(2371, '0212', 'M'),
(2371, '0214', 'M'),
(2371, '0215', 'M'),
(2371, '0222', 'M'),
(2371, '0234', 'M'),
(2371, '0236', 'M'),
(2371, '0294', 'M'),
(2371, '2008', 'M'),
(2371, '2233', 'M'),
(2371, '2243', 'M'),
(2372, '0201', 'M'),
(2372, '0206', 'M'),
(2372, '0212', 'M'),
(2372, '0214', 'M'),
(2372, '0215', 'M'),
(2372, '0222', 'M'),
(2372, '0234', 'M'),
(2372, '0236', 'M'),
(2372, '0238', 'M'),
(2372, '0294', 'M'),
(2372, '2233', 'M'),
(2372, '2249', 'M'),
(2389, '0124', 'M'),
(2389, '0128', 'M'),
(2389, '0131', 'M'),
(2389, '0194', 'M'),
(2389, '1234', 'M'),
(2390, '0118', 'M'),
(2390, '0128', 'M'),
(2390, '0131', 'M'),
(2390, '0194', 'M'),
(2390, '1232', 'M'),
(2409, '0401', 'M'),
(2409, '0405', 'M'),
(2409, '0406', 'M'),
(2409, '0413', 'M'),
(2409, '0414', 'M'),
(2409, '0415', 'M'),
(2409, '0419', 'M'),
(2409, '0422', 'M'),
(2409, '0431', 'M'),
(2409, '0432', 'M'),
(2409, '0489', 'M'),
(2409, '4232', 'M'),
(2409, '4745', 'M'),
(2417, '0101', 'M'),
(2417, '0106', 'M'),
(2417, '0114', 'M'),
(2417, '0122', 'M'),
(2417, '0128', 'M'),
(2417, '0131', 'M'),
(2417, '0194', 'M'),
(2417, '1021', 'M'),
(2417, '1234', 'M'),
(2417, '1236', 'M'),
(2418, '0101', 'M'),
(2418, '0106', 'M'),
(2418, '0114', 'M'),
(2418, '0115', 'M'),
(2418, '0122', 'M'),
(2418, '0128', 'M'),
(2418, '0131', 'M'),
(2418, '0194', 'M'),
(2418, '1021', 'M'),
(2418, '1234', 'M'),
(2418, '1236', 'M'),
(2418, '1241', 'M'),
(2419, '0201', 'M'),
(2419, '0206', 'M'),
(2419, '0212', 'M'),
(2419, '0214', 'M'),
(2419, '0215', 'M'),
(2419, '0218', 'M'),
(2419, '0222', 'M'),
(2419, '0233', 'M'),
(2419, '0235', 'M'),
(2419, '0294', 'M'),
(2419, '2008', 'M'),
(2419, '2243', 'M'),
(2420, '0201', 'M'),
(2420, '0206', 'M'),
(2420, '0212', 'M'),
(2420, '0214', 'M'),
(2420, '0215', 'M'),
(2420, '0222', 'M'),
(2420, '0234', 'M'),
(2420, '0236', 'M'),
(2420, '0294', 'M'),
(2420, '2008', 'M'),
(2420, '2233', 'M'),
(2420, '2243', 'M'),
(2422, '0201', 'M'),
(2422, '0206', 'M'),
(2422, '0212', 'M'),
(2422, '0215', 'M'),
(2422, '0222', 'M'),
(2422, '0275', 'M'),
(2422, '0294', 'M'),
(2422, '2189', 'M'),
(2422, '2236', 'M'),
(2422, '2237', 'M'),
(2422, '2243', 'M'),
(2422, '2262', 'M'),
(2423, '0201', 'M'),
(2423, '0204', 'M'),
(2423, '0206', 'M'),
(2423, '0212', 'M'),
(2423, '0214', 'M'),
(2423, '0215', 'M'),
(2423, '0222', 'M'),
(2423, '0275', 'M'),
(2423, '0292', 'M'),
(2423, '0294', 'M'),
(2423, '2189', 'M'),
(2423, '2236', 'M'),
(2423, '2237', 'M'),
(2423, '2243', 'M'),
(2423, '2262', 'M'),
(2424, '1102', 'M'),
(2424, '1315', 'M'),
(2424, '1348', 'M'),
(2424, '1997', 'M'),
(2425, '1102', 'M'),
(2425, '1315', 'M'),
(2425, '1348', 'A'),
(2425, '1997', 'M'),
(2426, '0104', 'M'),
(2426, '0106', 'M'),
(2426, '1102', 'M'),
(2426, '1362', 'M'),
(2426, '1363', 'M'),
(2426, '1364', 'M'),
(2426, '1365', 'M'),
(2426, '1367', 'A'),
(2426, '1591', 'M'),
(2427, '0106', 'A'),
(2427, '1102', 'M'),
(2427, '1362', 'M'),
(2427, '1363', 'M'),
(2427, '1364', 'M'),
(2427, '1365', 'M'),
(2427, '1367', 'M'),
(2427, '1591', 'M'),
(2430, '2102', 'M'),
(2430, '2107', 'M'),
(2430, '2197', 'M'),
(2430, '2377', 'M'),
(2430, '2587', 'M'),
(2430, '2589', 'M'),
(2431, '0506', 'M'),
(2431, '0518', 'M'),
(2431, '0520', 'M'),
(2431, '0522', 'A'),
(2431, '5010', 'M'),
(2431, '5023', 'M'),
(2431, '5024', 'M'),
(2431, '5025', 'M'),
(2431, '5080', 'M'),
(2431, '5287', 'M'),
(2432, '0518', 'M'),
(2432, '0520', 'M'),
(2432, '0522', 'M'),
(2432, '5010', 'M'),
(2432, '5023', 'M'),
(2432, '5024', 'M'),
(2432, '5025', 'M'),
(2432, '5080', 'M'),
(2432, '5287', 'M'),
(2433, '1102', 'M'),
(2433, '1440', 'A'),
(2433, '1479', 'M'),
(2433, '1601', 'M'),
(2433, '1602', 'M'),
(2433, '1604', 'M'),
(2434, '1102', 'M'),
(2434, '1440', 'M'),
(2434, '1479', 'M'),
(2434, '1601', 'M'),
(2434, '1602', 'M'),
(2434, '1604', 'M'),
(2435, '2603', 'M'),
(2435, '2605', 'M'),
(2435, '2606', 'M'),
(2438, '0124', 'M'),
(2438, '0128', 'M'),
(2438, '0131', 'M'),
(2438, '0194', 'M'),
(2438, '1234', 'M'),
(2439, '0118', 'M'),
(2439, '0128', 'M'),
(2439, '0131', 'M'),
(2439, '0194', 'M'),
(2439, '1232', 'M'),
(2440, '0201', 'M'),
(2440, '0206', 'M'),
(2440, '0233', 'M'),
(2440, '0294', 'M'),
(2440, '2008', 'M'),
(2440, '2243', 'M'),
(2441, '0101', 'M'),
(2441, '0104', 'M'),
(2441, '0106', 'M'),
(2441, '0113', 'M'),
(2441, '0118', 'M'),
(2441, '0121', 'M'),
(2441, '3771', 'M'),
(2442, '0506', 'M'),
(2442, '5009', 'M'),
(2442, '5010', 'M'),
(2442, '5013', 'M'),
(2442, '5022', 'M'),
(2442, '5080', 'M'),
(2442, '5097', 'M'),
(2442, '5286', 'M'),
(2443, '0104', 'M'),
(2443, '0106', 'M'),
(2443, '1102', 'M'),
(2443, '1188', 'M'),
(2443, '1591', 'M'),
(2444, '0106', 'M'),
(2444, '1102', 'M'),
(2444, '1188', 'M'),
(2444, '1591', 'M'),
(2445, '1102', 'M'),
(2445, '1479', 'M'),
(2445, '1601', 'M'),
(2445, '1602', 'M'),
(2447, '2603', 'M'),
(2447, '2604', 'M'),
(2447, '2605', 'M'),
(2448, '1607', 'M'),
(2448, '1609', 'M'),
(2448, '1611', 'M'),
(2448, '1612', 'M'),
(2454, '0301', 'M'),
(2454, '0304', 'A'),
(2454, '0306', 'M'),
(2454, '0310', 'M'),
(2454, '0311', 'M'),
(2454, '0313', 'M'),
(2454, '0314', 'A'),
(2454, '0315', 'M'),
(2454, '0318', 'M'),
(2454, '0321', 'M'),
(2454, '0322', 'M'),
(2454, '0331', 'M'),
(2454, '0390', 'M'),
(2455, '0301', 'M'),
(2455, '0306', 'M'),
(2455, '0310', 'M'),
(2455, '0311', 'M'),
(2455, '0313', 'A'),
(2455, '0315', 'M'),
(2455, '0318', 'M'),
(2455, '0321', 'M'),
(2455, '0322', 'M'),
(2455, '0390', 'M'),
(2455, '3355', 'M'),
(2455, '3761', 'M'),
(2457, '0301', 'A'),
(2457, '0304', 'M'),
(2457, '0306', 'M'),
(2457, '0310', 'M'),
(2457, '0311', 'A'),
(2457, '0313', 'M'),
(2457, '0314', 'M'),
(2457, '0315', 'M'),
(2457, '0318', 'M'),
(2457, '0321', 'A'),
(2457, '0322', 'M'),
(2457, '0390', 'M'),
(2457, '0394', 'M'),
(2457, '3355', 'M'),
(2457, '3761', 'A'),
(2458, '0401', 'M'),
(2458, '0405', 'M'),
(2458, '0406', 'M'),
(2458, '0413', 'M'),
(2458, '0414', 'M'),
(2458, '0415', 'M'),
(2458, '0419', 'M'),
(2458, '0422', 'M'),
(2458, '0431', 'M'),
(2458, '0432', 'M'),
(2458, '0489', 'M'),
(2458, '4232', 'M'),
(2458, '4745', 'M'),
(2465, '0101', 'M'),
(2465, '0106', 'M'),
(2465, '0114', 'M'),
(2465, '0115', 'M'),
(2465, '0122', 'M'),
(2465, '0124', 'M'),
(2465, '0126', 'M'),
(2465, '0128', 'M'),
(2465, '0131', 'M'),
(2465, '0194', 'M'),
(2465, '1234', 'M'),
(2465, '1241', 'M'),
(2466, '0101', 'M'),
(2466, '0106', 'M'),
(2466, '0114', 'M'),
(2466, '0122', 'M'),
(2466, '0128', 'M'),
(2466, '0131', 'M'),
(2466, '0194', 'M'),
(2466, '1021', 'M'),
(2466, '1234', 'M'),
(2466, '1236', 'M'),
(2467, '0101', 'M'),
(2467, '0106', 'M'),
(2467, '0114', 'M'),
(2467, '0115', 'M'),
(2467, '0122', 'M'),
(2467, '0128', 'M'),
(2467, '0131', 'M'),
(2467, '0194', 'M'),
(2467, '1021', 'M'),
(2467, '1234', 'M'),
(2467, '1236', 'M'),
(2467, '1241', 'M'),
(2469, '0201', 'M'),
(2469, '0206', 'M'),
(2469, '0212', 'M'),
(2469, '0214', 'M'),
(2469, '0215', 'M'),
(2469, '0222', 'M'),
(2469, '0234', 'M'),
(2469, '0236', 'M'),
(2469, '0294', 'M'),
(2469, '2008', 'M'),
(2469, '2233', 'M'),
(2469, '2243', 'M'),
(2471, '0201', 'M'),
(2471, '0206', 'M'),
(2471, '0212', 'M'),
(2471, '0215', 'M'),
(2471, '0222', 'M'),
(2471, '0275', 'M'),
(2471, '0294', 'M'),
(2471, '2189', 'M'),
(2471, '2236', 'M'),
(2471, '2237', 'M'),
(2471, '2243', 'M'),
(2471, '2262', 'M'),
(2472, '0201', 'M'),
(2472, '0204', 'M'),
(2472, '0206', 'M'),
(2472, '0212', 'M'),
(2472, '0214', 'M'),
(2472, '0215', 'M'),
(2472, '0222', 'M'),
(2472, '0275', 'M'),
(2472, '0292', 'M'),
(2472, '0294', 'M'),
(2472, '2189', 'M'),
(2472, '2236', 'M'),
(2472, '2237', 'M'),
(2472, '2243', 'M'),
(2472, '2262', 'M'),
(2473, '1102', 'M'),
(2473, '1315', 'M'),
(2473, '1348', 'M'),
(2473, '1997', 'M'),
(2474, '1102', 'M'),
(2474, '1315', 'M'),
(2474, '1348', 'M'),
(2474, '1997', 'M'),
(2475, '0104', 'M'),
(2475, '0106', 'M'),
(2475, '1102', 'M'),
(2475, '1362', 'M'),
(2475, '1363', 'M'),
(2475, '1364', 'M'),
(2475, '1365', 'M'),
(2475, '1367', 'M'),
(2475, '1591', 'M'),
(2477, '2377', 'M'),
(2479, '2102', 'M'),
(2479, '2107', 'M'),
(2479, '2197', 'M'),
(2479, '2377', 'M'),
(2479, '2587', 'M'),
(2479, '2589', 'M'),
(2480, '0506', 'M'),
(2480, '0518', 'M'),
(2480, '0520', 'M'),
(2480, '0522', 'M'),
(2480, '5010', 'M'),
(2480, '5023', 'A'),
(2480, '5024', 'M'),
(2480, '5025', 'M'),
(2480, '5080', 'M'),
(2480, '5287', 'M'),
(2482, '1102', 'M'),
(2482, '1440', 'M'),
(2482, '1479', 'M'),
(2482, '1601', 'A'),
(2482, '1602', 'M'),
(2482, '1604', 'M'),
(2485, '1102', 'M'),
(2485, '1607', 'M'),
(2485, '1608', 'M'),
(2485, '1609', 'M'),
(2485, '1610', 'M'),
(2485, '1611', 'M'),
(2485, '1612', 'M'),
(2486, '2377', 'M'),
(2489, '0201', 'M'),
(2489, '0206', 'M'),
(2489, '0233', 'M'),
(2489, '0294', 'M'),
(2489, '2008', 'M'),
(2489, '2243', 'M'),
(2492, '0104', 'M'),
(2492, '0106', 'M'),
(2492, '1102', 'M'),
(2492, '1188', 'M'),
(2492, '1591', 'M'),
(2493, '0106', 'M'),
(2493, '1102', 'M'),
(2493, '1188', 'M'),
(2493, '1591', 'M'),
(2494, '1102', 'M'),
(2494, '1479', 'M'),
(2494, '1601', 'M'),
(2494, '1602', 'M'),
(2495, '1440', 'M'),
(2495, '1479', 'M'),
(2495, '1601', 'M'),
(2495, '1602', 'M'),
(2496, '2603', 'M'),
(2496, '2604', 'M'),
(2496, '2605', 'M'),
(2497, '1607', 'M'),
(2497, '1609', 'M'),
(2497, '1611', 'M'),
(2497, '1612', 'M'),
(2499, '0101', 'M'),
(2499, '0106', 'M'),
(2499, '0110', 'M'),
(2499, '0111', 'M'),
(2499, '0113', 'M'),
(2499, '0114', 'M'),
(2499, '0115', 'M'),
(2499, '0118', 'M'),
(2499, '0121', 'M'),
(2499, '0122', 'M'),
(2499, '0190', 'M'),
(2499, '0194', 'M'),
(2499, '1355', 'M'),
(2499, '1761', 'M'),
(2501, '0301', 'M'),
(2501, '0306', 'M'),
(2501, '0310', 'M'),
(2501, '0311', 'M'),
(2501, '0313', 'M'),
(2501, '0314', 'M'),
(2501, '0315', 'M'),
(2501, '0318', 'M'),
(2501, '0321', 'M'),
(2501, '0322', 'M'),
(2501, '0390', 'M'),
(2501, '0394', 'M'),
(2502, '0301', 'M'),
(2502, '0306', 'A'),
(2502, '0310', 'M'),
(2502, '0311', 'M'),
(2502, '0313', 'M'),
(2502, '0314', 'M'),
(2502, '0315', 'M'),
(2502, '0318', 'M'),
(2502, '0321', 'M'),
(2502, '0322', 'M'),
(2502, '0331', 'M'),
(2502, '0390', 'M'),
(2503, '0301', 'M'),
(2503, '0304', 'M'),
(2503, '0306', 'M'),
(2503, '0310', 'M'),
(2503, '0311', 'M'),
(2503, '0313', 'M'),
(2503, '0314', 'M'),
(2503, '0315', 'A'),
(2503, '0318', 'M'),
(2503, '0321', 'M'),
(2503, '0322', 'M'),
(2503, '0331', 'M'),
(2503, '0390', 'M'),
(2505, '0301', 'M'),
(2505, '0306', 'M'),
(2505, '0310', 'M'),
(2505, '0311', 'M'),
(2505, '0313', 'A'),
(2505, '0314', 'M'),
(2505, '0318', 'M'),
(2505, '0321', 'M'),
(2505, '0322', 'M'),
(2505, '0390', 'M'),
(2505, '3761', 'M'),
(2506, '0301', 'M'),
(2506, '0304', 'M'),
(2506, '0306', 'M'),
(2506, '0310', 'M'),
(2506, '0311', 'M'),
(2506, '0313', 'M'),
(2506, '0314', 'M'),
(2506, '0315', 'M'),
(2506, '0318', 'M'),
(2506, '0321', 'M'),
(2506, '0322', 'A'),
(2506, '0390', 'M'),
(2506, '0394', 'M'),
(2506, '3355', 'M'),
(2506, '3761', 'M'),
(2509, '0401', 'M'),
(2509, '0405', 'M'),
(2509, '0406', 'M'),
(2509, '0410', 'M'),
(2509, '0411', 'M'),
(2509, '0413', 'M'),
(2509, '0414', 'M'),
(2509, '0415', 'M'),
(2509, '0418', 'M'),
(2509, '0422', 'M'),
(2509, '0431', 'M'),
(2509, '0489', 'M'),
(2509, '0494', 'M'),
(2509, '0495', 'M'),
(2511, '0401', 'M'),
(2511, '0405', 'M'),
(2511, '0406', 'M'),
(2511, '0413', 'M'),
(2511, '0414', 'M'),
(2511, '0415', 'M'),
(2511, '0418', 'M'),
(2511, '0422', 'M'),
(2511, '0431', 'M'),
(2511, '0489', 'M'),
(2511, '0494', 'M'),
(2511, '0495', 'M'),
(2511, '4232', 'M'),
(2513, '0101', 'M'),
(2513, '0106', 'M'),
(2513, '0114', 'M'),
(2513, '0115', 'M'),
(2513, '0118', 'M'),
(2513, '0122', 'M'),
(2513, '0128', 'M'),
(2513, '0131', 'M'),
(2513, '0132', 'M'),
(2513, '0191', 'M'),
(2513, '0194', 'M'),
(2513, '1232', 'M'),
(2515, '0101', 'M'),
(2515, '0106', 'M'),
(2515, '0114', 'M'),
(2515, '0122', 'M'),
(2515, '0128', 'M'),
(2515, '0131', 'M'),
(2515, '0194', 'M'),
(2515, '1021', 'M'),
(2515, '1234', 'M'),
(2515, '1236', 'M'),
(2520, '0201', 'M'),
(2520, '0206', 'M'),
(2520, '0212', 'M'),
(2520, '0215', 'M'),
(2520, '0222', 'M'),
(2520, '0275', 'M'),
(2520, '0294', 'M'),
(2520, '2189', 'M'),
(2520, '2236', 'M'),
(2520, '2237', 'M'),
(2520, '2243', 'M'),
(2520, '2262', 'M'),
(2522, '1102', 'M'),
(2522, '1315', 'M'),
(2522, '1348', 'M'),
(2522, '1997', 'M'),
(2523, '1102', 'M'),
(2523, '1315', 'M'),
(2523, '1348', 'M'),
(2523, '1997', 'M'),
(2528, '2102', 'M'),
(2528, '2107', 'M'),
(2528, '2197', 'M'),
(2528, '2377', 'M'),
(2528, '2587', 'M'),
(2528, '2589', 'M'),
(2529, '0506', 'M'),
(2529, '0518', 'M'),
(2529, '0520', 'M'),
(2529, '0522', 'M'),
(2529, '5010', 'M'),
(2529, '5023', 'M'),
(2529, '5024', 'A'),
(2529, '5025', 'M'),
(2529, '5080', 'M'),
(2529, '5287', 'M'),
(2531, '1102', 'A'),
(2531, '1440', 'M'),
(2531, '1479', 'M'),
(2531, '1601', 'M'),
(2531, '1602', 'A'),
(2531, '1604', 'M'),
(2534, '1102', 'M'),
(2534, '1607', 'M'),
(2534, '1608', 'M'),
(2534, '1609', 'M'),
(2534, '1610', 'M'),
(2534, '1611', 'M'),
(2534, '1612', 'M'),
(2536, '0124', 'M'),
(2536, '0128', 'M'),
(2536, '0131', 'M'),
(2536, '0194', 'M'),
(2536, '1234', 'M'),
(2537, '0118', 'M'),
(2537, '0128', 'M'),
(2537, '0131', 'M'),
(2537, '0194', 'M'),
(2537, '1232', 'M'),
(2539, '0101', 'M'),
(2539, '0104', 'M'),
(2539, '0106', 'M'),
(2539, '0113', 'M'),
(2539, '0118', 'M'),
(2539, '0121', 'M'),
(2539, '3771', 'M'),
(2540, '0506', 'M'),
(2540, '5009', 'M'),
(2540, '5010', 'M'),
(2540, '5013', 'M'),
(2540, '5022', 'M'),
(2540, '5080', 'M'),
(2540, '5097', 'M'),
(2540, '5286', 'M'),
(2541, '0104', 'M'),
(2541, '0106', 'M'),
(2541, '1102', 'M'),
(2541, '1188', 'M'),
(2541, '1591', 'M'),
(2542, '0106', 'M'),
(2542, '1102', 'M'),
(2542, '1188', 'M'),
(2542, '1591', 'M'),
(2543, '1102', 'M'),
(2543, '1479', 'M'),
(2543, '1601', 'M'),
(2543, '1602', 'M'),
(2545, '2603', 'M'),
(2545, '2604', 'M'),
(2545, '2605', 'M'),
(2549, '0201', 'M'),
(2549, '0206', 'M'),
(2549, '0210', 'M'),
(2549, '0211', 'M'),
(2549, '0213', 'M'),
(2549, '0214', 'M'),
(2549, '0215', 'M'),
(2549, '0218', 'M'),
(2549, '0221', 'M'),
(2549, '0222', 'M'),
(2549, '0290', 'M'),
(2549, '0294', 'M'),
(2549, '2355', 'M'),
(2549, '2761', 'M'),
(2554, '0301', 'M'),
(2554, '0306', 'M'),
(2554, '0310', 'M'),
(2554, '0311', 'M'),
(2554, '0313', 'M'),
(2554, '0314', 'A'),
(2554, '0318', 'M'),
(2554, '0321', 'M'),
(2554, '0322', 'M'),
(2554, '0390', 'M'),
(2554, '3761', 'M'),
(2559, '0113', 'M'),
(2559, '0401', 'M'),
(2559, '0404', 'M'),
(2559, '0405', 'M'),
(2559, '0406', 'M'),
(2559, '0410', 'M'),
(2559, '0411', 'M'),
(2559, '0413', 'M'),
(2559, '0414', 'M'),
(2559, '0415', 'M'),
(2559, '0418', 'M'),
(2559, '0422', 'M'),
(2559, '0464', 'M'),
(2559, '0489', 'M'),
(2559, '4480', 'M'),
(2559, '4481', 'M'),
(2560, '0401', 'M'),
(2560, '0405', 'M'),
(2560, '0406', 'M'),
(2560, '0413', 'M'),
(2560, '0414', 'M'),
(2560, '0415', 'M'),
(2560, '0418', 'M'),
(2560, '0422', 'M'),
(2560, '0431', 'M'),
(2560, '0489', 'M'),
(2560, '0494', 'M'),
(2560, '0495', 'M'),
(2560, '4232', 'M'),
(2561, '0101', 'M'),
(2561, '0106', 'M'),
(2561, '0114', 'M'),
(2561, '0118', 'M'),
(2561, '0122', 'M'),
(2561, '0128', 'M'),
(2561, '0131', 'M'),
(2561, '0132', 'M'),
(2561, '0194', 'M'),
(2561, '1232', 'M'),
(2563, '0101', 'M'),
(2563, '0106', 'M'),
(2563, '0114', 'M'),
(2563, '0115', 'M'),
(2563, '0122', 'M'),
(2563, '0124', 'M'),
(2563, '0126', 'M'),
(2563, '0128', 'M'),
(2563, '0131', 'M'),
(2563, '0194', 'M'),
(2563, '1234', 'M'),
(2563, '1241', 'M'),
(2564, '0101', 'M'),
(2564, '0106', 'M'),
(2564, '0114', 'M'),
(2564, '0122', 'M'),
(2564, '0128', 'M'),
(2564, '0131', 'M'),
(2564, '0194', 'M'),
(2564, '1021', 'M'),
(2564, '1234', 'M'),
(2564, '1236', 'M'),
(2569, '0201', 'M'),
(2569, '0206', 'M'),
(2569, '0212', 'M'),
(2569, '0215', 'M'),
(2569, '0222', 'M'),
(2569, '0275', 'M'),
(2569, '0294', 'M'),
(2569, '2189', 'M'),
(2569, '2236', 'M'),
(2569, '2237', 'M'),
(2569, '2243', 'M'),
(2569, '2262', 'M'),
(2572, '1102', 'M'),
(2572, '1315', 'M'),
(2572, '1348', 'M'),
(2572, '1997', 'M'),
(2573, '0104', 'M'),
(2573, '0106', 'M'),
(2573, '1102', 'M'),
(2573, '1362', 'M'),
(2573, '1363', 'M'),
(2573, '1364', 'M'),
(2573, '1365', 'M'),
(2573, '1367', 'M'),
(2573, '1591', 'M'),
(2574, '0106', 'M'),
(2574, '1102', 'M'),
(2574, '1362', 'M'),
(2574, '1363', 'M'),
(2574, '1364', 'M'),
(2574, '1365', 'M'),
(2574, '1367', 'M'),
(2574, '1591', 'M'),
(2576, '0104', 'M'),
(2576, '0106', 'M'),
(2576, '1188', 'M'),
(2576, '1367', 'A'),
(2576, '1588', 'M'),
(2576, '1591', 'M'),
(2576, '1993', 'M'),
(2577, '2102', 'M'),
(2577, '2107', 'M'),
(2577, '2197', 'M'),
(2577, '2377', 'M'),
(2577, '2587', 'M'),
(2577, '2589', 'M'),
(2583, '1102', 'M'),
(2583, '1607', 'M'),
(2583, '1608', 'M'),
(2583, '1609', 'M'),
(2583, '1610', 'A'),
(2583, '1611', 'M'),
(2583, '1612', 'M'),
(2584, '2377', 'M'),
(2585, '0124', 'M'),
(2585, '0128', 'M'),
(2585, '0131', 'M'),
(2585, '0194', 'M'),
(2585, '1234', 'M'),
(2586, '0118', 'M'),
(2586, '0128', 'M'),
(2586, '0131', 'M'),
(2586, '0194', 'M'),
(2586, '1232', 'M'),
(2587, '0201', 'M'),
(2587, '0206', 'M'),
(2587, '0233', 'M'),
(2587, '0294', 'M'),
(2587, '2008', 'M'),
(2587, '2243', 'M'),
(2590, '0104', 'M'),
(2590, '0106', 'M'),
(2590, '1102', 'M'),
(2590, '1188', 'M'),
(2590, '1591', 'M'),
(2591, '0106', 'M'),
(2591, '1102', 'M'),
(2591, '1188', 'M'),
(2591, '1591', 'M'),
(2593, '1440', 'M'),
(2593, '1479', 'M'),
(2593, '1601', 'M'),
(2593, '1602', 'M'),
(2594, '2603', 'M'),
(2594, '2604', 'M'),
(2594, '2605', 'M'),
(2595, '1607', 'M'),
(2595, '1609', 'M'),
(2595, '1611', 'M'),
(2595, '1612', 'M'),
(2596, '1102', 'M');
INSERT INTO `alumnos_materias` (`nExpediente`, `idAsignatura`, `estado`) VALUES
(2596, '1608', 'M'),
(2596, '2610', 'M'),
(2597, '0101', 'M'),
(2597, '0106', 'M'),
(2597, '0110', 'M'),
(2597, '0111', 'M'),
(2597, '0113', 'M'),
(2597, '0114', 'M'),
(2597, '0115', 'M'),
(2597, '0118', 'M'),
(2597, '0121', 'M'),
(2597, '0122', 'M'),
(2597, '0190', 'M'),
(2597, '0194', 'M'),
(2597, '1355', 'M'),
(2597, '1761', 'M'),
(2600, '0301', 'M'),
(2600, '0306', 'M'),
(2600, '0310', 'M'),
(2600, '0311', 'M'),
(2600, '0313', 'M'),
(2600, '0314', 'M'),
(2600, '0315', 'M'),
(2600, '0318', 'A'),
(2600, '0321', 'M'),
(2600, '0322', 'M'),
(2600, '0331', 'M'),
(2600, '0390', 'M'),
(2602, '0301', 'M'),
(2602, '0306', 'A'),
(2602, '0310', 'M'),
(2602, '0311', 'M'),
(2602, '0313', 'M'),
(2602, '0315', 'M'),
(2602, '0318', 'M'),
(2602, '0321', 'M'),
(2602, '0322', 'M'),
(2602, '0390', 'M'),
(2602, '3355', 'M'),
(2602, '3761', 'M'),
(2603, '0301', 'M'),
(2603, '0306', 'M'),
(2603, '0310', 'M'),
(2603, '0311', 'M'),
(2603, '0313', 'M'),
(2603, '0314', 'M'),
(2603, '0318', 'M'),
(2603, '0321', 'M'),
(2603, '0322', 'M'),
(2603, '0390', 'M'),
(2603, '3761', 'M'),
(2606, '0401', 'M'),
(2606, '0404', 'M'),
(2606, '0405', 'M'),
(2606, '0406', 'M'),
(2606, '0413', 'M'),
(2606, '0414', 'M'),
(2606, '0415', 'M'),
(2606, '0419', 'M'),
(2606, '0422', 'A'),
(2606, '0431', 'M'),
(2606, '0432', 'A'),
(2606, '0489', 'M'),
(2606, '0490', 'M'),
(2606, '0494', 'M'),
(2606, '4232', 'A'),
(2606, '4745', 'M'),
(2607, '0401', 'A'),
(2607, '0405', 'M'),
(2607, '0406', 'M'),
(2607, '0410', 'M'),
(2607, '0411', 'A'),
(2607, '0413', 'M'),
(2607, '0414', 'M'),
(2607, '0415', 'M'),
(2607, '0418', 'M'),
(2607, '0422', 'M'),
(2607, '0431', 'A'),
(2607, '0489', 'M'),
(2607, '0494', 'M'),
(2607, '0495', 'M'),
(2610, '0101', 'M'),
(2610, '0106', 'M'),
(2610, '0114', 'M'),
(2610, '0118', 'M'),
(2610, '0122', 'M'),
(2610, '0128', 'M'),
(2610, '0131', 'M'),
(2610, '0132', 'M'),
(2610, '0194', 'M'),
(2610, '1232', 'M'),
(2612, '0101', 'M'),
(2612, '0106', 'M'),
(2612, '0114', 'M'),
(2612, '0115', 'M'),
(2612, '0122', 'M'),
(2612, '0124', 'M'),
(2612, '0126', 'M'),
(2612, '0128', 'M'),
(2612, '0131', 'M'),
(2612, '0194', 'M'),
(2612, '1234', 'M'),
(2612, '1241', 'M'),
(2613, '0101', 'M'),
(2613, '0106', 'M'),
(2613, '0114', 'M'),
(2613, '0122', 'M'),
(2613, '0128', 'M'),
(2613, '0131', 'M'),
(2613, '0194', 'M'),
(2613, '1021', 'M'),
(2613, '1234', 'M'),
(2613, '1236', 'M'),
(2614, '0101', 'M'),
(2614, '0106', 'M'),
(2614, '0114', 'M'),
(2614, '0115', 'M'),
(2614, '0122', 'M'),
(2614, '0128', 'M'),
(2614, '0131', 'M'),
(2614, '0194', 'M'),
(2614, '1021', 'M'),
(2614, '1234', 'M'),
(2614, '1236', 'M'),
(2614, '1241', 'M'),
(2616, '0201', 'M'),
(2616, '0206', 'M'),
(2616, '0212', 'M'),
(2616, '0214', 'M'),
(2616, '0215', 'M'),
(2616, '0222', 'M'),
(2616, '0234', 'M'),
(2616, '0236', 'M'),
(2616, '0294', 'M'),
(2616, '2008', 'M'),
(2616, '2233', 'M'),
(2616, '2243', 'M'),
(2617, '0201', 'M'),
(2617, '0206', 'M'),
(2617, '0212', 'M'),
(2617, '0214', 'M'),
(2617, '0215', 'M'),
(2617, '0222', 'M'),
(2617, '0234', 'M'),
(2617, '0236', 'M'),
(2617, '0238', 'M'),
(2617, '0294', 'M'),
(2617, '2233', 'M'),
(2617, '2249', 'M'),
(2625, '0104', 'M'),
(2625, '0106', 'M'),
(2625, '1188', 'A'),
(2625, '1367', 'M'),
(2625, '1588', 'A'),
(2625, '1591', 'M'),
(2625, '1993', 'M'),
(2626, '2102', 'M'),
(2626, '2107', 'A'),
(2626, '2197', 'A'),
(2626, '2377', 'A'),
(2626, '2587', 'A'),
(2626, '2589', 'M'),
(2628, '0518', 'M'),
(2628, '0520', 'M'),
(2628, '0522', 'M'),
(2628, '5010', 'M'),
(2628, '5023', 'M'),
(2628, '5024', 'M'),
(2628, '5025', 'A'),
(2628, '5080', 'M'),
(2628, '5287', 'M'),
(2629, '1102', 'M'),
(2629, '1440', 'M'),
(2629, '1479', 'M'),
(2629, '1601', 'M'),
(2629, '1602', 'M'),
(2629, '1604', 'A'),
(2630, '1102', 'M'),
(2630, '1440', 'M'),
(2630, '1479', 'M'),
(2630, '1601', 'M'),
(2630, '1602', 'M'),
(2630, '1604', 'M'),
(2632, '1102', 'M'),
(2632, '1607', 'M'),
(2632, '1608', 'M'),
(2632, '1609', 'M'),
(2632, '1610', 'M'),
(2632, '1611', 'A'),
(2632, '1612', 'M'),
(2633, '2377', 'M'),
(2634, '0124', 'M'),
(2634, '0128', 'M'),
(2634, '0131', 'M'),
(2634, '0194', 'M'),
(2634, '1234', 'M'),
(2639, '0104', 'M'),
(2639, '0106', 'M'),
(2639, '1102', 'M'),
(2639, '1188', 'M'),
(2639, '1591', 'M'),
(2640, '0106', 'M'),
(2640, '1102', 'M'),
(2640, '1188', 'M'),
(2640, '1591', 'M'),
(2641, '1102', 'M'),
(2641, '1479', 'M'),
(2641, '1601', 'M'),
(2641, '1602', 'M'),
(2642, '1440', 'M'),
(2642, '1479', 'M'),
(2642, '1601', 'M'),
(2642, '1602', 'M'),
(2643, '2603', 'M'),
(2643, '2604', 'M'),
(2643, '2605', 'M'),
(2647, '0201', 'M'),
(2647, '0206', 'M'),
(2647, '0210', 'M'),
(2647, '0211', 'M'),
(2647, '0213', 'M'),
(2647, '0214', 'M'),
(2647, '0215', 'M'),
(2647, '0218', 'M'),
(2647, '0221', 'M'),
(2647, '0222', 'M'),
(2647, '0290', 'M'),
(2647, '0294', 'M'),
(2647, '2355', 'M'),
(2647, '2761', 'M'),
(2649, '0301', 'M'),
(2649, '0306', 'M'),
(2649, '0310', 'M'),
(2649, '0311', 'M'),
(2649, '0313', 'M'),
(2649, '0314', 'M'),
(2649, '0315', 'M'),
(2649, '0318', 'M'),
(2649, '0321', 'M'),
(2649, '0322', 'M'),
(2649, '0331', 'M'),
(2649, '0390', 'M'),
(2650, '0301', 'M'),
(2650, '0304', 'M'),
(2650, '0306', 'M'),
(2650, '0310', 'M'),
(2650, '0311', 'M'),
(2650, '0313', 'M'),
(2650, '0314', 'M'),
(2650, '0315', 'M'),
(2650, '0318', 'A'),
(2650, '0321', 'M'),
(2650, '0322', 'M'),
(2650, '0331', 'M'),
(2650, '0390', 'M'),
(2651, '0301', 'M'),
(2651, '0306', 'M'),
(2651, '0310', 'M'),
(2651, '0311', 'M'),
(2651, '0313', 'M'),
(2651, '0315', 'M'),
(2651, '0318', 'M'),
(2651, '0321', 'M'),
(2651, '0322', 'M'),
(2651, '0390', 'M'),
(2651, '3355', 'M'),
(2651, '3761', 'M'),
(2654, '0401', 'M'),
(2654, '0405', 'M'),
(2654, '0406', 'M'),
(2654, '0413', 'M'),
(2654, '0414', 'A'),
(2654, '0415', 'M'),
(2654, '0419', 'M'),
(2654, '0422', 'M'),
(2654, '0431', 'M'),
(2654, '0432', 'M'),
(2654, '0489', 'M'),
(2654, '4232', 'M'),
(2654, '4745', 'M'),
(2655, '0401', 'M'),
(2655, '0404', 'M'),
(2655, '0405', 'M'),
(2655, '0406', 'M'),
(2655, '0413', 'A'),
(2655, '0414', 'M'),
(2655, '0415', 'M'),
(2655, '0419', 'M'),
(2655, '0422', 'M'),
(2655, '0431', 'M'),
(2655, '0432', 'M'),
(2655, '0489', 'M'),
(2655, '0490', 'M'),
(2655, '0494', 'M'),
(2655, '4232', 'M'),
(2655, '4745', 'M'),
(2659, '0101', 'M'),
(2659, '0106', 'M'),
(2659, '0114', 'M'),
(2659, '0118', 'M'),
(2659, '0122', 'M'),
(2659, '0128', 'M'),
(2659, '0131', 'M'),
(2659, '0132', 'M'),
(2659, '0194', 'M'),
(2659, '1232', 'M'),
(2660, '0101', 'M'),
(2660, '0106', 'M'),
(2660, '0114', 'M'),
(2660, '0115', 'M'),
(2660, '0118', 'M'),
(2660, '0122', 'M'),
(2660, '0128', 'M'),
(2660, '0131', 'M'),
(2660, '0132', 'M'),
(2660, '0191', 'M'),
(2660, '0194', 'M'),
(2660, '1232', 'M'),
(2662, '0101', 'M'),
(2662, '0106', 'M'),
(2662, '0114', 'M'),
(2662, '0122', 'M'),
(2662, '0128', 'M'),
(2662, '0131', 'M'),
(2662, '0194', 'M'),
(2662, '1021', 'M'),
(2662, '1234', 'M'),
(2662, '1236', 'M'),
(2668, '0201', 'M'),
(2668, '0204', 'M'),
(2668, '0206', 'M'),
(2668, '0212', 'M'),
(2668, '0214', 'M'),
(2668, '0215', 'M'),
(2668, '0222', 'M'),
(2668, '0275', 'M'),
(2668, '0292', 'M'),
(2668, '0294', 'M'),
(2668, '2189', 'M'),
(2668, '2236', 'M'),
(2668, '2237', 'M'),
(2668, '2243', 'M'),
(2668, '2262', 'M'),
(2669, '1102', 'M'),
(2669, '1315', 'M'),
(2669, '1348', 'M'),
(2669, '1997', 'M'),
(2670, '1102', 'M'),
(2670, '1315', 'M'),
(2670, '1348', 'M'),
(2670, '1997', 'M'),
(2673, '2377', 'M'),
(2675, '2102', 'M'),
(2675, '2107', 'M'),
(2675, '2197', 'M'),
(2675, '2377', 'M'),
(2675, '2587', 'M'),
(2675, '2589', 'M'),
(2678, '1102', 'M'),
(2678, '1440', 'M'),
(2678, '1479', 'M'),
(2678, '1601', 'M'),
(2678, '1602', 'M'),
(2678, '1604', 'M'),
(2679, '1102', 'M'),
(2679, '1440', 'M'),
(2679, '1479', 'M'),
(2679, '1601', 'M'),
(2679, '1602', 'M'),
(2679, '1604', 'A'),
(2680, '2603', 'A'),
(2680, '2605', 'M'),
(2680, '2606', 'M'),
(2681, '1102', 'A'),
(2681, '1607', 'M'),
(2681, '1608', 'M'),
(2681, '1609', 'M'),
(2681, '1610', 'M'),
(2681, '1611', 'M'),
(2681, '1612', 'A'),
(2685, '0201', 'M'),
(2685, '0206', 'M'),
(2685, '0233', 'M'),
(2685, '0294', 'M'),
(2685, '2008', 'M'),
(2685, '2243', 'M'),
(2689, '0106', 'M'),
(2689, '1102', 'M'),
(2689, '1188', 'M'),
(2689, '1591', 'M'),
(2691, '1440', 'M'),
(2691, '1479', 'M'),
(2691, '1601', 'M'),
(2691, '1602', 'M'),
(2692, '2603', 'M'),
(2692, '2604', 'M'),
(2692, '2605', 'M'),
(2696, '0201', 'M'),
(2696, '0206', 'M'),
(2696, '0210', 'M'),
(2696, '0211', 'M'),
(2696, '0213', 'M'),
(2696, '0214', 'M'),
(2696, '0215', 'M'),
(2696, '0218', 'M'),
(2696, '0221', 'M'),
(2696, '0222', 'M'),
(2696, '0290', 'M'),
(2696, '0294', 'M'),
(2696, '2355', 'M'),
(2696, '2761', 'M'),
(2700, '0301', 'M'),
(2700, '0306', 'M'),
(2700, '0310', 'M'),
(2700, '0311', 'M'),
(2700, '0313', 'M'),
(2700, '0315', 'M'),
(2700, '0318', 'A'),
(2700, '0321', 'M'),
(2700, '0322', 'M'),
(2700, '0390', 'M'),
(2700, '3355', 'M'),
(2700, '3761', 'M'),
(2704, '0401', 'M'),
(2704, '0404', 'A'),
(2704, '0405', 'M'),
(2704, '0406', 'M'),
(2704, '0413', 'M'),
(2704, '0414', 'A'),
(2704, '0415', 'M'),
(2704, '0419', 'M'),
(2704, '0422', 'M'),
(2704, '0431', 'M'),
(2704, '0432', 'M'),
(2704, '0489', 'M'),
(2704, '0490', 'M'),
(2704, '0494', 'A'),
(2704, '4232', 'M'),
(2704, '4745', 'M'),
(2706, '0113', 'M'),
(2706, '0401', 'M'),
(2706, '0404', 'M'),
(2706, '0405', 'M'),
(2706, '0406', 'M'),
(2706, '0410', 'M'),
(2706, '0411', 'M'),
(2706, '0413', 'M'),
(2706, '0414', 'M'),
(2706, '0415', 'M'),
(2706, '0418', 'M'),
(2706, '0422', 'A'),
(2706, '0464', 'M'),
(2706, '0489', 'M'),
(2706, '4480', 'M'),
(2706, '4481', 'M'),
(2707, '0401', 'A'),
(2707, '0405', 'M'),
(2707, '0406', 'M'),
(2707, '0413', 'M'),
(2707, '0414', 'M'),
(2707, '0415', 'M'),
(2707, '0418', 'M'),
(2707, '0422', 'M'),
(2707, '0431', 'A'),
(2707, '0489', 'M'),
(2707, '0494', 'M'),
(2707, '0495', 'M'),
(2707, '4232', 'M'),
(2708, '0101', 'M'),
(2708, '0106', 'M'),
(2708, '0114', 'M'),
(2708, '0118', 'M'),
(2708, '0122', 'M'),
(2708, '0128', 'M'),
(2708, '0131', 'M'),
(2708, '0132', 'M'),
(2708, '0194', 'M'),
(2708, '1232', 'M'),
(2709, '0101', 'M'),
(2709, '0106', 'M'),
(2709, '0114', 'M'),
(2709, '0115', 'M'),
(2709, '0118', 'M'),
(2709, '0122', 'M'),
(2709, '0128', 'M'),
(2709, '0131', 'M'),
(2709, '0132', 'M'),
(2709, '0191', 'M'),
(2709, '0194', 'M'),
(2709, '1232', 'M'),
(2710, '0101', 'M'),
(2710, '0106', 'M'),
(2710, '0114', 'M'),
(2710, '0115', 'M'),
(2710, '0122', 'M'),
(2710, '0124', 'M'),
(2710, '0126', 'M'),
(2710, '0128', 'M'),
(2710, '0131', 'M'),
(2710, '0194', 'M'),
(2710, '1234', 'M'),
(2710, '1241', 'M'),
(2712, '0101', 'M'),
(2712, '0106', 'M'),
(2712, '0114', 'M'),
(2712, '0115', 'M'),
(2712, '0122', 'M'),
(2712, '0128', 'M'),
(2712, '0131', 'M'),
(2712, '0194', 'M'),
(2712, '1021', 'M'),
(2712, '1234', 'M'),
(2712, '1236', 'M'),
(2712, '1241', 'M'),
(2713, '0201', 'M'),
(2713, '0206', 'M'),
(2713, '0212', 'M'),
(2713, '0214', 'M'),
(2713, '0215', 'M'),
(2713, '0218', 'M'),
(2713, '0222', 'M'),
(2713, '0233', 'M'),
(2713, '0235', 'M'),
(2713, '0294', 'M'),
(2713, '2008', 'M'),
(2713, '2243', 'M'),
(2717, '0201', 'M'),
(2717, '0204', 'M'),
(2717, '0206', 'M'),
(2717, '0212', 'M'),
(2717, '0214', 'M'),
(2717, '0215', 'M'),
(2717, '0222', 'M'),
(2717, '0275', 'M'),
(2717, '0292', 'M'),
(2717, '0294', 'M'),
(2717, '2189', 'M'),
(2717, '2236', 'M'),
(2717, '2237', 'M'),
(2717, '2243', 'M'),
(2717, '2262', 'M'),
(2718, '1102', 'M'),
(2718, '1315', 'M'),
(2718, '1348', 'M'),
(2718, '1997', 'M'),
(2723, '0104', 'M'),
(2723, '0106', 'M'),
(2723, '1188', 'M'),
(2723, '1367', 'M'),
(2723, '1588', 'M'),
(2723, '1591', 'M'),
(2723, '1993', 'M'),
(2725, '0506', 'M'),
(2725, '0518', 'A'),
(2725, '0520', 'M'),
(2725, '0522', 'M'),
(2725, '5010', 'M'),
(2725, '5023', 'M'),
(2725, '5024', 'M'),
(2725, '5025', 'M'),
(2725, '5080', 'M'),
(2725, '5287', 'M'),
(2729, '2603', 'M'),
(2729, '2605', 'M'),
(2729, '2606', 'M'),
(2731, '2377', 'M'),
(2738, '0106', 'M'),
(2738, '1102', 'M'),
(2738, '1188', 'M'),
(2738, '1591', 'M'),
(2739, '1102', 'M'),
(2739, '1479', 'M'),
(2739, '1601', 'M'),
(2739, '1602', 'M'),
(2741, '2603', 'M'),
(2741, '2604', 'M'),
(2741, '2605', 'M'),
(2748, '0301', 'M'),
(2748, '0304', 'M'),
(2748, '0306', 'M'),
(2748, '0310', 'M'),
(2748, '0311', 'M'),
(2748, '0313', 'M'),
(2748, '0314', 'M'),
(2748, '0315', 'M'),
(2748, '0318', 'M'),
(2748, '0321', 'M'),
(2748, '0322', 'M'),
(2748, '0331', 'M'),
(2748, '0390', 'M'),
(2749, '0301', 'M'),
(2749, '0306', 'M'),
(2749, '0310', 'M'),
(2749, '0311', 'M'),
(2749, '0313', 'M'),
(2749, '0315', 'M'),
(2749, '0318', 'M'),
(2749, '0321', 'M'),
(2749, '0322', 'M'),
(2749, '0390', 'M'),
(2749, '3355', 'M'),
(2749, '3761', 'M'),
(2750, '0301', 'M'),
(2750, '0306', 'M'),
(2750, '0310', 'M'),
(2750, '0311', 'M'),
(2750, '0313', 'M'),
(2750, '0314', 'M'),
(2750, '0318', 'A'),
(2750, '0321', 'M'),
(2750, '0322', 'M'),
(2750, '0390', 'M'),
(2750, '3761', 'M'),
(2753, '0401', 'M'),
(2753, '0404', 'M'),
(2753, '0405', 'A'),
(2753, '0406', 'M'),
(2753, '0413', 'M'),
(2753, '0414', 'M'),
(2753, '0415', 'A'),
(2753, '0419', 'M'),
(2753, '0422', 'M'),
(2753, '0431', 'M'),
(2753, '0432', 'M'),
(2753, '0489', 'M'),
(2753, '0490', 'M'),
(2753, '0494', 'M'),
(2753, '4232', 'M'),
(2753, '4745', 'A'),
(2757, '0101', 'A'),
(2757, '0106', 'M'),
(2757, '0114', 'M'),
(2757, '0118', 'M'),
(2757, '0122', 'M'),
(2757, '0128', 'M'),
(2757, '0131', 'A'),
(2757, '0132', 'M'),
(2757, '0194', 'M'),
(2757, '1232', 'M'),
(2759, '0101', 'M'),
(2759, '0106', 'M'),
(2759, '0114', 'M'),
(2759, '0115', 'M'),
(2759, '0122', 'M'),
(2759, '0124', 'M'),
(2759, '0126', 'M'),
(2759, '0128', 'M'),
(2759, '0131', 'M'),
(2759, '0194', 'M'),
(2759, '1234', 'M'),
(2759, '1241', 'M'),
(2774, '0506', 'M'),
(2774, '0518', 'M'),
(2774, '0520', 'M'),
(2774, '0522', 'M'),
(2774, '5010', 'M'),
(2774, '5023', 'M'),
(2774, '5024', 'M'),
(2774, '5025', 'M'),
(2774, '5080', 'M'),
(2774, '5287', 'M'),
(2775, '0518', 'A'),
(2775, '0520', 'M'),
(2775, '0522', 'M'),
(2775, '5010', 'M'),
(2775, '5023', 'M'),
(2775, '5024', 'M'),
(2775, '5025', 'M'),
(2775, '5080', 'M'),
(2775, '5287', 'M'),
(2776, '1102', 'M'),
(2776, '1440', 'M'),
(2776, '1479', 'M'),
(2776, '1601', 'M'),
(2776, '1602', 'M'),
(2776, '1604', 'M'),
(2778, '2603', 'M'),
(2778, '2605', 'A'),
(2778, '2606', 'M'),
(2779, '1102', 'M'),
(2779, '1607', 'M'),
(2779, '1608', 'M'),
(2779, '1609', 'M'),
(2779, '1610', 'M'),
(2779, '1611', 'M'),
(2779, '1612', 'M'),
(2781, '0124', 'M'),
(2781, '0128', 'M'),
(2781, '0131', 'M'),
(2781, '0194', 'M'),
(2781, '1234', 'M'),
(2782, '0118', 'M'),
(2782, '0128', 'M'),
(2782, '0131', 'A'),
(2782, '0194', 'M'),
(2782, '1232', 'M'),
(2784, '0101', 'M'),
(2784, '0104', 'M'),
(2784, '0106', 'M'),
(2784, '0113', 'M'),
(2784, '0118', 'M'),
(2784, '0121', 'M'),
(2784, '3771', 'M'),
(2787, '0106', 'M'),
(2787, '1102', 'M'),
(2787, '1188', 'M'),
(2787, '1591', 'M'),
(2788, '1102', 'M'),
(2788, '1479', 'M'),
(2788, '1601', 'M'),
(2788, '1602', 'M'),
(2789, '1440', 'M'),
(2789, '1479', 'M'),
(2789, '1601', 'M'),
(2789, '1602', 'M'),
(2790, '2603', 'M'),
(2790, '2604', 'M'),
(2790, '2605', 'M'),
(2791, '1607', 'M'),
(2791, '1609', 'M'),
(2791, '1611', 'M'),
(2791, '1612', 'M'),
(2792, '1102', 'M'),
(2792, '1608', 'M'),
(2792, '2610', 'M'),
(2793, '0101', 'M'),
(2793, '0106', 'M'),
(2793, '0110', 'M'),
(2793, '0111', 'M'),
(2793, '0113', 'M'),
(2793, '0114', 'M'),
(2793, '0115', 'M'),
(2793, '0118', 'M'),
(2793, '0121', 'M'),
(2793, '0122', 'M'),
(2793, '0190', 'M'),
(2793, '0194', 'M'),
(2793, '1355', 'M'),
(2793, '1761', 'M'),
(2796, '0301', 'M'),
(2796, '0306', 'M'),
(2796, '0310', 'M'),
(2796, '0311', 'M'),
(2796, '0313', 'M'),
(2796, '0314', 'M'),
(2796, '0315', 'M'),
(2796, '0318', 'M'),
(2796, '0321', 'M'),
(2796, '0322', 'M'),
(2796, '0331', 'M'),
(2796, '0390', 'M'),
(2797, '0301', 'M'),
(2797, '0304', 'M'),
(2797, '0306', 'M'),
(2797, '0310', 'M'),
(2797, '0311', 'M'),
(2797, '0313', 'M'),
(2797, '0314', 'M'),
(2797, '0315', 'M'),
(2797, '0318', 'M'),
(2797, '0321', 'M'),
(2797, '0322', 'M'),
(2797, '0331', 'M'),
(2797, '0390', 'M'),
(2802, '0401', 'M'),
(2802, '0404', 'M'),
(2802, '0405', 'M'),
(2802, '0406', 'A'),
(2802, '0413', 'M'),
(2802, '0414', 'M'),
(2802, '0415', 'M'),
(2802, '0419', 'M'),
(2802, '0422', 'M'),
(2802, '0431', 'M'),
(2802, '0432', 'M'),
(2802, '0489', 'M'),
(2802, '0490', 'M'),
(2802, '0494', 'M'),
(2802, '4232', 'M'),
(2802, '4745', 'M'),
(2805, '0401', 'M'),
(2805, '0405', 'M'),
(2805, '0406', 'M'),
(2805, '0413', 'A'),
(2805, '0414', 'M'),
(2805, '0415', 'M'),
(2805, '0418', 'M'),
(2805, '0422', 'M'),
(2805, '0431', 'M'),
(2805, '0489', 'M'),
(2805, '0494', 'M'),
(2805, '0495', 'M'),
(2805, '4232', 'M'),
(2806, '0101', 'M'),
(2806, '0106', 'M'),
(2806, '0114', 'M'),
(2806, '0118', 'M'),
(2806, '0122', 'A'),
(2806, '0128', 'M'),
(2806, '0131', 'M'),
(2806, '0132', 'A'),
(2806, '0194', 'M'),
(2806, '1232', 'A'),
(2807, '0101', 'A'),
(2807, '0106', 'M'),
(2807, '0114', 'M'),
(2807, '0115', 'M'),
(2807, '0118', 'M'),
(2807, '0122', 'M'),
(2807, '0128', 'M'),
(2807, '0131', 'A'),
(2807, '0132', 'M'),
(2807, '0191', 'A'),
(2807, '0194', 'M'),
(2807, '1232', 'M'),
(2808, '0101', 'M'),
(2808, '0106', 'M'),
(2808, '0114', 'M'),
(2808, '0115', 'M'),
(2808, '0122', 'M'),
(2808, '0124', 'M'),
(2808, '0126', 'M'),
(2808, '0128', 'M'),
(2808, '0131', 'M'),
(2808, '0194', 'M'),
(2808, '1234', 'M'),
(2808, '1241', 'M'),
(2809, '0101', 'M'),
(2809, '0106', 'M'),
(2809, '0114', 'M'),
(2809, '0122', 'M'),
(2809, '0128', 'M'),
(2809, '0131', 'M'),
(2809, '0194', 'M'),
(2809, '1021', 'M'),
(2809, '1234', 'M'),
(2809, '1236', 'M'),
(2811, '0201', 'M'),
(2811, '0206', 'M'),
(2811, '0212', 'M'),
(2811, '0214', 'M'),
(2811, '0215', 'M'),
(2811, '0218', 'M'),
(2811, '0222', 'M'),
(2811, '0233', 'M'),
(2811, '0235', 'M'),
(2811, '0294', 'M'),
(2811, '2008', 'M'),
(2811, '2243', 'M'),
(2812, '0201', 'M'),
(2812, '0206', 'M'),
(2812, '0212', 'M'),
(2812, '0214', 'M'),
(2812, '0215', 'M'),
(2812, '0222', 'M'),
(2812, '0234', 'M'),
(2812, '0236', 'M'),
(2812, '0294', 'M'),
(2812, '2008', 'M'),
(2812, '2233', 'M'),
(2812, '2243', 'M'),
(2813, '0201', 'M'),
(2813, '0206', 'M'),
(2813, '0212', 'M'),
(2813, '0214', 'M'),
(2813, '0215', 'M'),
(2813, '0222', 'M'),
(2813, '0234', 'M'),
(2813, '0236', 'M'),
(2813, '0238', 'M'),
(2813, '0294', 'M'),
(2813, '2233', 'M'),
(2813, '2249', 'M'),
(2814, '0201', 'M'),
(2814, '0206', 'M'),
(2814, '0212', 'M'),
(2814, '0215', 'M'),
(2814, '0222', 'M'),
(2814, '0275', 'M'),
(2814, '0294', 'M'),
(2814, '2189', 'M'),
(2814, '2236', 'M'),
(2814, '2237', 'M'),
(2814, '2243', 'M'),
(2814, '2262', 'M'),
(2816, '1102', 'M'),
(2816, '1315', 'M'),
(2816, '1348', 'M'),
(2816, '1997', 'M'),
(2822, '2102', 'M'),
(2822, '2107', 'M'),
(2822, '2197', 'M'),
(2822, '2377', 'M'),
(2822, '2587', 'M'),
(2822, '2589', 'M'),
(2823, '0506', 'M'),
(2823, '0518', 'M'),
(2823, '0520', 'M'),
(2823, '0522', 'M'),
(2823, '5010', 'M'),
(2823, '5023', 'M'),
(2823, '5024', 'M'),
(2823, '5025', 'M'),
(2823, '5080', 'M'),
(2823, '5287', 'M'),
(2825, '1102', 'M'),
(2825, '1440', 'M'),
(2825, '1479', 'M'),
(2825, '1601', 'M'),
(2825, '1602', 'M'),
(2825, '1604', 'M'),
(2829, '2377', 'M'),
(2831, '0118', 'M'),
(2831, '0128', 'M'),
(2831, '0131', 'M'),
(2831, '0194', 'M'),
(2831, '1232', 'A'),
(2832, '0201', 'A'),
(2832, '0206', 'M'),
(2832, '0233', 'M'),
(2832, '0294', 'M'),
(2832, '2008', 'M'),
(2832, '2243', 'M'),
(2833, '0101', 'M'),
(2833, '0104', 'M'),
(2833, '0106', 'M'),
(2833, '0113', 'M'),
(2833, '0118', 'M'),
(2833, '0121', 'M'),
(2833, '3771', 'M'),
(2834, '0506', 'M'),
(2834, '5009', 'M'),
(2834, '5010', 'M'),
(2834, '5013', 'M'),
(2834, '5022', 'M'),
(2834, '5080', 'M'),
(2834, '5097', 'M'),
(2834, '5286', 'M'),
(2837, '1102', 'M'),
(2837, '1479', 'M'),
(2837, '1601', 'M'),
(2837, '1602', 'M'),
(2839, '2603', 'M'),
(2839, '2604', 'M'),
(2839, '2605', 'M'),
(2841, '1102', 'M'),
(2841, '1608', 'M'),
(2841, '2610', 'M'),
(2842, '0101', 'M'),
(2842, '0106', 'M'),
(2842, '0110', 'M'),
(2842, '0111', 'M'),
(2842, '0113', 'M'),
(2842, '0114', 'M'),
(2842, '0115', 'M'),
(2842, '0118', 'M'),
(2842, '0121', 'M'),
(2842, '0122', 'M'),
(2842, '0190', 'M'),
(2842, '0194', 'M'),
(2842, '1355', 'M'),
(2842, '1761', 'M'),
(2844, '0301', 'M'),
(2844, '0306', 'M'),
(2844, '0310', 'M'),
(2844, '0311', 'M'),
(2844, '0313', 'M'),
(2844, '0314', 'M'),
(2844, '0315', 'M'),
(2844, '0318', 'M'),
(2844, '0321', 'M'),
(2844, '0322', 'M'),
(2844, '0390', 'M'),
(2844, '0394', 'M'),
(2845, '0301', 'M'),
(2845, '0306', 'M'),
(2845, '0310', 'M'),
(2845, '0311', 'M'),
(2845, '0313', 'M'),
(2845, '0314', 'M'),
(2845, '0315', 'M'),
(2845, '0318', 'M'),
(2845, '0321', 'M'),
(2845, '0322', 'M'),
(2845, '0331', 'M'),
(2845, '0390', 'M'),
(2848, '0301', 'M'),
(2848, '0306', 'M'),
(2848, '0310', 'M'),
(2848, '0311', 'M'),
(2848, '0313', 'M'),
(2848, '0314', 'M'),
(2848, '0318', 'M'),
(2848, '0321', 'M'),
(2848, '0322', 'M'),
(2848, '0390', 'M'),
(2848, '3761', 'M'),
(2849, '0301', 'M'),
(2849, '0304', 'M'),
(2849, '0306', 'M'),
(2849, '0310', 'M'),
(2849, '0311', 'M'),
(2849, '0313', 'M'),
(2849, '0314', 'M'),
(2849, '0315', 'M'),
(2849, '0318', 'M'),
(2849, '0321', 'M'),
(2849, '0322', 'M'),
(2849, '0390', 'M'),
(2849, '0394', 'M'),
(2849, '3355', 'M'),
(2849, '3761', 'M'),
(2850, '0401', 'M'),
(2850, '0405', 'M'),
(2850, '0406', 'M'),
(2850, '0413', 'M'),
(2850, '0414', 'M'),
(2850, '0415', 'M'),
(2850, '0419', 'M'),
(2850, '0422', 'M'),
(2850, '0431', 'M'),
(2850, '0432', 'M'),
(2850, '0489', 'M'),
(2850, '4232', 'M'),
(2850, '4745', 'M'),
(2854, '0401', 'M'),
(2854, '0405', 'M'),
(2854, '0406', 'M'),
(2854, '0413', 'M'),
(2854, '0414', 'A'),
(2854, '0415', 'M'),
(2854, '0418', 'M'),
(2854, '0422', 'M'),
(2854, '0431', 'M'),
(2854, '0489', 'M'),
(2854, '0494', 'A'),
(2854, '0495', 'M'),
(2854, '4232', 'M'),
(2855, '0101', 'M'),
(2855, '0106', 'M'),
(2855, '0114', 'M'),
(2855, '0118', 'M'),
(2855, '0122', 'M'),
(2855, '0128', 'M'),
(2855, '0131', 'M'),
(2855, '0132', 'M'),
(2855, '0194', 'M'),
(2855, '1232', 'M'),
(2857, '0101', 'A'),
(2857, '0106', 'M'),
(2857, '0114', 'M'),
(2857, '0115', 'M'),
(2857, '0122', 'M'),
(2857, '0124', 'M'),
(2857, '0126', 'M'),
(2857, '0128', 'M'),
(2857, '0131', 'A'),
(2857, '0194', 'M'),
(2857, '1234', 'M'),
(2857, '1241', 'A'),
(2858, '0101', 'M'),
(2858, '0106', 'M'),
(2858, '0114', 'M'),
(2858, '0122', 'M'),
(2858, '0128', 'M'),
(2858, '0131', 'M'),
(2858, '0194', 'M'),
(2858, '1021', 'M'),
(2858, '1234', 'M'),
(2858, '1236', 'M'),
(2861, '0201', 'M'),
(2861, '0206', 'M'),
(2861, '0212', 'M'),
(2861, '0214', 'M'),
(2861, '0215', 'M'),
(2861, '0222', 'M'),
(2861, '0234', 'M'),
(2861, '0236', 'M'),
(2861, '0294', 'M'),
(2861, '2008', 'M'),
(2861, '2233', 'M'),
(2861, '2243', 'M'),
(2863, '0201', 'M'),
(2863, '0206', 'M'),
(2863, '0212', 'M'),
(2863, '0215', 'M'),
(2863, '0222', 'M'),
(2863, '0275', 'M'),
(2863, '0294', 'M'),
(2863, '2189', 'M'),
(2863, '2236', 'M'),
(2863, '2237', 'M'),
(2863, '2243', 'M'),
(2863, '2262', 'M'),
(2869, '2377', 'M'),
(2871, '2102', 'M'),
(2871, '2107', 'M'),
(2871, '2197', 'M'),
(2871, '2377', 'M'),
(2871, '2587', 'M'),
(2871, '2589', 'M'),
(2875, '1102', 'M'),
(2875, '1440', 'M'),
(2875, '1479', 'M'),
(2875, '1601', 'M'),
(2875, '1602', 'M'),
(2875, '1604', 'M'),
(2876, '2603', 'M'),
(2876, '2605', 'M'),
(2876, '2606', 'M'),
(2877, '1102', 'M'),
(2877, '1607', 'M'),
(2877, '1608', 'M'),
(2877, '1609', 'M'),
(2877, '1610', 'M'),
(2877, '1611', 'M'),
(2877, '1612', 'M'),
(2878, '2377', 'M'),
(2882, '0101', 'A'),
(2882, '0104', 'M'),
(2882, '0106', 'M'),
(2882, '0113', 'M'),
(2882, '0118', 'M'),
(2882, '0121', 'A'),
(2882, '3771', 'A'),
(2883, '0506', 'M'),
(2883, '5009', 'M'),
(2883, '5010', 'A'),
(2883, '5013', 'M'),
(2883, '5022', 'M'),
(2883, '5080', 'A'),
(2883, '5097', 'M'),
(2883, '5286', 'M'),
(2884, '0104', 'M'),
(2884, '0106', 'M'),
(2884, '1102', 'M'),
(2884, '1188', 'M'),
(2884, '1591', 'M'),
(2885, '0106', 'M'),
(2885, '1102', 'M'),
(2885, '1188', 'M'),
(2885, '1591', 'M'),
(2887, '1440', 'M'),
(2887, '1479', 'M'),
(2887, '1601', 'M'),
(2887, '1602', 'M'),
(2892, '0201', 'M'),
(2892, '0206', 'M'),
(2892, '0210', 'M'),
(2892, '0211', 'M'),
(2892, '0213', 'M'),
(2892, '0214', 'M'),
(2892, '0215', 'M'),
(2892, '0218', 'M'),
(2892, '0221', 'M'),
(2892, '0222', 'M'),
(2892, '0290', 'M'),
(2892, '0294', 'M'),
(2892, '2355', 'M'),
(2892, '2761', 'M'),
(2894, '0301', 'M'),
(2894, '0306', 'M'),
(2894, '0310', 'M'),
(2894, '0311', 'M'),
(2894, '0313', 'M'),
(2894, '0314', 'M'),
(2894, '0315', 'M'),
(2894, '0318', 'M'),
(2894, '0321', 'M'),
(2894, '0322', 'M'),
(2894, '0331', 'M'),
(2894, '0390', 'M'),
(2896, '0301', 'M'),
(2896, '0306', 'M'),
(2896, '0310', 'M'),
(2896, '0311', 'M'),
(2896, '0313', 'M'),
(2896, '0315', 'M'),
(2896, '0318', 'M'),
(2896, '0321', 'M'),
(2896, '0322', 'M'),
(2896, '0390', 'M'),
(2896, '3355', 'M'),
(2896, '3761', 'M'),
(2897, '0301', 'M'),
(2897, '0306', 'M'),
(2897, '0310', 'M'),
(2897, '0311', 'M'),
(2897, '0313', 'M'),
(2897, '0314', 'M'),
(2897, '0318', 'M'),
(2897, '0321', 'M'),
(2897, '0322', 'M'),
(2897, '0390', 'M'),
(2897, '3761', 'M'),
(2901, '0401', 'M'),
(2901, '0405', 'M'),
(2901, '0406', 'M'),
(2901, '0410', 'M'),
(2901, '0411', 'M'),
(2901, '0413', 'M'),
(2901, '0414', 'M'),
(2901, '0415', 'M'),
(2901, '0418', 'M'),
(2901, '0422', 'M'),
(2901, '0431', 'M'),
(2901, '0489', 'M'),
(2901, '0494', 'M'),
(2901, '0495', 'M'),
(2902, '0113', 'M'),
(2902, '0401', 'M'),
(2902, '0404', 'M'),
(2902, '0405', 'M'),
(2902, '0406', 'A'),
(2902, '0410', 'M'),
(2902, '0411', 'M'),
(2902, '0413', 'M'),
(2902, '0414', 'M'),
(2902, '0415', 'M'),
(2902, '0418', 'M'),
(2902, '0422', 'M'),
(2902, '0464', 'M'),
(2902, '0489', 'M'),
(2902, '4480', 'M'),
(2902, '4481', 'M'),
(2904, '0101', 'M'),
(2904, '0106', 'M'),
(2904, '0114', 'A'),
(2904, '0118', 'M'),
(2904, '0122', 'M'),
(2904, '0128', 'M'),
(2904, '0131', 'M'),
(2904, '0132', 'M'),
(2904, '0194', 'A'),
(2904, '1232', 'M'),
(2907, '0101', 'A'),
(2907, '0106', 'M'),
(2907, '0114', 'M'),
(2907, '0122', 'M'),
(2907, '0128', 'M'),
(2907, '0131', 'A'),
(2907, '0194', 'M'),
(2907, '1021', 'A'),
(2907, '1234', 'M'),
(2907, '1236', 'M'),
(2908, '0101', 'M'),
(2908, '0106', 'M'),
(2908, '0114', 'M'),
(2908, '0115', 'M'),
(2908, '0122', 'M'),
(2908, '0128', 'M'),
(2908, '0131', 'M'),
(2908, '0194', 'M'),
(2908, '1021', 'M'),
(2908, '1234', 'M'),
(2908, '1236', 'M'),
(2908, '1241', 'M'),
(2909, '0201', 'M'),
(2909, '0206', 'M'),
(2909, '0212', 'M'),
(2909, '0214', 'M'),
(2909, '0215', 'M'),
(2909, '0218', 'M'),
(2909, '0222', 'M'),
(2909, '0233', 'M'),
(2909, '0235', 'M'),
(2909, '0294', 'M'),
(2909, '2008', 'M'),
(2909, '2243', 'M'),
(2910, '0201', 'M'),
(2910, '0206', 'M'),
(2910, '0212', 'M'),
(2910, '0214', 'M'),
(2910, '0215', 'M'),
(2910, '0222', 'M'),
(2910, '0234', 'M'),
(2910, '0236', 'M'),
(2910, '0294', 'M'),
(2910, '2008', 'M'),
(2910, '2233', 'M'),
(2910, '2243', 'M'),
(2911, '0201', 'M'),
(2911, '0206', 'M'),
(2911, '0212', 'M'),
(2911, '0214', 'M'),
(2911, '0215', 'M'),
(2911, '0222', 'M'),
(2911, '0234', 'M'),
(2911, '0236', 'M'),
(2911, '0238', 'M'),
(2911, '0294', 'M'),
(2911, '2233', 'M'),
(2911, '2249', 'M'),
(2912, '0201', 'M'),
(2912, '0206', 'M'),
(2912, '0212', 'M'),
(2912, '0215', 'M'),
(2912, '0222', 'M'),
(2912, '0275', 'M'),
(2912, '0294', 'M'),
(2912, '2189', 'M'),
(2912, '2236', 'M'),
(2912, '2237', 'M'),
(2912, '2243', 'M'),
(2912, '2262', 'M'),
(2913, '0201', 'M'),
(2913, '0204', 'M'),
(2913, '0206', 'M'),
(2913, '0212', 'M'),
(2913, '0214', 'M'),
(2913, '0215', 'M'),
(2913, '0222', 'M'),
(2913, '0275', 'M'),
(2913, '0292', 'M'),
(2913, '0294', 'M'),
(2913, '2189', 'M'),
(2913, '2236', 'M'),
(2913, '2237', 'M'),
(2913, '2243', 'M'),
(2913, '2262', 'M'),
(2914, '1102', 'M'),
(2914, '1315', 'M'),
(2914, '1348', 'M'),
(2914, '1997', 'M'),
(2915, '1102', 'M'),
(2915, '1315', 'M'),
(2915, '1348', 'M'),
(2915, '1997', 'M'),
(2916, '0104', 'M'),
(2916, '0106', 'M'),
(2916, '1102', 'M'),
(2916, '1362', 'M'),
(2916, '1363', 'M'),
(2916, '1364', 'M'),
(2916, '1365', 'M'),
(2916, '1367', 'M'),
(2916, '1591', 'M'),
(2917, '0106', 'M'),
(2917, '1102', 'M'),
(2917, '1362', 'M'),
(2917, '1363', 'M'),
(2917, '1364', 'M'),
(2917, '1365', 'M'),
(2917, '1367', 'M'),
(2917, '1591', 'M'),
(2918, '2377', 'M'),
(2920, '2102', 'M'),
(2920, '2107', 'M'),
(2920, '2197', 'M'),
(2920, '2377', 'M'),
(2920, '2587', 'M'),
(2920, '2589', 'M'),
(2921, '0506', 'M'),
(2921, '0518', 'M'),
(2921, '0520', 'M'),
(2921, '0522', 'M'),
(2921, '5010', 'M'),
(2921, '5023', 'M'),
(2921, '5024', 'M'),
(2921, '5025', 'M'),
(2921, '5080', 'M'),
(2921, '5287', 'M'),
(2925, '2603', 'M'),
(2925, '2605', 'M'),
(2925, '2606', 'M'),
(2930, '0201', 'M'),
(2930, '0206', 'M'),
(2930, '0233', 'A'),
(2930, '0294', 'M'),
(2930, '2008', 'M'),
(2930, '2243', 'A'),
(2934, '0106', 'M'),
(2934, '1102', 'M'),
(2934, '1188', 'M'),
(2934, '1591', 'M'),
(2939, '1102', 'M'),
(2939, '1608', 'M'),
(2939, '2610', 'M'),
(2940, '0101', 'M'),
(2940, '0106', 'M'),
(2940, '0110', 'M'),
(2940, '0111', 'M'),
(2940, '0113', 'M'),
(2940, '0114', 'M'),
(2940, '0115', 'M'),
(2940, '0118', 'M'),
(2940, '0121', 'M'),
(2940, '0122', 'M'),
(2940, '0190', 'M'),
(2940, '0194', 'M'),
(2940, '1355', 'M'),
(2940, '1761', 'M'),
(2941, '0201', 'M'),
(2941, '0206', 'M'),
(2941, '0210', 'M'),
(2941, '0211', 'M'),
(2941, '0213', 'M'),
(2941, '0214', 'M'),
(2941, '0215', 'M'),
(2941, '0218', 'M'),
(2941, '0221', 'M'),
(2941, '0222', 'M'),
(2941, '0290', 'M'),
(2941, '0294', 'M'),
(2941, '2355', 'M'),
(2941, '2761', 'M'),
(2943, '0301', 'M'),
(2943, '0306', 'M'),
(2943, '0310', 'M'),
(2943, '0311', 'M'),
(2943, '0313', 'M'),
(2943, '0314', 'M'),
(2943, '0315', 'M'),
(2943, '0318', 'M'),
(2943, '0321', 'M'),
(2943, '0322', 'M'),
(2943, '0331', 'M'),
(2943, '0390', 'M'),
(2947, '0301', 'M'),
(2947, '0304', 'M'),
(2947, '0306', 'M'),
(2947, '0310', 'M'),
(2947, '0311', 'M'),
(2947, '0313', 'M'),
(2947, '0314', 'M'),
(2947, '0315', 'M'),
(2947, '0318', 'M'),
(2947, '0321', 'M'),
(2947, '0322', 'M'),
(2947, '0390', 'M'),
(2947, '0394', 'M'),
(2947, '3355', 'M'),
(2947, '3761', 'M'),
(2949, '0401', 'M'),
(2949, '0404', 'M'),
(2949, '0405', 'M'),
(2949, '0406', 'M'),
(2949, '0413', 'M'),
(2949, '0414', 'M'),
(2949, '0415', 'M'),
(2949, '0419', 'A'),
(2949, '0422', 'M'),
(2949, '0431', 'M'),
(2949, '0432', 'M'),
(2949, '0489', 'A'),
(2949, '0490', 'M'),
(2949, '0494', 'M'),
(2949, '4232', 'M'),
(2949, '4745', 'M'),
(2950, '0401', 'M'),
(2950, '0405', 'M'),
(2950, '0406', 'M'),
(2950, '0410', 'M'),
(2950, '0411', 'M'),
(2950, '0413', 'M'),
(2950, '0414', 'M'),
(2950, '0415', 'M'),
(2950, '0418', 'A'),
(2950, '0422', 'M'),
(2950, '0431', 'M'),
(2950, '0489', 'M'),
(2950, '0494', 'M'),
(2950, '0495', 'M'),
(2951, '0113', 'M'),
(2951, '0401', 'M'),
(2951, '0404', 'M'),
(2951, '0405', 'M'),
(2951, '0406', 'M'),
(2951, '0410', 'M'),
(2951, '0411', 'M'),
(2951, '0413', 'M'),
(2951, '0414', 'M'),
(2951, '0415', 'M'),
(2951, '0418', 'M'),
(2951, '0422', 'M'),
(2951, '0464', 'M'),
(2951, '0489', 'M'),
(2951, '4480', 'M'),
(2951, '4481', 'M'),
(2952, '0401', 'M'),
(2952, '0405', 'M'),
(2952, '0406', 'A'),
(2952, '0413', 'M'),
(2952, '0414', 'M'),
(2952, '0415', 'M'),
(2952, '0418', 'M'),
(2952, '0422', 'M'),
(2952, '0431', 'M'),
(2952, '0489', 'M'),
(2952, '0494', 'M'),
(2952, '0495', 'M'),
(2952, '4232', 'M'),
(2953, '0101', 'M'),
(2953, '0106', 'M'),
(2953, '0114', 'M'),
(2953, '0118', 'M'),
(2953, '0122', 'M'),
(2953, '0128', 'M'),
(2953, '0131', 'M'),
(2953, '0132', 'M'),
(2953, '0194', 'M'),
(2953, '1232', 'M'),
(2954, '0101', 'M'),
(2954, '0106', 'M'),
(2954, '0114', 'A'),
(2954, '0115', 'M'),
(2954, '0118', 'M'),
(2954, '0122', 'M'),
(2954, '0128', 'M'),
(2954, '0131', 'M'),
(2954, '0132', 'M'),
(2954, '0191', 'M'),
(2954, '0194', 'A'),
(2954, '1232', 'M'),
(2959, '0201', 'M'),
(2959, '0206', 'M'),
(2959, '0212', 'M'),
(2959, '0214', 'M'),
(2959, '0215', 'M'),
(2959, '0222', 'M'),
(2959, '0234', 'M'),
(2959, '0236', 'M'),
(2959, '0294', 'M'),
(2959, '2008', 'M'),
(2959, '2233', 'M'),
(2959, '2243', 'M'),
(2960, '0201', 'M'),
(2960, '0206', 'M'),
(2960, '0212', 'M'),
(2960, '0214', 'M'),
(2960, '0215', 'M'),
(2960, '0222', 'M'),
(2960, '0234', 'M'),
(2960, '0236', 'M'),
(2960, '0238', 'M'),
(2960, '0294', 'M'),
(2960, '2233', 'M'),
(2960, '2249', 'M'),
(2961, '0201', 'M'),
(2961, '0206', 'M'),
(2961, '0212', 'M'),
(2961, '0215', 'M'),
(2961, '0222', 'M'),
(2961, '0275', 'M'),
(2961, '0294', 'M'),
(2961, '2189', 'M'),
(2961, '2236', 'M'),
(2961, '2237', 'M'),
(2961, '2243', 'M'),
(2961, '2262', 'M'),
(2963, '1102', 'M'),
(2963, '1315', 'M'),
(2963, '1348', 'M'),
(2963, '1997', 'M'),
(2964, '1102', 'M'),
(2964, '1315', 'M'),
(2964, '1348', 'M'),
(2964, '1997', 'M'),
(2965, '0104', 'M'),
(2965, '0106', 'M'),
(2965, '1102', 'M'),
(2965, '1362', 'M'),
(2965, '1363', 'M'),
(2965, '1364', 'M'),
(2965, '1365', 'M'),
(2965, '1367', 'M'),
(2965, '1591', 'M'),
(2966, '0106', 'M'),
(2966, '1102', 'M'),
(2966, '1362', 'M'),
(2966, '1363', 'M'),
(2966, '1364', 'M'),
(2966, '1365', 'M'),
(2966, '1367', 'M'),
(2966, '1591', 'M'),
(2967, '2377', 'M'),
(2969, '2102', 'M'),
(2969, '2107', 'M'),
(2969, '2197', 'M'),
(2969, '2377', 'M'),
(2969, '2587', 'M'),
(2969, '2589', 'M'),
(2970, '0506', 'M'),
(2970, '0518', 'M'),
(2970, '0520', 'M'),
(2970, '0522', 'M'),
(2970, '5010', 'M'),
(2970, '5023', 'M'),
(2970, '5024', 'M'),
(2970, '5025', 'M'),
(2970, '5080', 'M'),
(2970, '5287', 'M'),
(2971, '0518', 'M'),
(2971, '0520', 'M'),
(2971, '0522', 'M'),
(2971, '5010', 'M'),
(2971, '5023', 'M'),
(2971, '5024', 'M'),
(2971, '5025', 'M'),
(2971, '5080', 'M'),
(2971, '5287', 'M'),
(2973, '1102', 'M'),
(2973, '1440', 'M'),
(2973, '1479', 'M'),
(2973, '1601', 'M'),
(2973, '1602', 'M'),
(2973, '1604', 'M'),
(2974, '2603', 'M'),
(2974, '2605', 'M'),
(2974, '2606', 'M'),
(2976, '2377', 'A'),
(2978, '0118', 'M'),
(2978, '0128', 'M'),
(2978, '0131', 'M'),
(2978, '0194', 'M'),
(2978, '1232', 'M'),
(2979, '0201', 'M'),
(2979, '0206', 'M'),
(2979, '0233', 'M'),
(2979, '0294', 'A'),
(2979, '2008', 'M'),
(2979, '2243', 'M'),
(2980, '0101', 'M'),
(2980, '0104', 'M'),
(2980, '0106', 'M'),
(2980, '0113', 'A'),
(2980, '0118', 'M'),
(2980, '0121', 'M'),
(2980, '3771', 'M'),
(2985, '1440', 'M'),
(2985, '1479', 'M'),
(2985, '1601', 'M'),
(2985, '1602', 'M'),
(2986, '2603', 'M'),
(2986, '2604', 'M'),
(2986, '2605', 'M'),
(2987, '1607', 'M'),
(2987, '1609', 'M'),
(2987, '1611', 'M'),
(2987, '1612', 'M');

-- --------------------------------------------------------

--
-- Estructura de tabla para la tabla `asignaturas`
--

CREATE TABLE `asignaturas` (
  `idAsignatura` varchar(4) DEFAULT NULL,
  `nombreAsignatura` varchar(30) DEFAULT NULL,
  `abreviatura` varchar(3) DEFAULT NULL
) ENGINE=InnoDB DEFAULT CHARSET=utf8;

--
-- Volcado de datos para la tabla `asignaturas`
--

INSERT INTO `asignaturas` (`idAsignatura`, `nombreAsignatura`, `abreviatura`) VALUES
('0101', 'LENGUA CASTELLANA Y LITERATURA', 'LCL'),
('0104', 'FRANCES', 'FRA'),
('0106', 'INGLES', 'ING'),
('0110', 'MUSICA', 'MUS'),
('0111', 'PLASTICA', 'PLA'),
('0113', 'CIENCIAS SOCIALES', 'CSO'),
('0114', 'RELIGION Y MORAL CATOLICA', 'REL'),
('0115', 'ENSEÑANZA COMPLEMENTARIA', 'ENC'),
('0118', 'MATEMATICAS', 'MAT'),
('0121', 'CIENCIAS DE LA NATURALEZA', 'CNA'),
('0122', 'EDUCACION FISICA', 'EFI'),
('0124', 'LATIN', 'LAT'),
('0126', 'GRIEGO', 'GRI'),
('0128', 'FILOSOFIA', 'FIL'),
('0131', 'INFORMATICA APLICADA', 'IAP'),
('0132', 'FISICA Y QUIMICA', 'FQU'),
('0158', 'ANALISIS QUIMICO E INSTRUMENTA', 'AQI'),
('0180', 'SEGUR.AMBIENTE QUIMICO LABORAT', 'SQL'),
('0190', 'TECNOLOGIA', 'TEC'),
('0191', 'ECOLOGIA', 'ECL'),
('0194', 'FRANCES (SEGUNDO IDIOMA)', 'FR2'),
('0201', 'LENGUA CASTELLANA Y LITERATURA', 'LCL'),
('0204', 'FRANCES', 'FRA'),
('0206', 'INGLES', 'ING'),
('0210', 'MUSICA', 'MUS'),
('0211', 'PLASTICA', 'PLA'),
('0212', 'HISTORIA', 'HIS'),
('0213', 'CIENCIAS SOCIALES', 'CSO'),
('0214', 'RELIGION Y MORAL CATOLICA', 'REL'),
('0215', 'ENSEÑANZA COMPLEMENTARIA', 'ENC'),
('0217', 'HISTORIA DEL ARTE', 'HAR'),
('0218', 'MATEMATICAS', 'MAT'),
('0221', 'CIENCIAS DE LA NATURALEZA', 'CNA'),
('0222', 'EDUCACION FISICA', 'EFI'),
('0224', 'LATIN', 'LAT'),
('0226', 'GRIEGO', 'GRI'),
('0233', 'FISICA', 'FIS'),
('0234', 'QUIMICA', 'QUI'),
('0235', 'DIBUJO TECNICO', 'DBT'),
('0236', 'BIOLOGIA', 'BIO'),
('0238', 'GEOLOGIA', 'GLG'),
('0275', 'GEOGRAFIA', 'GEO'),
('0290', 'TECNOLOGIA', 'TEC'),
('0292', 'INGLES (SEGUNDO IDIOMA)', 'IN2'),
('0294', 'FRANCES (SEGUNDO IDIOMA)', 'FR2'),
('0301', 'LENGUA CASTELLANA Y LITERATURA', 'LCL'),
('0304', 'FRANCES', 'FRA'),
('0306', 'INGLES', 'ING'),
('0310', 'MUSICA', 'MUS'),
('0311', 'PLASTICA', 'PLA'),
('0313', 'CIENCIAS SOCIALES', 'CSO'),
('0314', 'RELIGION Y MORAL CATOLICA', 'REL'),
('0315', 'ENSEÑANZA COMPLEMETARIA', 'ENC'),
('0318', 'MATEMATICAS', 'MAT'),
('0321', 'CIENCIAS DE LA NATURALEZA', 'CNA'),
('0322', 'EDUCACION FISICA', 'EFI'),
('0331', 'INFORMATICA APLICADA', 'IAP'),
('0390', 'TECNOLOGIA', 'TEC'),
('0394', 'FRANCES (SEGUNDO IDIOMA)', 'FR2'),
('0401', 'LENGUA CASTELLANA Y LITERATURA', 'LCL'),
('0404', 'FRANCES', 'FRA'),
('0405', 'LA VIDA MORAL Y LA REF. ETICA', 'VMO'),
('0406', 'INGLES', 'ING'),
('0410', 'MUSICA', 'MUS'),
('0411', 'PLASTICA', 'PLA'),
('0413', 'CIENCIAS SOCIALES', 'CSO'),
('0414', 'RELIGION Y MORAL CATOLICA', 'REL'),
('0415', 'ENSEÑANZA COMPLEMETARIA', 'ENC'),
('0418', 'MATEMATICAS', 'MAT'),
('0419', 'MATEMATICAS II', 'MII'),
('0422', 'EDUCACION FISICA', 'EFI'),
('0431', 'INFORMATICA APLICADA', 'IAP'),
('0432', 'FISICA Y QUIMICA', 'FQU'),
('0464', 'INFORMACION Y COMUNICACION', 'ICO'),
('0489', 'INICIACION PROFESIONAL', 'IPR'),
('0490', 'TECNOLOGIA', 'TEC'),
('0494', 'FRANCES (SEGUNDO IDIOMA)', 'FR2'),
('0495', 'EDUCACION PLASTICA Y VISUAL', 'EPV'),
('0506', 'INGLES', 'ING'),
('0518', 'MATEMATICAS', 'MAT'),
('0520', 'CIENCIAS NATURALES', 'CNA'),
('0522', 'EDUCACION FISICA', 'EFI'),
('1021', 'ECONOMIA', 'ECO'),
('1102', 'FORMACION, ORIENTACION LABORAL', 'FOL'),
('1188', 'MARKETING INTERNACIONAL', 'MIN'),
('1232', 'BIOLOGIA Y GEOLOGIA', 'BYG'),
('1234', 'HIST. DEL MUNDO CONTEMPORANEO', 'HMC'),
('1236', 'MATEMATICAS APLI. CIEN. SOCIAL', 'MCS'),
('1241', 'MEDIOS DE COMUNICACION', 'MDC'),
('1315', 'INICIAC. PROF. ADMINISTRATIVAS', 'IAD'),
('1348', 'ACTIVIDADES COMPLEMENTARIAS', 'ACO'),
('1355', 'REFUERZO DE LENGUA CASTELLANA', 'RLC'),
('1362', 'OPERACIONES DE ALMACENAJE', 'OPA'),
('1363', 'ANIMACION DEL PUNTO DE VENTA', 'APV'),
('1364', 'OPERACIONES DE VENTA', 'OPV'),
('1365', 'ADMINIS. Y GESTION ESTABLE.', 'AGE'),
('1367', 'EL COMERCIO Y TRANSPORTE EN A.', 'CTA'),
('1428', 'ANALISIS MICROBIOLOGICOS', 'AMI'),
('1440', 'RELACION EN EL ENTORNO DE TRAB', 'RET'),
('1479', 'LA INFORMATICA:UTIL. EMPR. AND', 'IUA'),
('1588', 'ALMACENAJE DE PRODUCTOS', 'ALP'),
('1591', 'APLI. INFOR. PROPOSITO GERAL.', 'AIG'),
('1601', 'SISTEMAS INFORMA. MONO Y MULTI', 'SMM'),
('1602', 'REDES DE AREA LOCAL', 'RAL'),
('1604', 'FUNDAMENTOS DE PROGRAMACION', 'FPR'),
('1607', 'OPERACIONES BASICAS LABORATORI', 'OBL'),
('1608', 'ENSAYOS FISICOS,FISICOQUIMICOS', 'EFF'),
('1609', 'QUIMICA Y ANALISIS QUIMICO', 'QAQ'),
('1610', 'PRUEBAS MICROBIOLOGICAS', 'PMI'),
('1611', 'INFORMACION Y SEG. LABORATORIO', 'ISL'),
('1612', 'LA INDUS. QUIMICA EN ANDALUCIA', 'IQA'),
('1761', 'REFUERZO DE MATEMATICAS', 'RMA'),
('1993', 'FINANCIACION INTERNACIONAL', 'FIN'),
('1997', 'AREA DE FORMACION BASICA', 'FCO'),
('1998', 'ENSAYOS FISICOS', 'EFI'),
('2008', 'ESTADISTICA', 'EST'),
('2102', 'FORMACION, ORIENTACION LABORAL', 'FOL'),
('2107', 'MEDIOS DE PAGO INTERNACIONAL', 'MPI'),
('2189', 'ANTROPOLOGIA', 'ANT'),
('2197', 'NEGOCIACION INTERNACIONAL', 'NIN'),
('2233', 'CIEN. DE LA TIERRA Y DEL MEDIO', 'CTM'),
('2235', 'HISTORIA DE LA FILOSOFIA', 'HFI'),
('2236', 'MATEMATICAS APLI. CIEN. SOCIAL', 'MCS'),
('2237', 'ECONOMIA Y ORGA. DE EMPRESAS', 'EOE'),
('2243', 'INICIACION TECNICO-PRACTICA', 'ITP'),
('2249', 'BIOLOGIA MOLECULAR', 'BIM'),
('2262', 'DERECHO', 'DER'),
('2355', 'REFUERZO DE LENGUA CASTELLANA', 'RLC'),
('2377', 'PROYECTO INTEGRADO', 'PRO'),
('2587', 'GEST.ADVA.COMERCIO INTERNACIO.', 'GCI'),
('2589', 'TRANSPORTE INTER. MERCANCIAS', 'TIM'),
('2603', 'IMPLAN. APLI. INFOR. GESTION', 'IAI'),
('2604', 'FUNDAMENTOS DE PROGRAMACION', 'FPR'),
('2605', 'DESA. FUNC.SISTEMA INFORMATICO', 'DFS'),
('2606', 'SISTEMAS GESTORES BASES DATOS', 'SBD'),
('2610', 'PRUEBAS MICROBIOLOGICAS', 'PMI'),
('2761', 'REFUERZO DE MATEMATICAS', 'RMA'),
('3355', 'REFUERZO DE LENGUA CASTELLANA', 'RLC'),
('3761', 'REFUERZO DE MATEMATICAS', 'RMA'),
('3771', 'DESARROLLO SOCIAL Y FUNCIONAL', 'DSF'),
('4232', 'BIOLOGIA Y GEOLOGIA', 'BYG'),
('4480', 'AMBITO SOCIOLINGUISTICO', 'ASL'),
('4481', 'AMBITO CIENTIFICO-TECNOLOGICO', 'ACT'),
('4745', 'LOS METODOS DE LA CIENCIA', 'LMC'),
('5007', 'CONTABILIDAD Y COSTOS', 'CCO'),
('5009', 'INFORMATICA', 'INF'),
('5010', 'CONTABILIDAD', 'CON'),
('5013', 'PRACTICAS ADMINISTRATIVAS', 'PRA'),
('5022', 'O.T.A.E. (ORG. TEC. ADVA. EMP)', 'OTA'),
('5023', 'O.T.E.', 'OTE'),
('5024', 'DERECHO FISCAL', 'DFI'),
('5025', 'DERECHO LABORAL', 'DLA'),
('5028', 'ARQUITECTURA DE ORDENADORES', 'ARQ'),
('5029', 'ORGANIZ. DE SIST. INFORMATICOS', 'OSI'),
('5031', 'R.P.G.', 'RPG'),
('5032', 'TELEINFORMATICA', 'TEL'),
('5074', 'PRACTICAS DE TEC. INFORM-GEST.', 'PIG'),
('5080', 'MATEMATICAS FINANCIERAS', 'FIN'),
('5097', 'RECURSOS NATURALES', 'REC'),
('5286', 'DERECHO LABORAL Y FISCAL', 'DLF'),
('5287', 'PRACTICAS Y TECNICAS DE COMUN.', 'PTC'),
('5288', 'MATEMATICAS COMERCIALES Y ESTA', 'MCE'),
('9999', '', 'REF'),
('A.JE', 'APOYU JEF. ESTUDIOS', 'AJE'),
('A-1', 'A-1', 'A-1'),
('A-5', 'A-5', 'A-5'),
('APA', 'ATENCION PADRES', 'APA'),
('ATA', 'ATENCION ALUMNOS', 'ATA'),
('BIBL', 'BIBLIOTECA', 'B'),
('CJD', 'COM.JEF.DEP', 'CJD'),
('DIR', 'DIRECCION', 'DIR'),
('DIRC', 'DIRECCION COMPL.', 'DIC'),
('FCT', 'FORM. CENTROS TRABAJO', 'FCT'),
('FRAN', 'FRANCES NOCTURNO', 'FRN'),
('GU', 'GUARDIA', 'G'),
('GURE', 'GUARDIA RECREO', 'G.R'),
('J.AD', 'JEFATURA ADJUNTO', 'JA'),
('J.DP', 'JEFATURA DEPARTAMENTO', 'JD'),
('J.ES', 'JEFATURA ESTUDIOS', 'JE'),
('JADC', 'JEFATURA ADJUNTO COMPL', 'JAC'),
('JDC', 'J.DEPART.COMPLEMENTA.', 'CJD'),
('JESC', 'JEFATURA ESTUDIOS COMPL', 'JEC'),
('M60', 'MAYOR 60', 'M60'),
('MANT', 'MANTENIMIENTO', 'MAN'),
('ORI', 'ORIENTACION', 'ORI'),
('P.EM', 'PRACTICAS EMPRESAS', 'PEM'),
('PAO', 'P. ACTIVIDADES DE ORIENTACION', 'PAO'),
('PEN', 'PENDIENTES', 'PEN'),
('PIN', 'PENDIENTES INFORMATICA', 'PIN'),
('PRAC', 'PRACTICAS COMPL.', 'PRC'),
('R.D', 'REUNION DEPARTAMENTO', 'RD'),
('R.DO', 'REUNION DEPTO ORIENTACION', 'RDO'),
('RECR', 'RECREO', 'REC'),
('REF', 'REFUERZO', 'REF'),
('SEC', 'SECRETARIA', 'SE'),
('SECC', 'SECRETARIA COMPL.', 'SEC'),
('SIN', 'LIBERADO SINDICAL', 'SIN'),
('T.AD', 'T. ADMINISTRATIVO', 'TAD'),
('T.AL', 'T. ALUMNOS', 'TAL'),
('T.P', 'T. PADRE', 'TP'),
('TALU', 'TUTORIA ALUMNOS', 'TAL'),
('TPAD', 'TUTORIA PADRES', 'TPA'),
('TUTO', 'TUTORIA', 'TUT'),
('VICC', 'VICEDIRECCION COMPLEM', 'CVI'),
('VICE', 'VICEDIRECCION', 'VIC');

-- --------------------------------------------------------

--
-- Estructura de tabla para la tabla `cursos`
--

CREATE TABLE `cursos` (
  `idCurso` varchar(3) DEFAULT NULL,
  `nombreCurso` varchar(43) DEFAULT NULL
) ENGINE=InnoDB DEFAULT CHARSET=utf8;

--
-- Volcado de datos para la tabla `cursos`
--

INSERT INTO `cursos` (`idCurso`, `nombreCurso`) VALUES
('1CI', '1º BACH. CIENCIAS DE LA NATURAL. Y LA SALUD'),
('1CO', '1º CFGM COMERCIO'),
('1CS', '1º BACH. HUMANIDADES Y CIENCIAS SOCIALES'),
('1CX', '1º CFGS COMERCIO INTERNACIONAL'),
('1ES', '1º E.S.O.'),
('1HU', '1º BACH. HUMANIDADES Y CIENCIAS SOCIALES'),
('1LA', '1º CFGM LABORATORIO'),
('1SI', '1º CFGS ADMINISTRACION DE SISTEM. INFORMAT.'),
('2AG', '1º BACH. HUMANIDADES Y CIENCIAS SOCIALES'),
('2CI', '2º BACH. CIENCIAS DE LA NATURAL. Y LA SALUD'),
('2CO', '2º CFGM COMERCIO'),
('2CS', '2º BACH. CIENCIAS DE LA NATURAL. Y LA SALUD'),
('2CX', '2º CFGS COMERCIO INTERNACIONAL'),
('2ES', '2º E.S.O.'),
('2LA', '2º CFGM LABORATORIO'),
('2SI', '2º CFGS ADMINISTRACION DE SISTEM. INFORMAT.'),
('3ES', '3º E.S.O.'),
('3SA', '3º EDUC. SEC. PARA ADULTOS'),
('4ES', 'E.S.O.'),
('5AD', '3º F.P.II ADMINISTRATIVA'),
('8AD', 'CBS 2  F.P.II ADMINISTRATIVA'),
('SAO', 'PGS SERVICIOS AUX. DE OFICINAS');

-- --------------------------------------------------------

--
-- Estructura de tabla para la tabla `grupos`
--

CREATE TABLE `grupos` (
  `idCurso` varchar(3) DEFAULT NULL,
  `letraGrupo` varchar(1) DEFAULT NULL,
  `regimen` varchar(1) DEFAULT NULL,
  `tutor` varchar(4) DEFAULT NULL
) ENGINE=InnoDB DEFAULT CHARSET=utf8;

--
-- Volcado de datos para la tabla `grupos`
--

INSERT INTO `grupos` (`idCurso`, `letraGrupo`, `regimen`, `tutor`) VALUES
('1ES', 'A', 'D', ''),
('2ES', 'A', 'D', ''),
('3ES', 'A', 'D', 'GBE'),
('3ES', 'B', 'D', 'BFL'),
('3ES', 'C', 'D', 'RCI'),
('3ES', 'D', 'D', 'VMRO'),
('3ES', 'E', 'D', 'NCA'),
('3ES', 'F', 'D', 'GFA'),
('4ES', 'A', 'D', 'EME'),
('4ES', 'B', 'D', 'RMI'),
('4ES', 'C', 'D', 'VMR'),
('4ES', 'D', 'D', 'MMN'),
('4ES', 'E', 'D', 'JMG'),
('1CI', 'A', 'D', ''),
('1CI', 'B', 'D', ''),
('1HU', 'C', 'D', ''),
('1CS', 'D', 'D', ''),
('1CS', 'E', 'D', ''),
('2CI', 'A', 'D', ''),
('2CS', 'A', 'D', ''),
('2CS', 'B', 'D', ''),
('2AG', 'D', 'D', ''),
('2AG', 'E', 'D', ''),
('SAO', 'A', 'D', ''),
('SAO', 'B', 'D', ''),
('1CO', 'A', 'D', ''),
('1CO', 'B', 'D', ''),
('2CO', 'A', 'D', ''),
('1CX', 'A', 'D', 'PGJ'),
('2CX', 'A', 'D', 'MRJ'),
('5AD', 'A', 'D', 'MMC'),
('5AD', 'B', 'D', 'ALJ'),
('1SI', 'A', 'D', 'RTM'),
('1SI', 'B', 'D', 'RTM'),
('2SI', 'A', 'D', 'RTM'),
('1LA', 'A', 'D', ''),
('2LA', 'A', 'D', ''),
('1HU', 'F', 'N', ''),
('1CI', 'G', 'N', ''),
('2CI', 'G', 'N', ''),
('3SA', 'A', 'N', ''),
('8AD', 'C', 'N', 'RHA'),
('1CX', 'B', 'N', 'RHA'),
('1CX', 'C', 'N', 'RHA'),
('1SI', 'C', 'N', 'RTM'),
('1SI', 'D', 'N', 'RTM'),
('2SI', 'B', 'N', 'RTM'),
('1LA', 'B', 'N', ''),
('2LA', 'B', 'N', '');

-- --------------------------------------------------------

--
-- Estructura de tabla para la tabla `horario`
--

CREATE TABLE `horario` (
  `idLeccion` int(3) DEFAULT NULL,
  `dia` int(1) DEFAULT NULL,
  `hora` int(1) DEFAULT NULL,
  `aula` varchar(3) DEFAULT NULL
) ENGINE=InnoDB DEFAULT CHARSET=utf8;

--
-- Volcado de datos para la tabla `horario`
--

INSERT INTO `horario` (`idLeccion`, `dia`, `hora`, `aula`) VALUES
(120, 4, 5, 'LQ1'),
(120, 4, 6, 'LQ1'),
(120, 5, 1, 'LQ1'),
(27, 2, 3, '105'),
(27, 2, 4, '105'),
(27, 5, 3, '105'),
(27, 5, 4, '105'),
(417, 1, 1, '002'),
(323, 1, 4, '217'),
(323, 5, 3, '205'),
(323, 3, 2, '217'),
(120, 1, 3, 'LQ1'),
(120, 1, 4, 'LQ1'),
(120, 3, 1, 'LQ1'),
(120, 3, 2, 'LQ1'),
(120, 3, 3, 'LQ1'),
(198, 5, 2, '101'),
(198, 5, 3, '101'),
(338, 2, 4, '112'),
(123, 3, 4, 'LQ1'),
(123, 3, 5, 'LQ1'),
(116, 5, 2, 'LQ4'),
(116, 5, 3, 'LQ4'),
(116, 5, 4, 'LQ4'),
(116, 5, 5, 'LQ4'),
(116, 5, 6, 'LQ4'),
(119, 2, 1, 'LQ1'),
(119, 2, 2, 'LQ1'),
(3, 3, 6, '203'),
(362, 2, 3, '215'),
(362, 5, 2, '215'),
(362, 3, 4, '215'),
(284, 1, 4, '214'),
(284, 3, 2, '216'),
(284, 5, 3, '216'),
(408, 2, 3, '216'),
(408, 5, 2, '216'),
(200, 5, 2, 'S/A'),
(200, 5, 3, 'S/A'),
(200, 5, 4, 'S/A'),
(119, 2, 3, 'LQ1'),
(119, 4, 4, 'LQ1'),
(101, 1, 2, '213'),
(206, 1, 1, 'PD2'),
(210, 1, 1, '116'),
(202, 1, 2, '004'),
(212, 1, 3, '211'),
(208, 1, 4, '105'),
(203, 1, 5, '212'),
(211, 1, 6, '009'),
(206, 2, 1, 'PD2'),
(210, 2, 1, '116'),
(201, 2, 2, '115'),
(209, 2, 3, '004'),
(208, 2, 4, '105'),
(207, 2, 5, '009'),
(211, 2, 6, '009'),
(212, 3, 1, '211'),
(208, 3, 2, '105'),
(204, 3, 3, '203'),
(205, 3, 3, '213'),
(203, 3, 4, '106'),
(211, 3, 5, '009'),
(207, 3, 6, '213'),
(206, 4, 1, 'PD2'),
(210, 4, 1, '116'),
(201, 4, 2, '116'),
(202, 4, 3, '214'),
(207, 4, 4, '203'),
(212, 4, 5, '211'),
(209, 4, 6, '004'),
(211, 5, 1, '009'),
(207, 5, 2, '116'),
(203, 5, 3, '217'),
(201, 5, 4, '112'),
(208, 5, 5, '105'),
(209, 5, 6, '215'),
(163, 1, 1, '104'),
(155, 1, 2, '103'),
(160, 1, 3, '212'),
(164, 1, 4, '202'),
(159, 1, 5, 'PD1'),
(162, 1, 5, '102'),
(161, 1, 6, '216'),
(163, 2, 1, '104'),
(157, 2, 2, '215'),
(159, 2, 3, 'PD1'),
(162, 2, 3, '212'),
(165, 2, 4, '211'),
(166, 2, 4, '102'),
(164, 2, 5, '106'),
(160, 2, 6, '212'),
(161, 3, 1, '216'),
(164, 3, 2, '203'),
(155, 3, 3, '112'),
(160, 3, 4, '212'),
(157, 3, 5, '215'),
(156, 3, 6, '004'),
(163, 4, 1, '104'),
(159, 4, 2, 'PD1'),
(162, 4, 2, '218'),
(165, 4, 3, '211'),
(166, 4, 3, '115'),
(164, 4, 4, '111'),
(160, 4, 5, '212'),
(155, 4, 6, '112'),
(158, 5, 1, '103'),
(161, 5, 2, '214'),
(163, 5, 3, '104'),
(165, 5, 4, '211'),
(166, 5, 4, 'SPF'),
(157, 5, 5, '111'),
(156, 5, 6, '004'),
(453, 1, 1, '113'),
(453, 1, 2, '113'),
(451, 1, 3, '113'),
(451, 1, 4, '113'),
(451, 1, 5, '113'),
(451, 1, 6, '113'),
(453, 2, 1, '113'),
(450, 2, 2, '113'),
(450, 2, 3, '113'),
(452, 2, 4, '113'),
(451, 2, 5, '113'),
(451, 2, 6, '113'),
(451, 3, 2, '113'),
(451, 3, 3, '113'),
(451, 3, 4, '113'),
(453, 3, 5, '113'),
(453, 3, 6, '113'),
(450, 4, 1, '113'),
(451, 4, 2, '113'),
(451, 4, 3, '113'),
(453, 4, 4, '113'),
(453, 4, 5, '113'),
(453, 4, 6, '113'),
(452, 5, 1, '113'),
(451, 5, 2, '113'),
(451, 5, 3, '113'),
(451, 5, 4, '113'),
(451, 5, 5, '113'),
(90, 1, 1, '111'),
(83, 1, 2, '111'),
(84, 1, 3, '111'),
(92, 1, 4, 'GIM'),
(94, 1, 5, '213'),
(95, 1, 5, 'SPF'),
(96, 1, 5, '111'),
(93, 1, 6, '111'),
(95, 2, 1, '111'),
(85, 2, 3, '111'),
(83, 2, 2, '111'),
(86, 2, 3, '111'),
(91, 2, 4, '111'),
(92, 2, 5, 'GIM'),
(87, 2, 6, '111'),
(90, 3, 1, '111'),
(85, 3, 2, '111'),
(86, 3, 2, '111'),
(88, 3, 3, '111'),
(89, 3, 3, 'GIM'),
(87, 3, 4, '111'),
(91, 3, 5, '111'),
(95, 4, 1, 'SPF'),
(96, 4, 1, '111'),
(85, 4, 2, '108'),
(86, 4, 2, '111'),
(83, 4, 3, '111'),
(84, 4, 4, '214'),
(87, 4, 5, '111'),
(90, 4, 6, '111'),
(88, 5, 1, '111'),
(89, 5, 1, 'GIM'),
(95, 5, 2, '111'),
(93, 5, 3, '110'),
(93, 5, 4, '110'),
(84, 5, 5, '215'),
(91, 5, 6, '111'),
(232, 1, 1, '106'),
(240, 1, 2, '009'),
(243, 1, 3, '213'),
(244, 1, 3, 'SPF'),
(245, 1, 3, '106'),
(239, 1, 4, '106'),
(236, 1, 5, '106'),
(241, 1, 6, 'GIM'),
(240, 2, 1, '106'),
(237, 2, 2, '106'),
(238, 2, 2, 'PD2'),
(234, 2, 5, '108'),
(235, 2, 5, '108'),
(242, 2, 6, '106'),
(236, 3, 1, '106'),
(232, 2, 3, '106'),
(242, 3, 2, '110'),
(242, 3, 3, '110'),
(243, 3, 4, 'SPF'),
(244, 3, 4, '009'),
(245, 3, 4, '218'),
(239, 3, 5, '106'),
(233, 3, 6, '106'),
(236, 4, 1, '106'),
(233, 4, 2, '106'),
(234, 4, 3, '106'),
(235, 4, 3, '002'),
(232, 4, 4, '106'),
(239, 4, 5, '106'),
(241, 5, 2, 'GIM'),
(240, 5, 3, '105'),
(232, 5, 4, '106'),
(233, 5, 5, '106'),
(279, 1, 1, 'GIM'),
(270, 1, 2, '214'),
(277, 1, 3, '103'),
(276, 1, 4, '103'),
(269, 1, 5, '103'),
(280, 1, 6, '209'),
(274, 2, 1, '102'),
(275, 2, 1, '218'),
(273, 2, 2, '103'),
(271, 2, 3, '108'),
(272, 2, 3, '002'),
(276, 2, 4, '103'),
(281, 2, 5, '110'),
(281, 2, 6, '110'),
(278, 3, 1, '105'),
(270, 3, 2, '215'),
(271, 3, 4, '108'),
(272, 3, 4, '002'),
(269, 3, 5, '103'),
(280, 3, 6, '209'),
(273, 4, 1, '103'),
(276, 4, 2, '103'),
(281, 4, 3, '103'),
(279, 4, 4, 'GIM'),
(274, 4, 5, '201'),
(275, 4, 5, '218'),
(269, 4, 6, '103'),
(270, 5, 1, '215'),
(277, 5, 2, '103'),
(271, 5, 3, '108'),
(272, 5, 3, '002'),
(269, 5, 4, '103'),
(273, 5, 5, '103'),
(278, 5, 6, '105'),
(264, 1, 1, '102'),
(265, 1, 2, '105'),
(263, 1, 3, '102'),
(256, 1, 4, '102'),
(267, 1, 5, '110'),
(267, 1, 6, '110'),
(265, 2, 1, '105'),
(263, 2, 2, '116'),
(258, 2, 3, '108'),
(259, 2, 3, '002'),
(266, 2, 4, 'GIM'),
(261, 2, 5, '111'),
(262, 2, 5, '218'),
(260, 2, 6, '116'),
(257, 3, 1, '214'),
(268, 3, 2, '214'),
(263, 3, 3, '205'),
(258, 3, 4, '108'),
(259, 3, 4, '002'),
(256, 3, 5, '102'),
(267, 4, 1, '110'),
(256, 4, 2, '217'),
(257, 4, 3, '217'),
(261, 4, 4, '117'),
(262, 4, 4, '218'),
(268, 4, 5, '214'),
(260, 4, 6, '102'),
(264, 5, 1, '102'),
(266, 5, 2, 'GIM'),
(258, 5, 3, '108'),
(259, 5, 3, '002'),
(257, 5, 4, '214'),
(256, 5, 5, '102'),
(260, 5, 6, '102'),
(294, 1, 1, '209'),
(290, 1, 2, '102'),
(291, 1, 3, '105'),
(283, 1, 4, '213'),
(285, 1, 5, '108'),
(286, 1, 5, '002'),
(282, 1, 6, '103'),
(295, 2, 1, '110'),
(295, 2, 2, '110'),
(394, 2, 3, '117'),
(287, 2, 3, '103'),
(288, 2, 4, '201'),
(289, 2, 4, '218'),
(292, 2, 5, '103'),
(293, 2, 6, 'PD2'),
(291, 3, 1, '103'),
(283, 3, 2, '201'),
(290, 3, 3, '103'),
(285, 3, 5, '108'),
(394, 5, 2, '115'),
(286, 3, 5, '002'),
(282, 3, 6, '103'),
(292, 4, 1, '114'),
(287, 4, 2, '114'),
(288, 4, 3, '116'),
(289, 4, 3, '218'),
(290, 4, 4, '103'),
(282, 4, 5, '103'),
(295, 4, 6, '110'),
(293, 5, 1, 'PD1'),
(285, 5, 2, '108'),
(286, 5, 2, '002'),
(283, 5, 3, '213'),
(287, 5, 4, '114'),
(294, 5, 5, '209'),
(282, 5, 6, '103'),
(303, 1, 1, '103'),
(305, 1, 2, 'PD1'),
(302, 1, 3, '114'),
(307, 1, 4, '112'),
(308, 1, 4, '216'),
(394, 3, 4, '114'),
(298, 1, 5, '108'),
(299, 1, 5, '002'),
(296, 1, 6, '102'),
(302, 2, 1, '117'),
(304, 2, 2, '114'),
(306, 2, 3, '110'),
(306, 2, 4, '110'),
(297, 2, 5, '215'),
(297, 3, 1, '215'),
(302, 3, 2, '114'),
(307, 3, 3, '216'),
(308, 3, 3, '104'),
(300, 3, 4, '102'),
(298, 3, 5, '108'),
(299, 3, 5, '002'),
(296, 3, 6, '114'),
(303, 4, 1, '009'),
(301, 4, 2, '115'),
(305, 4, 3, 'PD1'),
(300, 4, 4, '114'),
(296, 4, 5, '114'),
(304, 4, 6, '114'),
(306, 5, 1, '110'),
(298, 5, 2, '108'),
(299, 5, 2, '002'),
(301, 5, 3, '103'),
(297, 5, 4, '215'),
(300, 5, 5, '115'),
(296, 5, 6, '115'),
(310, 1, 1, '204'),
(311, 1, 2, '108'),
(312, 1, 2, '002'),
(313, 1, 3, '117'),
(318, 1, 4, 'PD1'),
(309, 1, 5, '114'),
(317, 1, 6, '214'),
(317, 2, 1, '114'),
(320, 2, 2, '117'),
(313, 2, 3, '114'),
(315, 2, 4, '114'),
(309, 2, 5, '114'),
(173, 2, 5, 'PD1'),
(314, 3, 1, '117'),
(316, 3, 2, '117'),
(311, 3, 3, '108'),
(312, 3, 3, '002'),
(310, 3, 4, '214'),
(319, 3, 5, '110'),
(319, 3, 6, '110'),
(315, 4, 1, '117'),
(319, 4, 2, '202'),
(320, 4, 3, '113'),
(316, 4, 4, '102'),
(311, 4, 5, '108'),
(312, 4, 5, '002'),
(309, 4, 6, '215'),
(318, 5, 1, 'PD1'),
(314, 5, 2, '102'),
(315, 5, 3, '117'),
(313, 5, 4, '204'),
(310, 5, 5, '214'),
(309, 5, 6, '114'),
(327, 1, 1, '117'),
(324, 1, 2, '108'),
(325, 1, 2, '002'),
(333, 1, 3, 'PD1'),
(322, 1, 4, '213'),
(331, 1, 5, '117'),
(321, 1, 6, '117'),
(330, 2, 1, '117'),
(335, 2, 2, '217'),
(336, 2, 2, '213'),
(337, 2, 2, '117'),
(328, 2, 3, 'SPF'),
(329, 2, 3, '001'),
(321, 2, 4, '117'),
(330, 2, 5, '212'),
(333, 2, 6, 'PD2'),
(326, 3, 1, '009'),
(322, 3, 2, '201'),
(324, 3, 3, '108'),
(325, 3, 3, '002'),
(331, 3, 4, '117'),
(327, 3, 5, '117'),
(321, 3, 6, '117'),
(334, 4, 1, '102'),
(330, 4, 2, '117'),
(335, 4, 3, 'SPF'),
(336, 4, 3, '213'),
(337, 4, 3, '117'),
(321, 4, 4, '116'),
(324, 4, 5, '108'),
(325, 4, 5, '002'),
(332, 5, 1, '117'),
(330, 5, 2, '117'),
(322, 5, 3, '213'),
(328, 5, 4, '111'),
(329, 5, 4, '218'),
(334, 5, 5, '110'),
(334, 5, 6, '110'),
(347, 1, 1, '216'),
(353, 1, 2, '211'),
(354, 1, 3, '001'),
(352, 1, 4, 'PD2'),
(356, 1, 5, '009'),
(348, 1, 6, '114'),
(347, 2, 1, '214'),
(351, 2, 2, '104'),
(357, 2, 3, '003'),
(355, 2, 3, '213'),
(357, 2, 4, '003'),
(355, 2, 4, '213'),
(346, 2, 5, '115'),
(348, 2, 6, '115'),
(352, 3, 1, 'PD2'),
(351, 3, 2, '103'),
(345, 3, 3, '214'),
(347, 3, 4, '217'),
(353, 3, 5, '211'),
(356, 3, 6, '009'),
(349, 4, 1, '115'),
(350, 4, 1, '218'),
(356, 4, 2, '105'),
(357, 4, 3, '003'),
(355, 4, 3, '204'),
(345, 4, 4, '112'),
(354, 4, 5, '116'),
(348, 4, 6, '116'),
(351, 5, 1, '115'),
(345, 5, 2, '114'),
(353, 5, 3, '211'),
(354, 5, 4, '116'),
(346, 5, 5, '116'),
(371, 1, 1, '110'),
(373, 1, 1, '115'),
(369, 1, 2, '001'),
(358, 1, 3, '115'),
(370, 1, 4, '117'),
(374, 1, 4, '001'),
(368, 1, 5, '211'),
(370, 1, 5, '115'),
(372, 1, 5, '201'),
(366, 1, 6, '104'),
(367, 2, 1, 'PD2'),
(359, 2, 3, '201'),
(363, 2, 4, '116'),
(358, 2, 5, '116'),
(366, 2, 6, '104'),
(366, 3, 1, '116'),
(367, 3, 2, 'PD2'),
(368, 3, 3, '211'),
(370, 3, 3, '114'),
(372, 3, 3, 'SPF'),
(359, 3, 4, '213'),
(361, 3, 4, '215'),
(364, 3, 5, '115'),
(365, 3, 5, '116'),
(363, 3, 6, '115'),
(360, 4, 1, '202'),
(371, 4, 2, '110'),
(373, 4, 2, '009'),
(371, 4, 3, '110'),
(373, 4, 3, '009'),
(368, 4, 4, '211'),
(370, 4, 4, '115'),
(372, 4, 4, '201'),
(358, 4, 5, '102'),
(369, 4, 6, '001'),
(360, 5, 1, '114'),
(359, 5, 2, '201'),
(370, 5, 3, '115'),
(374, 5, 3, '001'),
(370, 5, 4, '115'),
(374, 5, 4, '001'),
(369, 5, 5, '117'),
(363, 5, 6, '117'),
(377, 1, 1, '214'),
(384, 1, 2, 'GIM'),
(378, 1, 3, '108'),
(389, 1, 4, '002'),
(386, 1, 5, '211'),
(387, 1, 5, '115'),
(388, 1, 5, '201'),
(380, 1, 6, '116'),
(385, 2, 1, '211'),
(375, 2, 2, '112'),
(389, 2, 4, '002'),
(383, 2, 5, '104'),
(378, 2, 6, '108'),
(379, 3, 1, '002'),
(381, 3, 2, 'SPF'),
(382, 3, 2, '218'),
(386, 3, 3, '211'),
(387, 3, 3, '114'),
(388, 3, 3, 'SPF'),
(375, 3, 4, '116'),
(383, 3, 5, '104'),
(380, 3, 6, '116'),
(384, 4, 1, 'GIM'),
(377, 4, 2, '214'),
(378, 4, 3, '108'),
(386, 4, 4, '211'),
(387, 4, 4, '115'),
(388, 4, 4, '201'),
(380, 4, 6, '202'),
(383, 5, 2, '106'),
(377, 5, 3, '214'),
(375, 5, 4, '102'),
(385, 5, 5, '211'),
(385, 5, 6, '211'),
(398, 1, 1, '213'),
(399, 1, 1, '218'),
(405, 1, 1, 'DIV'),
(391, 1, 2, '114'),
(405, 1, 2, 'DIV'),
(403, 1, 3, '202'),
(395, 1, 4, '108'),
(402, 1, 5, '112'),
(402, 1, 6, '112'),
(393, 2, 1, '213'),
(396, 2, 2, '002'),
(392, 2, 3, '201'),
(405, 2, 3, 'DIV'),
(400, 2, 4, '115'),
(405, 2, 4, 'DIV'),
(404, 2, 5, 'DIV'),
(391, 2, 6, '112'),
(404, 2, 6, 'DIV'),
(395, 3, 1, '108'),
(401, 3, 2, 'GIM'),
(392, 3, 4, '201'),
(405, 3, 4, 'DIV'),
(403, 3, 5, '203'),
(396, 3, 6, '002'),
(393, 4, 1, '213'),
(401, 4, 2, 'GIM'),
(397, 4, 3, '215'),
(404, 4, 3, 'DIV'),
(400, 4, 4, '104'),
(404, 4, 4, 'DIV'),
(403, 4, 5, '202'),
(396, 4, 6, '002'),
(395, 5, 1, '108'),
(392, 5, 2, '201'),
(404, 5, 2, 'DIV'),
(400, 5, 3, '114'),
(404, 5, 3, 'DIV'),
(397, 5, 4, '203'),
(405, 5, 4, 'DIV'),
(391, 5, 5, '203'),
(402, 5, 6, '112'),
(410, 1, 2, '115'),
(411, 1, 2, '218'),
(412, 1, 3, '203'),
(409, 1, 4, '116'),
(418, 1, 5, '105'),
(414, 1, 6, '211'),
(406, 2, 4, '203'),
(415, 2, 5, '202'),
(416, 2, 5, '201'),
(412, 2, 6, '203'),
(413, 3, 1, 'GIM'),
(409, 3, 2, '116'),
(418, 3, 3, '009'),
(406, 3, 5, '114'),
(414, 3, 6, '211'),
(418, 4, 1, '203'),
(415, 4, 2, '213'),
(416, 4, 2, 'SPF'),
(412, 4, 5, '203'),
(406, 4, 6, '203'),
(414, 5, 1, '211'),
(413, 5, 4, 'GIM'),
(415, 5, 5, '201'),
(416, 5, 5, '202'),
(409, 5, 6, '203'),
(10, 1, 1, '105'),
(4, 1, 2, '104'),
(8, 1, 3, '009'),
(7, 1, 4, '209'),
(6, 1, 5, '202'),
(1, 1, 6, '202'),
(8, 2, 1, '001'),
(10, 2, 2, '105'),
(2, 2, 3, '214'),
(6, 2, 4, '202'),
(5, 2, 5, 'PD2'),
(1, 2, 6, '202'),
(6, 3, 1, '202'),
(9, 3, 2, '004'),
(8, 3, 3, '001'),
(4, 3, 4, '104'),
(10, 3, 5, '105'),
(2, 4, 1, '214'),
(4, 4, 2, '104'),
(6, 4, 3, '203'),
(5, 4, 4, 'PD2'),
(10, 4, 5, '105'),
(7, 4, 6, '209'),
(9, 5, 1, '112'),
(1, 5, 2, '112'),
(8, 5, 3, '215'),
(7, 5, 4, '209'),
(2, 5, 5, '004'),
(4, 5, 6, '104'),
(17, 1, 1, '203'),
(13, 1, 2, '117'),
(14, 1, 2, 'SPF'),
(12, 1, 3, '217'),
(18, 1, 4, '211'),
(20, 1, 4, '115'),
(11, 1, 5, '203'),
(16, 1, 6, 'PD2'),
(17, 2, 1, '203'),
(19, 2, 2, '001'),
(22, 2, 3, '105'),
(15, 2, 4, '104'),
(12, 2, 5, '004'),
(21, 2, 6, '215'),
(15, 3, 1, '203'),
(18, 3, 2, '211'),
(20, 3, 2, '003'),
(16, 3, 3, 'PD2'),
(22, 3, 4, '105'),
(19, 3, 5, '001'),
(11, 3, 6, '112'),
(19, 4, 1, '001'),
(17, 4, 2, '203'),
(15, 4, 3, '104'),
(12, 4, 4, '216'),
(21, 4, 5, '004'),
(22, 4, 6, '105'),
(19, 5, 1, '001'),
(18, 5, 2, '211'),
(20, 5, 2, '009'),
(17, 5, 3, '203'),
(22, 5, 4, '105'),
(15, 5, 5, '104'),
(11, 5, 6, '202'),
(107, 1, 1, '004'),
(99, 1, 2, '117'),
(100, 1, 2, 'SPF'),
(104, 1, 3, '204'),
(103, 1, 4, '204'),
(108, 1, 5, '204'),
(102, 2, 1, 'GIM'),
(103, 2, 2, '204'),
(106, 2, 3, '209'),
(109, 2, 3, '112'),
(98, 2, 4, '214'),
(108, 2, 6, '002'),
(98, 3, 1, '004'),
(103, 3, 2, '204'),
(104, 3, 3, '204'),
(106, 3, 4, '209'),
(109, 3, 4, '112'),
(97, 3, 6, '204'),
(98, 4, 1, '216'),
(108, 4, 2, '212'),
(102, 4, 3, 'GIM'),
(104, 4, 4, '204'),
(106, 4, 5, '209'),
(109, 4, 5, '112'),
(97, 4, 6, '204'),
(108, 5, 1, '204'),
(104, 5, 2, '204'),
(97, 5, 3, '204'),
(105, 5, 4, '205'),
(107, 5, 5, '216'),
(103, 5, 6, '204'),
(47, 1, 1, '202'),
(51, 1, 2, '216'),
(49, 1, 3, '205'),
(54, 1, 4, '205'),
(53, 1, 5, '205'),
(52, 1, 6, '205'),
(50, 2, 1, '209'),
(48, 2, 2, 'PD1'),
(54, 2, 3, '104'),
(45, 2, 4, '205'),
(52, 2, 5, '205'),
(52, 2, 6, '205'),
(50, 3, 1, '209'),
(54, 3, 2, '104'),
(46, 3, 3, '215'),
(45, 3, 4, '205'),
(53, 3, 5, '205'),
(49, 3, 6, '205'),
(46, 4, 1, '004'),
(45, 4, 2, '112'),
(49, 4, 3, '205'),
(53, 4, 4, '205'),
(52, 4, 5, '205'),
(54, 4, 6, '104'),
(46, 5, 1, '004'),
(49, 5, 2, '205'),
(48, 5, 3, 'PD1'),
(51, 5, 4, '216'),
(53, 5, 5, '204'),
(50, 5, 6, '209'),
(64, 1, 1, '212'),
(60, 1, 2, '204'),
(56, 1, 3, '216'),
(57, 1, 4, 'SPF'),
(58, 1, 4, 'DIV'),
(65, 1, 5, '104'),
(62, 1, 6, '004'),
(64, 2, 1, '212'),
(59, 2, 2, 'PD2'),
(63, 2, 3, '203'),
(61, 2, 4, '209'),
(66, 2, 4, '112'),
(56, 2, 5, '214'),
(60, 2, 6, '204'),
(55, 3, 1, '112'),
(63, 3, 2, '102'),
(63, 3, 3, '102'),
(59, 3, 4, 'PD2'),
(61, 3, 5, '209'),
(66, 3, 5, '112'),
(65, 3, 6, '104'),
(64, 4, 1, '212'),
(60, 4, 2, '205'),
(55, 4, 3, '112'),
(56, 4, 4, '215'),
(65, 4, 5, '104'),
(63, 4, 6, '214'),
(60, 5, 1, '203'),
(62, 5, 2, '105'),
(61, 5, 3, '209'),
(66, 5, 3, '112'),
(64, 5, 4, '212'),
(55, 5, 5, '112'),
(65, 5, 6, '001'),
(188, 1, 1, 'PD2'),
(192, 1, 1, '116'),
(183, 1, 2, '004'),
(193, 1, 3, '211'),
(187, 1, 4, '104'),
(184, 1, 5, '212'),
(190, 1, 6, '002'),
(188, 2, 1, 'PD2'),
(192, 2, 1, '116'),
(182, 2, 2, '115'),
(191, 2, 3, '004'),
(190, 2, 4, '204'),
(189, 2, 5, '001'),
(187, 2, 6, '105'),
(193, 3, 1, '211'),
(187, 3, 2, '205'),
(185, 3, 3, '203'),
(186, 3, 3, '213'),
(184, 3, 4, '106'),
(190, 3, 5, '214'),
(189, 3, 6, '001'),
(188, 4, 1, 'PD2'),
(192, 4, 1, '116'),
(182, 4, 2, '116'),
(183, 4, 3, '214'),
(189, 4, 4, '001'),
(193, 4, 5, '211'),
(191, 4, 6, '004'),
(187, 5, 1, '104'),
(189, 5, 2, '001'),
(184, 5, 3, '217'),
(182, 5, 4, '112'),
(190, 5, 5, '002'),
(191, 5, 6, '215'),
(224, 1, 1, '009'),
(215, 1, 2, '212'),
(213, 1, 3, '112'),
(221, 1, 4, '009'),
(217, 1, 5, 'PD1'),
(222, 1, 5, '116'),
(220, 1, 6, '001'),
(224, 2, 1, '009'),
(215, 2, 2, '212'),
(223, 2, 3, '205'),
(221, 2, 4, '009'),
(213, 2, 5, '112'),
(220, 2, 6, '001'),
(224, 3, 1, '102'),
(221, 3, 2, '009'),
(216, 3, 3, '203'),
(218, 3, 3, 'DIV'),
(220, 3, 4, '001'),
(219, 3, 5, 'PD1'),
(222, 3, 5, '217'),
(225, 3, 6, '105'),
(224, 4, 1, '105'),
(214, 4, 2, '004'),
(219, 4, 3, 'PD1'),
(222, 4, 3, '105'),
(225, 4, 4, '105'),
(215, 4, 5, '216'),
(223, 4, 6, '216'),
(225, 5, 1, '105'),
(214, 5, 2, '004'),
(220, 5, 3, '111'),
(213, 5, 4, '217'),
(221, 5, 5, '009'),
(223, 5, 6, '216'),
(167, 1, 1, '112'),
(168, 1, 2, '201'),
(169, 1, 2, '205'),
(179, 1, 3, '116'),
(170, 1, 4, '212'),
(178, 1, 5, '216'),
(174, 1, 6, '212'),
(167, 2, 1, '112'),
(175, 2, 2, '201'),
(176, 2, 2, '004'),
(180, 2, 3, '211'),
(181, 2, 3, '115'),
(174, 2, 4, '212'),
(179, 2, 6, '216'),
(178, 3, 1, '104'),
(171, 3, 2, 'DIV'),
(172, 3, 2, '112'),
(179, 3, 3, '202'),
(180, 3, 4, '211'),
(181, 3, 4, '115'),
(175, 3, 5, 'SPF'),
(176, 3, 5, '212'),
(174, 3, 6, '212'),
(167, 4, 1, '112'),
(180, 4, 2, '211'),
(181, 4, 2, 'DIV'),
(168, 4, 3, '201'),
(169, 4, 3, '004'),
(173, 4, 4, 'PD1'),
(177, 4, 4, '213'),
(178, 4, 5, '215'),
(170, 4, 6, '212'),
(178, 5, 1, '214'),
(179, 5, 2, '203'),
(173, 5, 3, 'PD1'),
(177, 5, 3, '218'),
(175, 5, 4, '002'),
(176, 5, 4, '213'),
(174, 5, 5, '212'),
(170, 5, 6, '212'),
(28, 1, 1, '201'),
(29, 1, 1, '217'),
(33, 1, 2, '202'),
(30, 1, 3, '007'),
(31, 1, 4, '007'),
(31, 1, 5, '007'),
(34, 1, 6, '007'),
(28, 2, 1, '201'),
(29, 2, 1, '004'),
(36, 2, 2, '007'),
(36, 2, 3, '007'),
(31, 2, 4, '005'),
(32, 2, 5, '217'),
(32, 2, 6, '217'),
(28, 3, 1, '201'),
(29, 3, 1, '217'),
(30, 3, 2, '202'),
(32, 3, 3, '217'),
(33, 3, 4, '204'),
(34, 3, 5, '007'),
(34, 3, 6, '007'),
(33, 4, 1, '007'),
(36, 4, 2, '007'),
(36, 4, 3, '007'),
(31, 4, 4, '007'),
(34, 4, 5, '117'),
(34, 4, 6, '117'),
(35, 5, 1, '217'),
(32, 5, 2, '217'),
(33, 5, 3, '202'),
(33, 5, 4, '202'),
(34, 5, 5, '217'),
(34, 5, 6, '217'),
(73, 1, 1, '007'),
(71, 1, 2, '007'),
(67, 1, 3, '201'),
(68, 1, 3, '004'),
(67, 1, 4, '201'),
(68, 1, 4, '004'),
(69, 1, 5, '005'),
(69, 1, 6, '005'),
(73, 2, 1, '202'),
(73, 2, 2, '202'),
(69, 2, 3, '005'),
(72, 2, 4, '007'),
(72, 2, 5, '007'),
(71, 2, 6, '007'),
(69, 3, 1, '005'),
(69, 3, 2, '005'),
(67, 3, 3, '201'),
(68, 3, 3, '004'),
(67, 3, 4, '201'),
(68, 3, 4, '004'),
(73, 3, 5, '005'),
(71, 3, 6, '202'),
(69, 4, 1, '005'),
(69, 4, 2, '005'),
(73, 4, 3, '202'),
(73, 4, 4, '202'),
(71, 4, 5, '007'),
(71, 4, 6, '007'),
(72, 5, 1, '007'),
(72, 5, 2, '007'),
(67, 5, 3, '201'),
(68, 5, 3, '004'),
(67, 5, 4, '201'),
(68, 5, 4, '004'),
(70, 5, 5, '114'),
(69, 5, 6, '205'),
(229, 1, 1, '005'),
(226, 1, 2, '005'),
(227, 1, 3, '005'),
(227, 1, 4, '005'),
(230, 1, 5, '217'),
(230, 1, 6, '217'),
(231, 2, 1, '005'),
(231, 2, 2, '005'),
(230, 2, 3, '217'),
(230, 2, 4, '217'),
(228, 2, 5, '005'),
(228, 2, 6, '005'),
(228, 3, 1, '115'),
(228, 3, 2, '115'),
(228, 3, 3, '115'),
(230, 3, 4, '204'),
(226, 3, 5, '202'),
(229, 3, 6, '202'),
(230, 4, 1, '215'),
(230, 4, 2, '215'),
(231, 4, 3, '005'),
(226, 4, 4, '005'),
(227, 4, 5, '005'),
(227, 4, 6, '005'),
(227, 5, 1, '005'),
(227, 5, 2, '005'),
(230, 5, 3, '106'),
(231, 5, 4, '005'),
(231, 5, 5, '005'),
(229, 5, 6, '205'),
(136, 1, 1, '206'),
(136, 1, 2, '210'),
(134, 1, 3, '206'),
(134, 1, 4, '206'),
(132, 1, 5, '208'),
(130, 1, 6, '203'),
(131, 2, 1, '115'),
(135, 2, 2, '208'),
(135, 2, 3, '208'),
(135, 2, 4, '208'),
(134, 2, 5, '206'),
(134, 2, 6, '206'),
(130, 3, 1, '204'),
(135, 3, 2, '208'),
(134, 3, 3, '208'),
(134, 3, 4, '206'),
(136, 3, 5, '207'),
(136, 3, 6, '207'),
(135, 4, 1, '209'),
(134, 4, 2, '206'),
(134, 4, 3, '206'),
(136, 4, 4, '210'),
(136, 4, 5, '208'),
(131, 4, 6, '205'),
(135, 5, 1, '208'),
(135, 5, 2, '208'),
(135, 5, 3, '208'),
(135, 5, 4, '208'),
(136, 5, 5, '207'),
(136, 5, 6, '207'),
(143, 1, 1, '208'),
(143, 1, 2, '208'),
(143, 1, 3, '208'),
(138, 1, 4, '114'),
(142, 1, 5, '206'),
(142, 1, 6, '206'),
(143, 2, 1, '208'),
(145, 2, 2, '206'),
(145, 2, 3, '206'),
(145, 2, 4, '206'),
(139, 2, 5, '102'),
(139, 2, 6, '102'),
(143, 3, 1, '208'),
(142, 3, 2, '210'),
(142, 3, 3, '210'),
(145, 3, 4, '208'),
(145, 3, 5, '208'),
(138, 3, 6, '215'),
(145, 4, 1, '206'),
(140, 4, 2, '208'),
(143, 4, 3, '208'),
(143, 4, 4, '208'),
(142, 4, 5, '210'),
(142, 4, 6, '210'),
(145, 5, 1, '206'),
(145, 5, 2, '206'),
(142, 5, 3, '210'),
(142, 5, 4, '210'),
(143, 5, 5, '208'),
(143, 5, 6, '208'),
(252, 1, 1, '107'),
(252, 1, 2, '107'),
(250, 1, 3, '107'),
(250, 1, 4, '107'),
(250, 1, 5, '107'),
(251, 1, 6, '107'),
(252, 2, 1, '107'),
(252, 2, 2, '107'),
(252, 2, 3, '107'),
(251, 2, 4, '107'),
(250, 2, 5, '107'),
(250, 2, 6, '107'),
(252, 3, 1, '107'),
(251, 3, 2, '107'),
(251, 3, 3, '107'),
(251, 3, 4, '107'),
(250, 3, 5, '107'),
(250, 3, 6, '107'),
(252, 4, 1, '107'),
(252, 4, 2, '107'),
(250, 4, 3, '107'),
(250, 4, 4, '107'),
(251, 4, 5, '107'),
(251, 4, 6, '107'),
(252, 5, 1, '107'),
(252, 5, 2, '107'),
(251, 5, 3, '107'),
(251, 5, 4, '107'),
(250, 5, 5, '107'),
(250, 5, 6, '107'),
(124, 1, 1, 'LQ1'),
(124, 1, 2, 'LQ1'),
(121, 1, 3, 'LQ1'),
(121, 1, 4, 'LQ1'),
(122, 1, 5, 'LQ4'),
(122, 1, 6, 'LQ4'),
(118, 2, 1, 'LQ1'),
(118, 2, 2, 'LQ1'),
(118, 2, 3, 'LQ1'),
(120, 2, 4, 'LQ1'),
(120, 2, 5, 'LQ1'),
(120, 2, 6, 'LQ1'),
(121, 3, 1, 'LQ1'),
(121, 3, 2, 'LQ1'),
(121, 3, 3, 'LQ1'),
(122, 3, 4, 'LQ4'),
(122, 3, 5, 'LQ4'),
(124, 3, 6, 'LQ1'),
(125, 4, 1, 'LQ1'),
(115, 4, 2, '216'),
(115, 4, 3, '216'),
(118, 4, 4, 'LQ1'),
(121, 4, 5, 'LQ1'),
(121, 4, 6, 'LQ1'),
(121, 5, 1, 'LQ1'),
(117, 5, 2, 'LQ2'),
(117, 5, 3, 'LQ2'),
(117, 5, 4, 'LQ2'),
(117, 5, 5, 'LQ2'),
(117, 5, 6, 'LQ2'),
(246, 2, 4, 'LQ4'),
(246, 2, 5, 'LQ4'),
(246, 2, 6, 'LQ4'),
(448, 1, 1, '101'),
(447, 1, 2, '101'),
(447, 1, 3, '101'),
(449, 1, 5, '101'),
(449, 1, 6, '101'),
(446, 2, 1, '101'),
(449, 2, 2, '101'),
(447, 2, 3, '101'),
(447, 2, 4, '101'),
(447, 2, 5, '101'),
(447, 2, 6, '101'),
(447, 3, 1, '101'),
(447, 3, 2, '101'),
(449, 3, 3, '101'),
(449, 3, 4, '101'),
(446, 3, 5, '101'),
(446, 3, 6, '101'),
(449, 4, 1, '101'),
(448, 4, 3, '101'),
(447, 4, 4, '101'),
(447, 4, 5, '101'),
(447, 4, 6, '101'),
(447, 5, 1, '101'),
(447, 5, 2, '101'),
(447, 5, 3, '101'),
(447, 5, 4, '101'),
(449, 5, 5, '101'),
(449, 5, 6, '101'),
(424, 1, 1, '116'),
(420, 1, 2, '104'),
(419, 1, 3, '004'),
(423, 1, 4, '102'),
(427, 1, 5, '103'),
(425, 1, 6, '116'),
(427, 2, 2, '103'),
(428, 2, 3, '114'),
(428, 2, 4, '114'),
(419, 2, 5, '004'),
(421, 2, 6, '105'),
(426, 3, 1, '117'),
(428, 3, 2, '114'),
(428, 3, 3, '114'),
(422, 3, 4, 'GIM'),
(423, 3, 5, '102'),
(427, 3, 6, '103'),
(420, 4, 1, '104'),
(428, 4, 2, '114'),
(428, 4, 3, '114'),
(424, 4, 4, '116'),
(423, 4, 5, '102'),
(423, 4, 6, '102'),
(421, 5, 1, '105'),
(421, 5, 2, '105'),
(424, 5, 3, '116'),
(425, 5, 4, '116'),
(426, 5, 5, '117'),
(433, 1, 2, '116'),
(429, 1, 3, '104'),
(437, 1, 4, '114'),
(437, 1, 5, '114'),
(436, 1, 6, '103'),
(430, 2, 1, '105'),
(430, 2, 2, '105'),
(432, 2, 3, '102'),
(432, 2, 4, '102'),
(436, 3, 1, '103'),
(435, 3, 2, '117'),
(431, 3, 3, 'GIM'),
(437, 3, 4, '114'),
(437, 3, 5, '114'),
(432, 3, 6, '102'),
(434, 4, 1, '116'),
(433, 4, 2, '116'),
(429, 4, 3, '104'),
(432, 4, 4, '102'),
(436, 4, 6, '103'),
(434, 5, 1, '116'),
(433, 5, 2, '116'),
(435, 5, 3, '117'),
(437, 5, 4, '114'),
(437, 5, 5, '114'),
(430, 5, 6, '105'),
(38, 1, 1, '215'),
(37, 1, 2, '215'),
(42, 1, 3, '215'),
(42, 1, 4, '215'),
(41, 1, 5, '215'),
(41, 1, 6, '215'),
(40, 2, 1, '217'),
(37, 2, 2, '216'),
(42, 2, 3, '204'),
(42, 2, 4, '216'),
(42, 2, 5, '216'),
(41, 2, 6, '117'),
(44, 3, 1, '007'),
(44, 3, 2, '007'),
(39, 3, 3, '007'),
(39, 3, 4, '007'),
(40, 3, 5, '216'),
(40, 3, 6, '216'),
(38, 4, 1, '217'),
(42, 4, 2, '102'),
(42, 4, 3, '102'),
(37, 4, 4, '217'),
(41, 4, 5, '217'),
(41, 4, 6, '217'),
(40, 5, 1, '202'),
(43, 5, 2, '202'),
(39, 5, 3, '007'),
(39, 5, 4, '007'),
(44, 5, 5, '007'),
(44, 5, 6, '007'),
(441, 1, 2, '114'),
(441, 1, 3, '114'),
(439, 1, 4, '005'),
(438, 1, 5, '004'),
(440, 1, 6, '102'),
(441, 2, 2, '114'),
(442, 2, 3, '116'),
(438, 2, 4, '004'),
(444, 2, 5, '116'),
(443, 2, 6, '116'),
(440, 3, 2, '102'),
(445, 3, 3, '117'),
(445, 3, 4, '117'),
(442, 3, 5, '116'),
(443, 3, 6, '116'),
(440, 4, 2, '102'),
(440, 4, 3, '102'),
(438, 4, 4, '004'),
(439, 4, 5, '005'),
(444, 4, 6, '116'),
(441, 5, 2, '114'),
(441, 5, 3, '114'),
(445, 5, 4, '117'),
(443, 5, 5, '116'),
(442, 5, 6, '116'),
(127, 1, 2, 'LQ4'),
(127, 1, 3, 'LQ4'),
(127, 1, 4, 'LQ4'),
(129, 1, 5, 'LQ4'),
(126, 2, 2, 'LQ2'),
(126, 2, 3, 'LQ2'),
(126, 2, 4, 'LQ2'),
(128, 2, 5, 'LQ2'),
(127, 3, 2, 'LQ4'),
(127, 3, 3, 'LQ4'),
(127, 3, 4, 'LQ4'),
(127, 3, 5, 'LQ4'),
(128, 4, 2, 'LQ2'),
(128, 4, 3, 'LQ2'),
(126, 4, 4, 'LQ2'),
(126, 4, 5, 'LQ2'),
(127, 5, 2, 'LQ4'),
(127, 5, 3, 'LQ4'),
(127, 5, 4, 'LQ4'),
(127, 5, 5, 'LQ4'),
(248, 1, 2, '115'),
(248, 1, 3, '115'),
(248, 1, 4, '115'),
(248, 1, 5, '115'),
(247, 1, 6, '115'),
(249, 2, 2, 'LQ3'),
(249, 2, 3, 'LQ3'),
(249, 2, 4, 'LQ3'),
(249, 2, 5, 'LQ3'),
(247, 3, 2, '115'),
(248, 3, 3, '115'),
(248, 3, 4, '115'),
(248, 3, 5, '115'),
(248, 3, 6, '115'),
(249, 4, 2, 'LQ3'),
(249, 4, 3, 'LQ3'),
(249, 4, 4, 'LQ3'),
(249, 4, 5, 'LQ3'),
(247, 5, 4, '115'),
(247, 5, 5, '115'),
(147, 1, 2, '208'),
(148, 1, 3, '208'),
(148, 1, 4, '208'),
(150, 1, 5, '209'),
(150, 1, 6, '209'),
(150, 2, 2, '208'),
(150, 2, 3, '208'),
(150, 2, 4, '208'),
(148, 2, 5, '208'),
(148, 3, 2, '208'),
(148, 3, 3, '208'),
(150, 3, 4, '208'),
(146, 3, 5, '214'),
(148, 4, 2, '209'),
(148, 4, 3, '209'),
(150, 4, 4, '209'),
(150, 4, 5, '209'),
(148, 5, 2, '211'),
(146, 5, 3, '115'),
(150, 5, 4, '209'),
(154, 1, 2, '209'),
(154, 1, 3, '209'),
(154, 1, 4, '209'),
(153, 1, 5, '208'),
(153, 1, 6, '208'),
(153, 2, 2, '209'),
(153, 2, 3, '209'),
(153, 2, 4, '209'),
(154, 3, 2, '209'),
(154, 3, 3, '209'),
(151, 3, 4, '214'),
(154, 4, 2, '208'),
(154, 4, 3, '208'),
(153, 4, 4, '208'),
(152, 4, 5, '208'),
(154, 5, 2, '208'),
(154, 5, 3, '208'),
(153, 5, 4, '208'),
(153, 5, 5, '208'),
(151, 5, 6, '115'),
(255, 1, 2, '206'),
(254, 1, 3, '206'),
(254, 1, 4, '206'),
(253, 1, 5, '206'),
(253, 1, 6, '206'),
(255, 2, 2, '206'),
(253, 2, 3, '206'),
(253, 2, 4, '206'),
(254, 2, 5, '206'),
(254, 2, 6, '206'),
(253, 3, 2, '206'),
(253, 3, 3, '206'),
(255, 3, 4, '206'),
(255, 3, 5, '206'),
(254, 4, 3, '206'),
(254, 4, 4, '206'),
(254, 4, 5, '206'),
(253, 4, 6, '206'),
(254, 5, 2, '206'),
(255, 5, 3, '206'),
(255, 5, 4, '206'),
(26, 1, 2, '201'),
(24, 1, 3, '116'),
(24, 1, 4, '116'),
(25, 1, 5, '005'),
(25, 1, 6, '005'),
(24, 3, 2, '116'),
(24, 3, 3, '116'),
(23, 3, 4, '112'),
(23, 3, 5, '112'),
(26, 4, 2, '201'),
(23, 5, 5, '112'),
(23, 5, 6, '112'),
(123, 1, 5, 'LQ1'),
(197, 1, 4, '201'),
(199, 1, 5, '211'),
(196, 2, 2, '001'),
(196, 2, 3, '001'),
(195, 2, 4, '217'),
(195, 2, 5, '217'),
(194, 2, 6, '112'),
(196, 3, 4, '001'),
(196, 3, 5, '001'),
(199, 3, 6, '211'),
(197, 4, 1, '201'),
(195, 4, 2, '217'),
(194, 4, 3, '112'),
(194, 4, 4, '112'),
(113, 1, 2, '201'),
(111, 1, 3, '116'),
(111, 1, 4, '116'),
(112, 1, 5, '005'),
(112, 1, 6, '005'),
(114, 2, 2, '217'),
(114, 2, 3, '217'),
(110, 2, 4, '117'),
(110, 2, 5, '117'),
(111, 3, 2, '116'),
(111, 3, 3, '116'),
(114, 3, 4, '201'),
(114, 3, 5, '201'),
(113, 4, 2, '201'),
(110, 4, 3, '117'),
(110, 4, 4, '117'),
(78, 1, 2, '007'),
(78, 1, 3, '007'),
(77, 1, 4, '103'),
(74, 1, 5, '201'),
(75, 1, 5, '215'),
(74, 1, 6, '201'),
(75, 1, 6, '215'),
(74, 2, 2, '201'),
(75, 2, 2, '215'),
(74, 2, 3, '201'),
(75, 2, 3, '215'),
(76, 2, 4, '115'),
(77, 2, 5, '103'),
(77, 2, 6, '103'),
(77, 3, 2, '103'),
(77, 3, 3, '103'),
(77, 3, 4, '103'),
(78, 3, 5, '007'),
(78, 3, 6, '007'),
(76, 4, 2, '115'),
(77, 4, 3, '103'),
(77, 4, 4, '103'),
(74, 4, 5, '201'),
(75, 4, 5, '215'),
(74, 4, 6, '201'),
(75, 4, 6, '215'),
(81, 1, 2, '102'),
(81, 1, 3, '102'),
(82, 1, 4, '007'),
(82, 1, 5, '007'),
(80, 2, 2, '115'),
(80, 2, 3, '115'),
(79, 2, 4, '215'),
(79, 2, 5, '215'),
(79, 2, 6, '215'),
(82, 3, 3, '007'),
(82, 3, 4, '007'),
(79, 3, 5, '215'),
(79, 4, 3, '215'),
(79, 4, 4, '215'),
(81, 4, 5, '114'),
(81, 4, 6, '114'),
(81, 5, 3, '102'),
(81, 5, 4, '102'),
(81, 5, 5, '102'),
(81, 5, 6, '102'),
(339, 1, 3, '201'),
(341, 1, 4, '212'),
(344, 1, 5, '212'),
(342, 2, 2, '112'),
(342, 2, 3, '112'),
(338, 2, 5, '112'),
(123, 1, 6, 'LQ1'),
(340, 2, 6, '217'),
(343, 3, 2, '214'),
(343, 3, 3, '214'),
(344, 3, 4, '212'),
(341, 3, 5, '212'),
(341, 3, 6, '212'),
(343, 4, 2, '214'),
(339, 4, 3, '201'),
(340, 4, 3, '217'),
(339, 4, 4, '201'),
(340, 4, 4, '217'),
(338, 4, 5, '112'),
(338, 4, 6, '112'),
(342, 5, 3, '112'),
(342, 5, 4, '112'),
(141, 4, 6, '206'),
(141, 5, 3, '206'),
(141, 5, 4, '206'),
(144, 2, 2, '210'),
(144, 2, 3, '210'),
(144, 2, 4, '210'),
(144, 3, 4, '210'),
(144, 3, 5, '210'),
(144, 5, 2, '210'),
(137, 1, 2, '206'),
(137, 3, 5, '206'),
(137, 3, 6, '206'),
(137, 4, 4, '206'),
(137, 5, 5, '206'),
(137, 5, 6, '206'),
(149, 3, 2, '207'),
(149, 3, 3, '207'),
(149, 4, 2, '207'),
(149, 4, 3, '207'),
(390, 2, 5, '117'),
(177, 2, 5, '213'),
(327, 2, 1, '103'),
(133, 1, 3, '207'),
(133, 1, 4, '207'),
(133, 2, 5, '207'),
(133, 2, 6, '207'),
(133, 3, 4, '207'),
(133, 4, 2, '207'),
(133, 4, 3, '207'),
(141, 1, 6, '210'),
(141, 3, 2, '206'),
(141, 3, 3, '206'),
(141, 4, 5, '206'),
(149, 5, 2, '207'),
(149, 1, 3, '207'),
(149, 1, 4, '207'),
(417, 4, 4, '002'),
(417, 2, 1, '002'),
(94, 4, 1, '201'),
(105, 1, 6, '204'),
(105, 3, 5, '204'),
(105, 2, 5, '204'),
(407, 2, 2, '203'),
(376, 2, 3, '116'),
(376, 4, 5, '115'),
(407, 5, 3, '116');

-- --------------------------------------------------------

--
-- Estructura de tabla para la tabla `lecciones`
--

CREATE TABLE `lecciones` (
  `idLeccion` int(3) DEFAULT NULL,
  `idCurso` varchar(3) DEFAULT NULL,
  `letraGrupo` varchar(1) DEFAULT NULL,
  `idAsignatura` varchar(4) DEFAULT NULL,
  `idProfesor` varchar(4) DEFAULT NULL
) ENGINE=InnoDB DEFAULT CHARSET=utf8;

--
-- Volcado de datos para la tabla `lecciones`
--

INSERT INTO `lecciones` (`idLeccion`, `idCurso`, `letraGrupo`, `idAsignatura`, `idProfesor`) VALUES
(1, '1CI', 'A', '0101', 'LCD'),
(2, '1CI', 'A', '0106', 'LAM'),
(3, '1CI', 'A', '0114', 'HGM'),
(4, '1CI', 'A', '0118', 'MSM'),
(5, '1CI', 'A', '0122', 'RMI'),
(6, '1CI', 'A', '0128', 'PIE'),
(7, '1CI', 'A', '0131', 'GEJ'),
(8, '1CI', 'A', '0132', 'EME'),
(9, '1CI', 'A', '0194', 'PGR'),
(10, '1CI', 'A', '1232', 'VMR'),
(11, '1CI', 'B', '0101', 'LCD'),
(12, '1CI', 'B', '0106', 'RTM'),
(13, '1CI', 'B', '0114', 'HGM'),
(14, '1CI', 'B', '0115', 'FCE'),
(15, '1CI', 'B', '0118', 'MSM'),
(16, '1CI', 'B', '0122', 'RMI'),
(17, '1CI', 'B', '0128', 'PIE'),
(18, '1CI', 'B', '0131', 'AMM'),
(19, '1CI', 'B', '0132', 'EME'),
(20, '1CI', 'B', '0191', 'GPG'),
(21, '1CI', 'B', '0194', 'MMO'),
(22, '1CI', 'B', '1232', 'VMR'),
(23, '1CI', 'G', '0118', 'GGJ'),
(24, '1CI', 'G', '0128', 'MSC'),
(25, '1CI', 'G', '0131', 'FOJ'),
(26, '1CI', 'G', '0194', 'RRR'),
(27, '1CI', 'G', '1232', 'CDM'),
(28, '1CO', 'A', '0104', 'PGR'),
(29, '1CO', 'A', '0106', 'RLZ'),
(30, '1CO', 'A', '1102', 'ALJ'),
(31, '1CO', 'A', '1362', 'RTMI'),
(32, '1CO', 'A', '1363', 'SGM'),
(33, '1CO', 'A', '1364', 'RLA'),
(34, '1CO', 'A', '1365', 'MRJ'),
(35, '1CO', 'A', '1367', 'RLA'),
(36, '1CO', 'A', '1591', 'LJE'),
(37, '1CO', 'B', '0106', 'FRA'),
(38, '1CO', 'B', '1102', 'ALJ'),
(39, '1CO', 'B', '1362', 'RTMI'),
(40, '1CO', 'B', '1363', 'SGM'),
(41, '1CO', 'B', '1364', 'MMC'),
(42, '1CO', 'B', '1365', 'MMC'),
(43, '1CO', 'B', '1367', 'PAJ'),
(44, '1CO', 'B', '1591', 'RTMI'),
(45, '1CS', 'D', '0101', 'SRC'),
(46, '1CS', 'D', '0106', 'RLZ'),
(47, '1CS', 'D', '0114', 'HGM'),
(48, '1CS', 'D', '0122', 'EVE'),
(49, '1CS', 'D', '0128', 'BMP'),
(50, '1CS', 'D', '0131', 'GEJ'),
(51, '1CS', 'D', '0194', 'MMO'),
(52, '1CS', 'D', '1021', 'ORS'),
(53, '1CS', 'D', '1234', 'HGA'),
(54, '1CS', 'D', '1236', 'OLM'),
(55, '1CS', 'E', '0101', 'SGE'),
(56, '1CS', 'E', '0106', 'LAM'),
(57, '1CS', 'E', '0114', 'HGM'),
(58, '1CS', 'E', '0115', 'MFJ'),
(59, '1CS', 'E', '0122', 'RMI'),
(60, '1CS', 'E', '0128', 'BMP'),
(61, '1CS', 'E', '0131', 'GEJ'),
(62, '1CS', 'E', '0194', 'LAI'),
(63, '1CS', 'E', '1021', 'ORS'),
(64, '1CS', 'E', '1234', 'MFJ'),
(65, '1CS', 'E', '1236', 'OLM'),
(66, '1CS', 'E', '1241', 'LCD'),
(67, '1CX', 'A', '0104', 'PGR'),
(68, '1CX', 'A', '0106', 'MPMI'),
(69, '1CX', 'A', '1188', 'PGJ'),
(70, '1CX', 'A', '1367', 'JRJ'),
(71, '1CX', 'A', '1588', 'RTMI'),
(72, '1CX', 'A', '1591', 'MMM'),
(73, '1CX', 'A', '1993', 'RLA'),
(74, '1CX', 'B', '0104', 'RRR'),
(75, '1CX', 'B', '0106', 'MRF'),
(76, '1CX', 'B', '1102', 'ALJ'),
(77, '1CX', 'B', '1188', 'PAJ'),
(78, '1CX', 'B', '1591', 'MMM'),
(79, '1CX', 'C', '0106', 'MRF'),
(80, '1CX', 'C', '1102', 'ALJ'),
(81, '1CX', 'C', '1188', 'TMM'),
(82, '1CX', 'C', '1591', 'MMM'),
(83, '1ES', 'A', '0101', 'BMA'),
(84, '1ES', 'A', '0106', 'RLZ'),
(85, '1ES', 'A', '0110', 'CMN'),
(86, '1ES', 'A', '0111', 'BAF'),
(87, '1ES', 'A', '0113', 'CMN'),
(88, '1ES', 'A', '0114', 'HCJ'),
(89, '1ES', 'A', '0115', 'EVE'),
(90, '1ES', 'A', '0118', 'RHC'),
(91, '1ES', 'A', '0121', 'SHJ'),
(92, '1ES', 'A', '0122', 'EVE'),
(93, '1ES', 'A', '0190', 'CPI'),
(94, '1ES', 'A', '0194', 'PGR'),
(95, '1ES', 'A', '1355', 'BMA'),
(96, '1ES', 'A', '1761', 'RHC'),
(97, '1HU', 'C', '0101', 'SRC'),
(98, '1HU', 'C', '0106', 'RTM'),
(99, '1HU', 'C', '0114', 'HGM'),
(100, '1HU', 'C', '0115', 'FCE'),
(101, '1HU', 'C', '0115', 'MFJ'),
(102, '1HU', 'C', '0122', 'EVE'),
(103, '1HU', 'C', '0124', 'FSC'),
(104, '1HU', 'C', '0126', 'FSC'),
(105, '1HU', 'C', '0128', 'BMP'),
(106, '1HU', 'C', '0131', 'GEJ'),
(107, '1HU', 'C', '0194', 'MMO'),
(108, '1HU', 'C', '1234', 'MFJ'),
(109, '1HU', 'C', '1241', 'LCD'),
(110, '1HU', 'F', '0124', 'HGA'),
(111, '1HU', 'F', '0128', 'MSC'),
(112, '1HU', 'F', '0131', 'FOJ'),
(113, '1HU', 'F', '0194', 'RRR'),
(114, '1HU', 'F', '1234', 'MFJ'),
(115, '1LA', 'A', '1102', 'ALJ'),
(116, '1LA', 'A', '1607', 'GFM'),
(117, '1LA', 'A', '1607', 'TCM'),
(118, '1LA', 'A', '1608', 'SME'),
(119, '1LA', 'A', '1608', 'TCM'),
(120, '1LA', 'A', '1609', 'MJF'),
(121, '1LA', 'A', '1609', 'RZM'),
(122, '1LA', 'A', '1610', 'GFM'),
(123, '1LA', 'A', '1610', 'SME'),
(124, '1LA', 'A', '1611', 'MMP'),
(125, '1LA', 'A', '1612', 'ILJ'),
(126, '1LA', 'B', '1607', 'MMP'),
(127, '1LA', 'B', '1609', 'JCJ'),
(128, '1LA', 'B', '1611', 'MMP'),
(129, '1LA', 'B', '1612', 'JCJ'),
(130, '1SI', 'A', '1102', 'ALJ'),
(131, '1SI', 'A', '1440', 'NRJ'),
(132, '1SI', 'A', '1479', 'PLGP'),
(133, '1SI', 'A', '1601', 'PSA'),
(134, '1SI', 'A', '1601', 'ZPM'),
(135, '1SI', 'A', '1602', 'CCJO'),
(136, '1SI', 'A', '1604', 'MLA'),
(137, '1SI', 'A', '1604', 'PLGP'),
(138, '1SI', 'B', '1102', 'ALJ'),
(139, '1SI', 'B', '1440', 'NRJ'),
(140, '1SI', 'B', '1479', 'PLGP'),
(141, '1SI', 'B', '1601', 'BNA'),
(142, '1SI', 'B', '1601', 'PSA'),
(143, '1SI', 'B', '1602', 'CCJO'),
(144, '1SI', 'B', '1604', 'FOJ'),
(145, '1SI', 'B', '1604', 'ZBM'),
(146, '1SI', 'C', '1102', 'NRJ'),
(147, '1SI', 'C', '1479', 'FOJ'),
(148, '1SI', 'C', '1601', 'FHP'),
(149, '1SI', 'C', '1601', 'TAA'),
(150, '1SI', 'C', '1602', 'MGA'),
(151, '1SI', 'D', '1440', 'NRJ'),
(152, '1SI', 'D', '1479', 'RAB'),
(153, '1SI', 'D', '1601', 'FHP'),
(154, '1SI', 'D', '1602', 'MGA'),
(155, '2AG', 'D', '0201', 'LCD'),
(156, '2AG', 'D', '0206', 'MPMI'),
(157, '2AG', 'D', '0212', 'GMS'),
(158, '2AG', 'D', '0215', 'SGE'),
(159, '2AG', 'D', '0222', 'MBA'),
(160, '2AG', 'D', '0275', 'FCE'),
(161, '2AG', 'D', '0294', 'MMO'),
(162, '2AG', 'D', '2189', 'FCE'),
(163, '2AG', 'D', '2236', 'MSM'),
(164, '2AG', 'D', '2237', 'MRJ'),
(165, '2AG', 'D', '2243', 'MLA'),
(166, '2AG', 'D', '2262', 'MRJ'),
(167, '2AG', 'E', '0201', 'SGE'),
(168, '2AG', 'E', '0204', 'PGR'),
(169, '2AG', 'E', '0206', 'RTM'),
(170, '2AG', 'E', '0212', 'VMP'),
(171, '2AG', 'E', '0214', 'HGM'),
(172, '2AG', 'E', '0215', 'SGE'),
(173, '2AG', 'E', '0222', 'MBA'),
(174, '2AG', 'E', '0275', 'FCE'),
(175, '2AG', 'E', '0292', 'MRF'),
(176, '2AG', 'E', '0294', 'RRR'),
(177, '2AG', 'E', '2189', 'FCE'),
(178, '2AG', 'E', '2236', 'GBE'),
(179, '2AG', 'E', '2237', 'MRJ'),
(180, '2AG', 'E', '2243', 'MLA'),
(181, '2AG', 'E', '2262', 'TMM'),
(182, '2CI', 'A', '0201', 'SGE'),
(183, '2CI', 'A', '0206', 'RLZ'),
(184, '2CI', 'A', '0212', 'GMS'),
(185, '2CI', 'A', '0214', 'HGM'),
(186, '2CI', 'A', '0215', 'AGAN'),
(187, '2CI', 'A', '0218', 'PTB'),
(188, '2CI', 'A', '0222', 'MBA'),
(189, '2CI', 'A', '0233', 'EME'),
(190, '2CI', 'A', '0235', 'PMR'),
(191, '2CI', 'A', '0294', 'MMO'),
(192, '2CI', 'A', '2008', 'PTB'),
(193, '2CI', 'A', '2243', 'AMM'),
(194, '2CI', 'G', '0201', 'CDC'),
(195, '2CI', 'G', '0206', 'BRP'),
(196, '2CI', 'G', '0233', 'LLJ'),
(197, '2CI', 'G', '0294', 'RRR'),
(198, '2CI', 'G', '2008', 'GGJ'),
(199, '2CI', 'G', '2243', 'TAA'),
(200, '2CO', 'A', '2377', 'CFD'),
(201, '2CS', 'A', '0201', 'SGE'),
(202, '2CS', 'A', '0206', 'RLZ'),
(203, '2CS', 'A', '0212', 'GMS'),
(204, '2CS', 'A', '0214', 'HGM'),
(205, '2CS', 'A', '0215', 'AGAN'),
(206, '2CS', 'A', '0222', 'MBA'),
(207, '2CS', 'A', '0234', 'SHJ'),
(208, '2CS', 'A', '0236', 'VMR'),
(209, '2CS', 'A', '0294', 'MMO'),
(210, '2CS', 'A', '2008', 'PTB'),
(211, '2CS', 'A', '2233', 'GPG'),
(212, '2CS', 'A', '2243', 'AMM'),
(213, '2CS', 'B', '0201', 'LCD'),
(214, '2CS', 'B', '0206', 'LAM'),
(215, '2CS', 'B', '0212', 'VMP'),
(216, '2CS', 'B', '0214', 'HGM'),
(217, '2CS', 'B', '0215', 'RMI'),
(218, '2CS', 'B', '0215', 'SGE'),
(219, '2CS', 'B', '0222', 'RMI'),
(220, '2CS', 'B', '0234', 'SHJ'),
(221, '2CS', 'B', '0236', 'MPJ'),
(222, '2CS', 'B', '0238', 'CDM'),
(223, '2CS', 'B', '0294', 'LAI'),
(224, '2CS', 'B', '2233', 'GPG'),
(225, '2CS', 'B', '2249', 'VMR'),
(226, '2CX', 'A', '2102', 'ALJ'),
(227, '2CX', 'A', '2107', 'PGJ'),
(228, '2CX', 'A', '2197', 'TMM'),
(229, '2CX', 'A', '2377', 'GGM'),
(230, '2CX', 'A', '2587', 'SGM'),
(231, '2CX', 'A', '2589', 'PGJ'),
(232, '2ES', 'A', '0201', 'BMA'),
(233, '2ES', 'A', '0206', 'FRA'),
(234, '2ES', 'A', '0210', 'CMN'),
(235, '2ES', 'A', '0211', 'PMR'),
(236, '2ES', 'A', '0213', 'CMN'),
(237, '2ES', 'A', '0214', 'HCJ'),
(238, '2ES', 'A', '0215', 'MBA'),
(239, '2ES', 'A', '0218', 'RHC'),
(240, '2ES', 'A', '0221', 'MPJ'),
(241, '2ES', 'A', '0222', 'MBA'),
(242, '2ES', 'A', '0290', 'MRJE'),
(243, '2ES', 'A', '0294', 'MMO'),
(244, '2ES', 'A', '2355', 'BMA'),
(245, '2ES', 'A', '2761', 'RHC'),
(246, '2LA', 'A', '2377', 'SME'),
(247, '2LA', 'B', '1102', 'NRJ'),
(248, '2LA', 'B', '1608', 'TCM'),
(249, '2LA', 'B', '2610', 'GFM'),
(250, '2SI', 'A', '2603', 'BNA'),
(251, '2SI', 'A', '2605', 'PLGP'),
(252, '2SI', 'A', '2606', 'AGA'),
(253, '2SI', 'B', '2603', 'RAB'),
(254, '2SI', 'B', '2604', 'CHF'),
(255, '2SI', 'B', '2605', 'TAA'),
(256, '3ES', 'A', '0301', 'AGAN'),
(257, '3ES', 'A', '0306', 'LAM'),
(258, '3ES', 'A', '0310', 'TRR'),
(259, '3ES', 'A', '0311', 'PMR'),
(260, '3ES', 'A', '0313', 'PGJU'),
(261, '3ES', 'A', '0314', 'HCJ'),
(262, '3ES', 'A', '0315', 'PGJU'),
(263, '3ES', 'A', '0318', 'PTB'),
(264, '3ES', 'A', '0321', 'LLJ'),
(265, '3ES', 'A', '0321', 'VMR'),
(266, '3ES', 'A', '0322', 'EVE'),
(267, '3ES', 'A', '0390', 'MRJE'),
(268, '3ES', 'A', '0394', 'LAI'),
(269, '3ES', 'B', '0301', 'CDC'),
(270, '3ES', 'B', '0306', 'LAM'),
(271, '3ES', 'B', '0310', 'TRR'),
(272, '3ES', 'B', '0311', 'PMR'),
(273, '3ES', 'B', '0313', 'PGJU'),
(274, '3ES', 'B', '0314', 'HCJ'),
(275, '3ES', 'B', '0315', 'PGJU'),
(276, '3ES', 'B', '0318', 'GGJ'),
(277, '3ES', 'B', '0321', 'LLJ'),
(278, '3ES', 'B', '0321', 'VMR'),
(279, '3ES', 'B', '0322', 'EVE'),
(280, '3ES', 'B', '0331', 'GEJ'),
(281, '3ES', 'B', '0390', 'CPI'),
(282, '3ES', 'C', '0301', 'CDC'),
(283, '3ES', 'C', '0304', 'MMO'),
(284, '3ES', 'C', '0306', 'RLZ'),
(285, '3ES', 'C', '0310', 'TRR'),
(286, '3ES', 'C', '0311', 'BAF'),
(287, '3ES', 'C', '0313', 'PGJU'),
(288, '3ES', 'C', '0314', 'HCJ'),
(289, '3ES', 'C', '0315', 'MSC'),
(290, '3ES', 'C', '0318', 'RHC'),
(291, '3ES', 'C', '0321', 'CDM'),
(292, '3ES', 'C', '0321', 'GGJ'),
(293, '3ES', 'C', '0322', 'RMI'),
(294, '3ES', 'C', '0331', 'GEJ'),
(295, '3ES', 'C', '0390', 'MRJE'),
(296, '3ES', 'D', '0301', 'GMI'),
(297, '3ES', 'D', '0306', 'BRP'),
(298, '3ES', 'D', '0310', 'TRR'),
(299, '3ES', 'D', '0311', 'BAF'),
(300, '3ES', 'D', '0313', 'VMP'),
(301, '3ES', 'D', '0315', 'MSC'),
(302, '3ES', 'D', '0318', 'GBE'),
(303, '3ES', 'D', '0321', 'CDM'),
(304, '3ES', 'D', '0321', 'GGJ'),
(305, '3ES', 'D', '0322', 'MBA'),
(306, '3ES', 'D', '0390', 'MRJE'),
(307, '3ES', 'D', '3355', 'GMI'),
(308, '3ES', 'D', '3761', 'GBE'),
(309, '3ES', 'E', '0301', 'AGAN'),
(310, '3ES', 'E', '0306', 'BRP'),
(311, '3ES', 'E', '0310', 'TRR'),
(312, '3ES', 'E', '0311', 'BAF'),
(313, '3ES', 'E', '0313', 'VMP'),
(314, '3ES', 'E', '0314', 'HCJ'),
(315, '3ES', 'E', '0318', 'GBE'),
(316, '3ES', 'E', '0321', 'CDM'),
(317, '3ES', 'E', '0321', 'GGJ'),
(318, '3ES', 'E', '0322', 'MBA'),
(319, '3ES', 'E', '0390', 'CPI'),
(320, '3ES', 'E', '3761', 'GBE'),
(321, '3ES', 'F', '0301', 'AGAN'),
(322, '3ES', 'F', '0304', 'MMO'),
(323, '3ES', 'F', '0306', 'BRP'),
(324, '3ES', 'F', '0310', 'TRR'),
(325, '3ES', 'F', '0311', 'BAF'),
(326, '3ES', 'F', '0313', 'MPJ'),
(327, '3ES', 'F', '0313', 'VMP'),
(328, '3ES', 'F', '0314', 'HCJ'),
(329, '3ES', 'F', '0315', 'MSC'),
(330, '3ES', 'F', '0318', 'GBE'),
(331, '3ES', 'F', '0321', 'CPI'),
(332, '3ES', 'F', '0321', 'MPJ'),
(333, '3ES', 'F', '0322', 'MBA'),
(334, '3ES', 'F', '0390', 'CPI'),
(335, '3ES', 'F', '0394', 'LAI'),
(336, '3ES', 'F', '3355', 'AGAN'),
(337, '3ES', 'F', '3761', 'GBE'),
(338, '3SA', 'A', '0101', 'CDC'),
(339, '3SA', 'A', '0104', 'RRR'),
(340, '3SA', 'A', '0106', 'BRP'),
(341, '3SA', 'A', '0113', 'PGJU'),
(342, '3SA', 'A', '0118', 'RHC'),
(343, '3SA', 'A', '0121', 'LLJ'),
(344, '3SA', 'A', '3771', 'PGJU'),
(345, '4ES', 'A', '0401', 'SRC'),
(346, '4ES', 'A', '0405', 'MSC'),
(347, '4ES', 'A', '0406', 'LAM'),
(348, '4ES', 'A', '0413', 'GMS'),
(349, '4ES', 'A', '0414', 'HCJ'),
(350, '4ES', 'A', '0415', 'MSC'),
(351, '4ES', 'A', '0419', 'MSM'),
(352, '4ES', 'A', '0422', 'RMI'),
(353, '4ES', 'A', '0431', 'AMM'),
(354, '4ES', 'A', '0432', 'SHJ'),
(355, '4ES', 'A', '0489', 'CCJ'),
(356, '4ES', 'A', '4232', 'GPG'),
(357, '4ES', 'A', '4745', 'GPG'),
(358, '4ES', 'B', '0401', 'SRC'),
(359, '4ES', 'B', '0404', 'RRR'),
(360, '4ES', 'B', '0405', 'PIE'),
(361, '4ES', 'B', '0406', 'RAB'),
(362, '4ES', 'B', '0406', 'RTM'),
(363, '4ES', 'B', '0413', 'GMS'),
(364, '4ES', 'B', '0414', 'HCJ'),
(365, '4ES', 'B', '0415', 'PIE'),
(366, '4ES', 'B', '0419', 'OLM'),
(367, '4ES', 'B', '0422', 'RMI'),
(368, '4ES', 'B', '0431', 'GEJ'),
(369, '4ES', 'B', '0432', 'SHJ'),
(370, '4ES', 'B', '0489', 'CCJ'),
(371, '4ES', 'B', '0490', 'MRJE'),
(372, '4ES', 'B', '0494', 'LAI'),
(373, '4ES', 'B', '4232', 'MPJ'),
(374, '4ES', 'B', '4745', 'LLJ'),
(375, '4ES', 'C', '0401', 'GMI'),
(376, '4ES', 'C', '0405', 'BMP'),
(377, '4ES', 'C', '0406', 'RTM'),
(378, '4ES', 'C', '0410', 'TRR'),
(379, '4ES', 'C', '0411', 'BAF'),
(380, '4ES', 'C', '0413', 'HGA'),
(381, '4ES', 'C', '0414', 'HCJ'),
(382, '4ES', 'C', '0415', 'AGAN'),
(383, '4ES', 'C', '0418', 'OLM'),
(384, '4ES', 'C', '0422', 'EVE'),
(385, '4ES', 'C', '0431', 'AMM'),
(386, '4ES', 'C', '0431', 'GEJ'),
(387, '4ES', 'C', '0489', 'CCJ'),
(388, '4ES', 'C', '0494', 'LAI'),
(389, '4ES', 'C', '0495', 'BAF'),
(390, '4ES', 'D', '0113', 'GMS'),
(391, '4ES', 'D', '0401', 'SRC'),
(392, '4ES', 'D', '0404', 'RRR'),
(393, '4ES', 'D', '0405', 'BMP'),
(394, '4ES', 'D', '0406', 'FRA'),
(395, '4ES', 'D', '0410', 'TRR'),
(396, '4ES', 'D', '0411', 'PMR'),
(397, '4ES', 'D', '0413', 'GMS'),
(398, '4ES', 'D', '0414', 'HCJ'),
(399, '4ES', 'D', '0415', 'TRR'),
(400, '4ES', 'D', '0418', 'OLM'),
(401, '4ES', 'D', '0422', 'EVE'),
(402, '4ES', 'D', '0464', 'SRC'),
(403, '4ES', 'D', '0489', 'CCJ'),
(404, '4ES', 'D', '4480', 'GMI'),
(405, '4ES', 'D', '4481', 'EME'),
(406, '4ES', 'E', '0401', 'GMI'),
(407, '4ES', 'E', '0405', 'BMP'),
(408, '4ES', 'E', '0406', 'RLZ'),
(409, '4ES', 'E', '0413', 'HGA'),
(410, '4ES', 'E', '0414', 'HCJ'),
(411, '4ES', 'E', '0415', 'AGAN'),
(412, '4ES', 'E', '0418', 'GGJ'),
(413, '4ES', 'E', '0422', 'EVE'),
(414, '4ES', 'E', '0431', 'AMM'),
(415, '4ES', 'E', '0489', 'CCJ'),
(416, '4ES', 'E', '0494', 'LAI'),
(417, '4ES', 'E', '0495', 'BAF'),
(418, '4ES', 'E', '4232', 'MPJ'),
(419, '5AD', 'A', '0506', 'MPMI'),
(420, '5AD', 'A', '0518', 'CTA'),
(421, '5AD', 'A', '0520', 'CDM'),
(422, '5AD', 'A', '0522', 'MBA'),
(423, '5AD', 'A', '5010', 'JRJ'),
(424, '5AD', 'A', '5023', 'ORS'),
(425, '5AD', 'A', '5024', 'ORS'),
(426, '5AD', 'A', '5025', 'MMC'),
(427, '5AD', 'A', '5080', 'PAJ'),
(428, '5AD', 'A', '5287', 'MPM'),
(429, '5AD', 'B', '0518', 'CTA'),
(430, '5AD', 'B', '0520', 'CDM'),
(431, '5AD', 'B', '0522', 'MBA'),
(432, '5AD', 'B', '5010', 'JRJ'),
(433, '5AD', 'B', '5023', 'ORS'),
(434, '5AD', 'B', '5024', 'ORS'),
(435, '5AD', 'B', '5025', 'MMC'),
(436, '5AD', 'B', '5080', 'PAJ'),
(437, '5AD', 'B', '5287', 'MPM'),
(438, '8AD', 'C', '0506', 'MPMI'),
(439, '8AD', 'C', '5009', 'FOJ'),
(440, '8AD', 'C', '5010', 'JRJ'),
(441, '8AD', 'C', '5013', 'MPM'),
(442, '8AD', 'C', '5022', 'HPJ'),
(443, '8AD', 'C', '5080', 'HPJ'),
(444, '8AD', 'C', '5097', 'HPJ'),
(445, '8AD', 'C', '5286', 'MMC'),
(446, 'SAO', 'A', '1102', 'VPM'),
(447, 'SAO', 'A', '1315', 'VPM'),
(448, 'SAO', 'A', '1348', 'MAA'),
(449, 'SAO', 'A', '1997', 'YMM'),
(450, 'SAO', 'B', '1102', 'MMM'),
(451, 'SAO', 'B', '1315', 'GGM'),
(452, 'SAO', 'B', '1348', 'BMA'),
(453, 'SAO', 'B', '1997', 'YMM');

-- --------------------------------------------------------

--
-- Estructura de tabla para la tabla `notas`
--

CREATE TABLE `notas` (
  `nExpediente` int(11) DEFAULT NULL,
  `idAsignatura` varchar(4) COLLATE latin1_spanish_ci DEFAULT NULL,
  `nota` float DEFAULT NULL
) ENGINE=InnoDB DEFAULT CHARSET=latin1 COLLATE=latin1_spanish_ci;

--
-- Volcado de datos para la tabla `notas`
--

INSERT INTO `notas` (`nExpediente`, `idAsignatura`, `nota`) VALUES
(4, '0301', 5),
(4, '0306', 5),
(4, '0310', 1),
(4, '0311', 5),
(4, '0313', 3),
(4, '0315', 1),
(4, '0318', 3),
(4, '0321', 5),
(4, '0322', 9),
(4, '0331', 5),
(4, '0390', 1),
(9, '0401', 10),
(9, '0404', 7),
(9, '0405', 6),
(9, '0406', 5),
(9, '0413', 8),
(9, '0414', 7),
(9, '0415', 6),
(9, '0419', 2),
(9, '0422', 9),
(9, '0431', 10),
(9, '0432', 9),
(9, '0489', 2),
(9, '0490', 1),
(9, '0494', 7),
(9, '4232', 9),
(9, '4745', 6),
(10, '0401', 1),
(10, '0405', 1),
(10, '0406', 1),
(10, '0410', 1),
(10, '0411', 1),
(10, '0413', 1),
(10, '0414', 1),
(10, '0415', 1),
(10, '0418', 1),
(10, '0422', 1),
(10, '0431', 1),
(10, '0489', 1),
(10, '0494', 1),
(10, '0495', 1),
(25, '0104', 1),
(25, '0106', 1),
(25, '1102', 1),
(25, '1362', 1),
(25, '1363', 6),
(25, '1364', 1),
(25, '1365', 6),
(25, '1367', 6),
(25, '1591', 6),
(26, '0106', 7),
(26, '1102', 3),
(26, '1362', 3),
(26, '1363', 9),
(26, '1364', 5),
(26, '1365', 1),
(26, '1591', 7),
(27, '2377', 10),
(28, '0104', 3),
(28, '0106', 9),
(28, '1188', 5),
(28, '1367', 7),
(28, '1588', 5),
(28, '1591', 9),
(28, '1993', 5),
(29, '2102', 9),
(29, '2107', 4),
(29, '2197', 4),
(29, '2377', 4),
(29, '2587', 4),
(29, '2589', 2),
(30, '0506', 1),
(30, '0518', 1),
(30, '0520', 1),
(30, '0522', 1),
(30, '5010', 1),
(30, '5024', 1),
(30, '5025', 1),
(30, '5080', 1),
(30, '5287', 1),
(31, '0518', 9),
(31, '0520', 1),
(31, '5010', 1),
(31, '5023', 4),
(31, '5024', 5),
(31, '5025', 6),
(31, '5080', 1),
(31, '5287', 8),
(34, '2603', 3),
(34, '2605', 1),
(34, '2606', 5),
(37, '0124', 9),
(37, '0128', 7),
(37, '0131', 8),
(37, '0194', 9),
(37, '1234', 9),
(38, '0118', 5),
(38, '0128', 5),
(38, '0131', 9),
(38, '0194', 3),
(38, '1232', 7),
(39, '0201', 10),
(39, '0206', 5),
(39, '0233', 8),
(39, '0294', 7),
(39, '2008', 3),
(39, '2243', 8),
(40, '0101', 1),
(40, '0104', 1),
(40, '0106', 1),
(40, '0113', 1),
(40, '0118', 1),
(40, '0121', 1),
(40, '3771', 1),
(41, '0506', 7),
(41, '5009', 10),
(41, '5010', 1),
(41, '5013', 4),
(41, '5022', 3),
(41, '5080', 1),
(41, '5097', 8),
(41, '5286', 7),
(43, '0106', 9),
(43, '1102', 7),
(43, '1188', 5),
(43, '1591', 4),
(47, '1607', 10),
(47, '1609', 4),
(47, '1611', 8),
(47, '1612', 5),
(48, '1102', 7),
(48, '1608', 5),
(48, '2610', 1),
(56, '0301', 7),
(56, '0304', 5),
(56, '0306', 7),
(56, '0310', 1),
(56, '0311', 7),
(56, '0313', 9),
(56, '0314', 5),
(56, '0315', 1),
(56, '0318', 9),
(56, '0321', 7),
(56, '0390', 1),
(56, '0394', 5),
(56, '3355', 1),
(56, '3761', 7),
(57, '0405', 6),
(57, '0406', 3),
(57, '0413', 2),
(57, '0414', 9),
(57, '0415', 6),
(57, '0419', 4),
(57, '0422', 5),
(57, '0432', 5),
(57, '0489', 4),
(57, '4232', 5),
(57, '4745', 6),
(59, '0401', 10),
(59, '0405', 6),
(59, '0406', 5),
(59, '0410', 1),
(59, '0411', 10),
(59, '0413', 8),
(59, '0414', 7),
(59, '0415', 6),
(59, '0418', 3),
(59, '0422', 9),
(59, '0431', 10),
(59, '0489', 2),
(59, '0494', 7),
(59, '0495', 6),
(60, '0113', 1),
(60, '0401', 1),
(60, '0404', 1),
(60, '0405', 1),
(60, '0406', 1),
(60, '0410', 1),
(60, '0411', 1),
(60, '0413', 1),
(60, '0414', 1),
(60, '0415', 1),
(60, '0418', 1),
(60, '0422', 1),
(60, '0464', 1),
(60, '0489', 1),
(60, '4480', 1),
(60, '4481', 1),
(61, '0401', 2),
(61, '0405', 6),
(61, '0406', 7),
(61, '0413', 4),
(61, '0414', 5),
(61, '0415', 6),
(61, '0418', 9),
(61, '0422', 3),
(61, '0431', 2),
(61, '0489', 10),
(61, '0494', 5),
(61, '0495', 6),
(61, '4232', 3),
(62, '0101', 3),
(62, '0106', 3),
(62, '0114', 9),
(62, '0118', 7),
(62, '0122', 5),
(62, '0128', 7),
(62, '0131', 3),
(62, '0132', 5),
(62, '0194', 9),
(62, '1232', 5),
(63, '0101', 4),
(63, '0106', 9),
(63, '0114', 3),
(63, '0115', 6),
(63, '0118', 5),
(63, '0122', 7),
(63, '0128', 5),
(63, '0131', 4),
(63, '0132', 7),
(63, '0191', 4),
(63, '0194', 3),
(63, '1232', 7),
(65, '0101', 6),
(65, '0106', 1),
(65, '0114', 1),
(65, '0122', 1),
(65, '0128', 1),
(65, '0131', 6),
(65, '0194', 1),
(65, '1021', 6),
(65, '1234', 1),
(65, '1236', 1),
(66, '0101', 7),
(66, '0106', 7),
(66, '0114', 5),
(66, '0115', 1),
(66, '0122', 3),
(66, '0128', 9),
(66, '0131', 7),
(66, '0194', 5),
(66, '1021', 7),
(66, '1234', 5),
(66, '1236', 7),
(66, '1241', 7),
(67, '0201', 8),
(67, '0206', 3),
(67, '0212', 5),
(67, '0214', 9),
(67, '0215', 6),
(67, '0218', 7),
(67, '0222', 5),
(67, '0233', 2),
(67, '0235', 6),
(67, '0294', 9),
(67, '2008', 7),
(67, '2243', 2),
(68, '0201', 9),
(68, '0206', 9),
(68, '0212', 7),
(68, '0214', 3),
(68, '0215', 1),
(68, '0222', 7),
(68, '0234', 3),
(68, '0236', 9),
(68, '0294', 3),
(68, '2008', 5),
(68, '2233', 5),
(68, '2243', 5),
(69, '0201', 10),
(69, '0206', 5),
(69, '0212', 9),
(69, '0214', 7),
(69, '0215', 6),
(69, '0222', 9),
(69, '0234', 7),
(69, '0236', 5),
(69, '0238', 3),
(69, '0294', 7),
(69, '2233', 8),
(69, '2249', 2),
(70, '0201', 1),
(70, '0206', 1),
(70, '0212', 1),
(70, '0215', 1),
(70, '0222', 1),
(70, '0275', 1),
(70, '0294', 1),
(70, '2189', 1),
(70, '2236', 1),
(70, '2237', 1),
(70, '2243', 1),
(70, '2262', 1),
(71, '0201', 2),
(71, '0204', 5),
(71, '0206', 7),
(71, '0212', 3),
(71, '0214', 5),
(71, '0215', 6),
(71, '0222', 3),
(71, '0275', 6),
(71, '0292', 3),
(71, '0294', 5),
(71, '2189', 10),
(71, '2236', 7),
(71, '2237', 8),
(71, '2243', 4),
(71, '2262', 3),
(72, '1102', 5),
(72, '1315', 1),
(72, '1348', 7),
(72, '1997', 5),
(75, '0106', 1),
(75, '1102', 1),
(75, '1362', 1),
(75, '1363', 6),
(75, '1364', 1),
(75, '1365', 6),
(75, '1367', 6),
(75, '1591', 6),
(77, '0104', 9),
(77, '1188', 7),
(77, '1367', 10),
(77, '1588', 7),
(77, '1591', 8),
(77, '1993', 2),
(78, '2102', 7),
(78, '2107', 7),
(78, '2197', 7),
(78, '2377', 7),
(78, '2587', 7),
(78, '2589', 3),
(80, '0518', 1),
(80, '0520', 1),
(80, '0522', 1),
(80, '5010', 1),
(80, '5024', 1),
(80, '5025', 1),
(80, '5080', 1),
(80, '5287', 1),
(81, '1440', 1),
(81, '1479', 10),
(81, '1601', 2),
(81, '1604', 5),
(84, '1102', 9),
(84, '1607', 9),
(84, '1608', 3),
(84, '1609', 7),
(84, '1610', 1),
(84, '1611', 5),
(84, '1612', 9),
(85, '2377', 6),
(91, '0104', 5),
(91, '0106', 7),
(91, '1102', 3),
(91, '1188', 9),
(91, '1591', 2),
(92, '0106', 3),
(92, '1102', 5),
(92, '1188', 7),
(92, '1591', 3),
(93, '1102', 7),
(93, '1479', 8),
(93, '1601', 4),
(93, '1602', 7),
(94, '1440', 1),
(94, '1479', 7),
(94, '1601', 5),
(94, '1602', 9),
(95, '2603', 6),
(95, '2604', 1),
(95, '2605', 6),
(96, '1607', 3),
(96, '1609', 5),
(96, '1611', 7),
(96, '1612', 3),
(97, '1102', 5),
(97, '1608', 7),
(97, '2610', 1),
(98, '0101', 9),
(98, '0106', 9),
(98, '0110', 1),
(98, '0111', 9),
(98, '0113', 5),
(98, '0114', 3),
(98, '0115', 1),
(98, '0118', 5),
(98, '0121', 9),
(98, '0122', 7),
(98, '0190', 1),
(98, '0194', 3),
(98, '1355', 1),
(98, '1761', 9),
(100, '0301', 1),
(100, '0306', 1),
(100, '0310', 1),
(100, '0311', 1),
(100, '0313', 1),
(100, '0314', 1),
(100, '0315', 1),
(100, '0321', 1),
(100, '0322', 1),
(100, '0390', 1),
(100, '0394', 1),
(101, '0301', 2),
(101, '0306', 7),
(101, '0310', 1),
(101, '0311', 2),
(101, '0313', 4),
(101, '0314', 5),
(101, '0315', 6),
(101, '0318', 9),
(101, '0321', 2),
(101, '0322', 3),
(101, '0331', 2),
(101, '0390', 1),
(105, '0301', 6),
(105, '0304', 1),
(105, '0306', 1),
(105, '0310', 1),
(105, '0311', 6),
(105, '0314', 1),
(105, '0315', 6),
(105, '0318', 1),
(105, '0321', 6),
(105, '0322', 1),
(105, '0390', 1),
(105, '0394', 1),
(105, '3355', 6),
(105, '3761', 6),
(106, '0401', 7),
(106, '0405', 1),
(106, '0406', 7),
(106, '0413', 9),
(106, '0414', 5),
(106, '0415', 1),
(106, '0419', 5),
(106, '0431', 7),
(106, '0489', 5),
(106, '4745', 1),
(107, '0404', 9),
(107, '0405', 6),
(107, '0406', 3),
(107, '0413', 2),
(107, '0414', 9),
(107, '0415', 6),
(107, '0419', 4),
(107, '0422', 5),
(107, '0432', 5),
(107, '0489', 4),
(107, '0490', 1),
(107, '0494', 9),
(107, '4232', 5),
(107, '4745', 6),
(108, '0401', 9),
(108, '0405', 1),
(108, '0406', 9),
(108, '0411', 9),
(108, '0413', 5),
(108, '0414', 3),
(108, '0415', 1),
(108, '0418', 5),
(108, '0422', 7),
(108, '0431', 9),
(108, '0489', 3),
(108, '0494', 3),
(108, '0495', 1),
(111, '0101', 2),
(111, '0106', 7),
(111, '0114', 5),
(111, '0118', 9),
(111, '0122', 3),
(111, '0128', 9),
(111, '0131', 2),
(111, '0132', 3),
(111, '0194', 5),
(111, '1232', 3),
(113, '0101', 4),
(113, '0106', 9),
(113, '0114', 3),
(113, '0115', 6),
(113, '0122', 7),
(113, '0124', 3),
(113, '0126', 9),
(113, '0128', 5),
(113, '0131', 4),
(113, '0194', 3),
(113, '1234', 3),
(113, '1241', 4),
(114, '0101', 5),
(114, '0106', 5),
(114, '0114', 7),
(114, '0122', 9),
(114, '0128', 3),
(114, '0131', 5),
(114, '0194', 7),
(114, '1021', 5),
(114, '1234', 7),
(114, '1236', 5),
(115, '0101', 6),
(115, '0106', 1),
(115, '0114', 1),
(115, '0115', 6),
(115, '0122', 1),
(115, '0128', 1),
(115, '0131', 6),
(115, '0194', 1),
(115, '1021', 6),
(115, '1234', 1),
(115, '1236', 1),
(115, '1241', 6),
(116, '0201', 7),
(116, '0206', 7),
(116, '0212', 3),
(116, '0214', 5),
(116, '0215', 1),
(116, '0218', 9),
(116, '0222', 3),
(116, '0233', 9),
(116, '0235', 1),
(116, '0294', 5),
(116, '2008', 9),
(116, '2243', 9),
(118, '0201', 9),
(118, '0206', 9),
(118, '0212', 7),
(118, '0214', 3),
(118, '0215', 1),
(118, '0222', 7),
(118, '0234', 3),
(118, '0236', 9),
(118, '0238', 5),
(118, '0294', 3),
(118, '2233', 5),
(118, '2249', 3),
(119, '0201', 10),
(119, '0206', 5),
(119, '0212', 9),
(119, '0215', 6),
(119, '0222', 9),
(119, '0275', 6),
(119, '0294', 7),
(119, '2189', 2),
(119, '2236', 5),
(119, '2237', 4),
(119, '2243', 8),
(119, '2262', 9),
(124, '0106', 5),
(124, '1102', 9),
(124, '1362', 9),
(124, '1363', 3),
(124, '1364', 7),
(124, '1365', 1),
(124, '1367', 9),
(124, '1591', 5),
(128, '0506', 9),
(128, '0518', 5),
(128, '0520', 1),
(128, '0522', 7),
(128, '5010', 1),
(128, '5023', 5),
(128, '5024', 3),
(128, '5080', 1),
(128, '5287', 7),
(132, '2603', 7),
(132, '2605', 1),
(132, '2606', 3),
(133, '1102', 7),
(133, '1607', 2),
(133, '1608', 5),
(133, '1609', 8),
(133, '1611', 4),
(133, '1612', 7),
(134, '2377', 9),
(135, '0124', 1),
(135, '0128', 1),
(135, '0131', 6),
(135, '0194', 1),
(135, '1234', 1),
(136, '0118', 9),
(136, '0128', 9),
(136, '0131', 7),
(136, '0194', 5),
(136, '1232', 3),
(138, '0101', 9),
(138, '0104', 3),
(138, '0106', 9),
(138, '0113', 5),
(138, '0118', 5),
(138, '0121', 9),
(138, '3771', 9),
(144, '2603', 3),
(144, '2604', 7),
(144, '2605', 1),
(146, '1102', 3),
(146, '1608', 9),
(146, '2610', 1),
(150, '0301', 1),
(150, '0306', 1),
(150, '0310', 1),
(150, '0311', 1),
(150, '0313', 1),
(150, '0314', 1),
(150, '0315', 1),
(150, '0321', 1),
(150, '0322', 1),
(150, '0331', 1),
(150, '0390', 1),
(151, '0301', 2),
(151, '0304', 5),
(151, '0306', 7),
(151, '0310', 1),
(151, '0311', 2),
(151, '0313', 4),
(151, '0314', 5),
(151, '0315', 6),
(151, '0318', 9),
(151, '0321', 2),
(151, '0322', 3),
(151, '0331', 2),
(151, '0390', 1),
(152, '0301', 3),
(152, '0310', 1),
(152, '0311', 3),
(152, '0313', 7),
(152, '0315', 1),
(152, '0318', 7),
(152, '0321', 3),
(152, '0322', 5),
(152, '0390', 1),
(152, '3355', 1),
(152, '3761', 3),
(153, '0301', 4),
(153, '0306', 9),
(153, '0310', 1),
(153, '0311', 4),
(153, '0313', 10),
(153, '0314', 3),
(153, '0318', 5),
(153, '0321', 4),
(153, '0322', 7),
(153, '0390', 1),
(153, '3761', 4),
(154, '0301', 5),
(154, '0306', 5),
(154, '0310', 1),
(154, '0311', 5),
(154, '0313', 3),
(154, '0315', 1),
(154, '0318', 3),
(154, '0321', 5),
(154, '0322', 9),
(154, '0390', 1),
(154, '3355', 1),
(154, '3761', 5),
(166, '0201', 7),
(166, '0206', 7),
(166, '0212', 3),
(166, '0214', 5),
(166, '0215', 1),
(166, '0222', 3),
(166, '0234', 5),
(166, '0236', 7),
(166, '0294', 5),
(166, '2008', 9),
(166, '2233', 9),
(166, '2243', 9),
(167, '0201', 8),
(167, '0206', 3),
(167, '0212', 5),
(167, '0214', 9),
(167, '0215', 6),
(167, '0222', 5),
(167, '0234', 9),
(167, '0236', 3),
(167, '0238', 7),
(167, '0294', 9),
(167, '2233', 2),
(167, '2249', 4),
(172, '0104', 9),
(172, '0106', 3),
(172, '1102', 5),
(172, '1362', 5),
(172, '1363', 7),
(172, '1364', 9),
(172, '1365', 1),
(172, '1367', 5),
(172, '1591', 3),
(173, '0106', 9),
(173, '1102', 7),
(173, '1362', 7),
(173, '1363', 10),
(173, '1364', 3),
(173, '1365', 6),
(173, '1367', 2),
(173, '1591', 4),
(174, '2377', 9),
(175, '0104', 1),
(175, '0106', 1),
(175, '1367', 6),
(175, '1591', 6),
(175, '1993', 6),
(176, '2102', 3),
(176, '2589', 5),
(178, '0518', 5),
(178, '0520', 1),
(178, '0522', 7),
(178, '5010', 1),
(178, '5023', 5),
(178, '5024', 3),
(178, '5080', 1),
(178, '5287', 7),
(181, '2603', 4),
(181, '2605', 6),
(181, '2606', 7),
(183, '2377', 2),
(192, '1440', 1),
(192, '1479', 9),
(192, '1601', 3),
(192, '1602', 5),
(193, '2603', 10),
(193, '2604', 3),
(193, '2605', 6),
(202, '0301', 3),
(202, '0310', 1),
(202, '0311', 3),
(202, '0313', 7),
(202, '0314', 9),
(202, '0318', 7),
(202, '0321', 3),
(202, '0322', 5),
(202, '0390', 1),
(202, '3761', 3),
(203, '0301', 4),
(203, '0304', 3),
(203, '0306', 9),
(203, '0310', 1),
(203, '0311', 4),
(203, '0313', 10),
(203, '0314', 3),
(203, '0318', 5),
(203, '0321', 4),
(203, '0322', 7),
(203, '0390', 1),
(203, '0394', 3),
(203, '3761', 4),
(204, '0401', 5),
(204, '0405', 1),
(204, '0406', 5),
(204, '0413', 3),
(204, '0415', 1),
(204, '0419', 7),
(204, '0422', 9),
(204, '0431', 5),
(204, '0432', 9),
(204, '0489', 7),
(204, '4232', 9),
(204, '4745', 1),
(205, '0401', 6),
(205, '0404', 1),
(205, '0405', 6),
(205, '0406', 1),
(205, '0414', 1),
(205, '0415', 6),
(205, '0419', 6),
(205, '0422', 1),
(205, '0431', 6),
(205, '0432', 1),
(205, '0489', 6),
(205, '0490', 1),
(205, '0494', 1),
(205, '4232', 1),
(205, '4745', 6),
(209, '0101', 10),
(209, '0106', 5),
(209, '0114', 7),
(209, '0118', 3),
(209, '0122', 9),
(209, '0128', 3),
(209, '0131', 10),
(209, '0132', 9),
(209, '0194', 7),
(209, '1232', 9),
(210, '0101', 1),
(210, '0106', 1),
(210, '0114', 1),
(210, '0115', 1),
(210, '0118', 1),
(210, '0122', 1),
(210, '0128', 1),
(210, '0131', 1),
(210, '0132', 1),
(210, '0191', 1),
(210, '0194', 1),
(210, '1232', 1),
(211, '0101', 2),
(211, '0106', 7),
(211, '0114', 5),
(211, '0115', 6),
(211, '0122', 3),
(211, '0124', 5),
(211, '0126', 7),
(211, '0128', 9),
(211, '0131', 2),
(211, '0194', 5),
(211, '1234', 5),
(211, '1241', 2),
(212, '0101', 3),
(212, '0106', 3),
(212, '0114', 9),
(212, '0122', 5),
(212, '0128', 7),
(212, '0131', 3),
(212, '0194', 9),
(212, '1021', 3),
(212, '1234', 9),
(212, '1236', 3),
(213, '0101', 4),
(213, '0106', 9),
(213, '0114', 3),
(213, '0115', 6),
(213, '0122', 7),
(213, '0128', 5),
(213, '0131', 4),
(213, '0194', 3),
(213, '1021', 4),
(213, '1234', 3),
(213, '1236', 9),
(213, '1241', 4),
(214, '0201', 5),
(214, '0206', 5),
(214, '0212', 9),
(214, '0214', 7),
(214, '0215', 1),
(214, '0218', 3),
(214, '0222', 9),
(214, '0233', 3),
(214, '0235', 1),
(214, '0294', 7),
(214, '2008', 3),
(214, '2243', 3),
(215, '0201', 6),
(215, '0206', 1),
(215, '0212', 1),
(215, '0214', 1),
(215, '0215', 6),
(215, '0222', 1),
(215, '0234', 1),
(215, '0236', 1),
(215, '0294', 1),
(215, '2008', 1),
(215, '2233', 6),
(215, '2243', 6),
(216, '0201', 7),
(216, '0206', 7),
(216, '0212', 3),
(216, '0214', 5),
(216, '0215', 1),
(216, '0222', 3),
(216, '0234', 5),
(216, '0236', 7),
(216, '0238', 9),
(216, '0294', 5),
(216, '2233', 9),
(216, '2249', 5),
(217, '0201', 8),
(217, '0206', 3),
(217, '0212', 5),
(217, '0215', 6),
(217, '0222', 5),
(217, '0275', 6),
(217, '0294', 9),
(217, '2189', 4),
(217, '2236', 3),
(217, '2237', 10),
(217, '2243', 2),
(217, '2262', 5),
(219, '1102', 9),
(219, '1315', 6),
(219, '1348', 3),
(219, '1997', 4),
(221, '0104', 5),
(221, '0106', 7),
(221, '1102', 3),
(221, '1362', 3),
(221, '1363', 4),
(221, '1364', 5),
(221, '1365', 6),
(221, '1367', 8),
(221, '1591', 2),
(223, '2377', 2),
(224, '0104', 7),
(224, '0106', 5),
(224, '1188', 3),
(224, '1367', 9),
(224, '1588', 3),
(224, '1591', 5),
(224, '1993', 3),
(225, '2102', 1),
(225, '2107', 6),
(225, '2197', 6),
(225, '2377', 6),
(225, '2587', 6),
(225, '2589', 6),
(226, '0506', 7),
(226, '0518', 9),
(226, '0520', 1),
(226, '0522', 3),
(226, '5010', 1),
(226, '5023', 9),
(226, '5024', 5),
(226, '5025', 1),
(226, '5080', 1),
(233, '0124', 3),
(233, '0128', 5),
(233, '0131', 4),
(233, '0194', 3),
(233, '1234', 3),
(242, '2603', 7),
(242, '2604', 9),
(242, '2605', 1),
(243, '1607', 2),
(243, '1609', 8),
(243, '1611', 4),
(243, '1612', 7),
(244, '1102', 9),
(244, '1608', 3),
(244, '2610', 1),
(246, '0201', 7),
(246, '0206', 7),
(246, '0210', 1),
(246, '0211', 7),
(246, '0213', 9),
(246, '0214', 5),
(246, '0215', 1),
(246, '0218', 9),
(246, '0221', 7),
(246, '0222', 3),
(246, '0290', 1),
(246, '0294', 5),
(246, '2355', 1),
(246, '2761', 7),
(247, '0301', 8),
(247, '0306', 3),
(247, '0310', 1),
(247, '0311', 8),
(247, '0313', 2),
(247, '0314', 9),
(247, '0315', 6),
(247, '0318', 7),
(247, '0321', 8),
(247, '0322', 5),
(247, '0390', 1),
(247, '0394', 9),
(248, '0301', 9),
(248, '0306', 9),
(248, '0310', 1),
(248, '0311', 9),
(248, '0313', 5),
(248, '0314', 3),
(248, '0315', 1),
(248, '0318', 5),
(248, '0321', 9),
(248, '0322', 7),
(248, '0331', 9),
(248, '0390', 1),
(249, '0301', 10),
(249, '0304', 7),
(249, '0306', 5),
(249, '0310', 1),
(249, '0311', 10),
(249, '0313', 8),
(249, '0314', 7),
(249, '0315', 6),
(249, '0318', 3),
(249, '0321', 10),
(249, '0322', 9),
(249, '0331', 10),
(249, '0390', 1),
(252, '0301', 3),
(252, '0304', 9),
(252, '0310', 1),
(252, '0311', 3),
(252, '0313', 7),
(252, '0314', 9),
(252, '0315', 1),
(252, '0318', 7),
(252, '0321', 3),
(252, '0322', 5),
(252, '0390', 1),
(252, '0394', 9),
(252, '3355', 1),
(252, '3761', 3),
(253, '0401', 4),
(253, '0406', 9),
(253, '0413', 10),
(253, '0414', 3),
(253, '0419', 8),
(253, '0422', 7),
(253, '0431', 4),
(253, '0432', 7),
(253, '0489', 8),
(253, '4232', 7),
(254, '0401', 5),
(254, '0405', 1),
(254, '0406', 5),
(254, '0413', 3),
(254, '0415', 1),
(254, '0419', 7),
(254, '0422', 9),
(254, '0431', 5),
(254, '0432', 9),
(254, '0489', 7),
(254, '0490', 1),
(254, '4232', 9),
(254, '4745', 1),
(255, '0401', 6),
(255, '0405', 6),
(255, '0406', 1),
(255, '0410', 1),
(255, '0411', 6),
(255, '0414', 1),
(255, '0415', 6),
(255, '0418', 1),
(255, '0422', 1),
(255, '0431', 6),
(255, '0489', 6),
(255, '0494', 1),
(255, '0495', 6),
(258, '0101', 9),
(258, '0106', 9),
(258, '0114', 3),
(258, '0118', 5),
(258, '0122', 7),
(258, '0128', 5),
(258, '0131', 9),
(258, '0132', 7),
(258, '0194', 3),
(258, '1232', 7),
(259, '0101', 10),
(259, '0106', 5),
(259, '0114', 7),
(259, '0115', 6),
(259, '0118', 3),
(259, '0122', 9),
(259, '0128', 3),
(259, '0131', 10),
(259, '0132', 9),
(259, '0191', 10),
(259, '0194', 7),
(259, '1232', 9),
(260, '0101', 1),
(260, '0106', 1),
(260, '0114', 1),
(260, '0115', 1),
(260, '0122', 1),
(260, '0124', 1),
(260, '0126', 1),
(260, '0128', 1),
(260, '0131', 1),
(260, '0194', 1),
(260, '1234', 1),
(260, '1241', 1),
(264, '0201', 5),
(264, '0206', 5),
(264, '0212', 9),
(264, '0214', 7),
(264, '0215', 1),
(264, '0222', 9),
(264, '0234', 7),
(264, '0236', 5),
(264, '0294', 7),
(264, '2008', 3),
(264, '2233', 3),
(264, '2243', 3),
(265, '0201', 6),
(265, '0206', 1),
(265, '0212', 1),
(265, '0214', 1),
(265, '0215', 6),
(265, '0222', 1),
(265, '0234', 1),
(265, '0236', 1),
(265, '0238', 1),
(265, '0294', 1),
(265, '2233', 6),
(265, '2249', 6),
(267, '0201', 8),
(267, '0204', 9),
(267, '0206', 3),
(267, '0212', 5),
(267, '0214', 9),
(267, '0215', 6),
(267, '0222', 5),
(267, '0275', 6),
(267, '0292', 5),
(267, '0294', 9),
(267, '2189', 4),
(267, '2236', 3),
(267, '2237', 10),
(267, '2243', 2),
(267, '2262', 5),
(268, '1102', 7),
(268, '1315', 1),
(268, '1348', 5),
(268, '1997', 7),
(282, '0124', 9),
(282, '0128', 7),
(282, '0194', 9),
(282, '1234', 9),
(286, '0506', 7),
(286, '5009', 5),
(286, '5010', 1),
(286, '5013', 9),
(286, '5022', 3),
(286, '5080', 1),
(286, '5097', 3),
(286, '5286', 7),
(290, '1440', 1),
(290, '1479', 1),
(290, '1601', 1),
(290, '1602', 1),
(291, '2603', 4),
(291, '2604', 5),
(291, '2605', 6),
(292, '1607', 5),
(292, '1609', 9),
(292, '1611', 3),
(292, '1612', 5),
(293, '1102', 7),
(293, '1608', 5),
(293, '2610', 1),
(294, '0101', 5),
(294, '0106', 5),
(294, '0110', 1),
(294, '0111', 5),
(294, '0113', 3),
(294, '0114', 7),
(294, '0115', 1),
(294, '0118', 3),
(294, '0121', 5),
(294, '0122', 9),
(294, '0190', 1),
(294, '0194', 7),
(294, '1355', 1),
(294, '1761', 5),
(295, '0201', 6),
(295, '0206', 1),
(295, '0210', 1),
(295, '0211', 6),
(295, '0213', 6),
(295, '0214', 1),
(295, '0215', 6),
(295, '0218', 1),
(295, '0221', 6),
(295, '0222', 1),
(295, '0290', 1),
(295, '0294', 1),
(295, '2355', 6),
(295, '2761', 6),
(297, '0301', 8),
(297, '0306', 3),
(297, '0310', 1),
(297, '0311', 8),
(297, '0313', 2),
(297, '0314', 9),
(297, '0315', 6),
(297, '0318', 7),
(297, '0321', 8),
(297, '0322', 5),
(297, '0331', 8),
(297, '0390', 1),
(298, '0301', 9),
(298, '0304', 3),
(298, '0306', 9),
(298, '0310', 1),
(298, '0311', 9),
(298, '0313', 5),
(298, '0314', 3),
(298, '0315', 1),
(298, '0318', 5),
(298, '0321', 9),
(298, '0322', 7),
(298, '0331', 9),
(298, '0390', 1),
(299, '0301', 10),
(299, '0306', 5),
(299, '0310', 1),
(299, '0311', 10),
(299, '0313', 8),
(299, '0315', 6),
(299, '0318', 3),
(299, '0321', 10),
(299, '0322', 9),
(299, '0390', 1),
(299, '3355', 6),
(299, '3761', 10),
(300, '0301', 1),
(300, '0306', 1),
(300, '0310', 1),
(300, '0311', 1),
(300, '0313', 1),
(300, '0314', 1),
(300, '0321', 1),
(300, '0322', 1),
(300, '0390', 1),
(300, '3761', 1),
(301, '0301', 2),
(301, '0304', 5),
(301, '0306', 7),
(301, '0310', 1),
(301, '0311', 2),
(301, '0313', 4),
(301, '0314', 5),
(301, '0315', 6),
(301, '0318', 9),
(301, '0321', 2),
(301, '0322', 3),
(301, '0390', 1),
(301, '0394', 5),
(301, '3355', 6),
(301, '3761', 2),
(303, '0401', 4),
(303, '0404', 3),
(303, '0406', 9),
(303, '0413', 10),
(303, '0414', 3),
(303, '0419', 8),
(303, '0422', 7),
(303, '0431', 4),
(303, '0432', 7),
(303, '0489', 8),
(303, '0490', 1),
(303, '0494', 3),
(303, '4232', 7),
(305, '0401', 6),
(305, '0404', 1),
(305, '0405', 6),
(305, '0406', 1),
(305, '0410', 1),
(305, '0411', 6),
(305, '0414', 1),
(305, '0415', 6),
(305, '0418', 1),
(305, '0422', 1),
(305, '0464', 1),
(305, '0489', 6),
(305, '4480', 1),
(305, '4481', 6),
(306, '0401', 7),
(306, '0405', 1),
(306, '0406', 7),
(306, '0413', 9),
(306, '0414', 5),
(306, '0415', 1),
(306, '0418', 9),
(306, '0431', 7),
(306, '0489', 5),
(306, '0494', 5),
(306, '0495', 1),
(307, '0106', 3),
(307, '0114', 9),
(307, '0118', 7),
(307, '0122', 5),
(307, '0128', 7),
(307, '0132', 5),
(307, '0194', 9),
(307, '1232', 5),
(308, '0101', 9),
(308, '0106', 9),
(308, '0114', 3),
(308, '0115', 1),
(308, '0118', 5),
(308, '0122', 7),
(308, '0128', 5),
(308, '0131', 9),
(308, '0132', 7),
(308, '0191', 9),
(308, '0194', 3),
(308, '1232', 7),
(309, '0101', 10),
(309, '0106', 5),
(309, '0114', 7),
(309, '0115', 6),
(309, '0122', 9),
(309, '0124', 7),
(309, '0126', 5),
(309, '0128', 3),
(309, '0131', 10),
(309, '0194', 7),
(309, '1234', 7),
(309, '1241', 10),
(312, '0201', 3),
(312, '0206', 3),
(312, '0212', 5),
(312, '0214', 9),
(312, '0215', 1),
(312, '0218', 7),
(312, '0222', 5),
(312, '0233', 7),
(312, '0235', 1),
(312, '0294', 9),
(312, '2008', 7),
(312, '2243', 7),
(313, '0201', 4),
(313, '0206', 9),
(313, '0212', 7),
(313, '0214', 3),
(313, '0215', 6),
(313, '0222', 7),
(313, '0234', 3),
(313, '0236', 9),
(313, '0294', 3),
(313, '2008', 5),
(313, '2233', 10),
(313, '2243', 10),
(315, '0201', 6),
(315, '0206', 1),
(315, '0212', 1),
(315, '0215', 6),
(315, '0222', 1),
(315, '0275', 6),
(315, '0294', 1),
(315, '2189', 6),
(315, '2236', 1),
(315, '2237', 6),
(315, '2243', 6),
(315, '2262', 1),
(325, '0520', 1),
(325, '0522', 1),
(325, '5010', 1),
(325, '5023', 6),
(325, '5024', 1),
(325, '5025', 6),
(325, '5080', 1),
(325, '5287', 6),
(326, '1102', 3),
(326, '1440', 1),
(326, '1479', 5),
(326, '1601', 7),
(326, '1602', 3),
(326, '1604', 5),
(327, '1102', 5),
(327, '1440', 1),
(327, '1479', 4),
(327, '1601', 8),
(327, '1602', 5),
(327, '1604', 9),
(328, '2603', 5),
(328, '2606', 9),
(329, '1102', 9),
(329, '1607', 4),
(329, '1608', 3),
(329, '1609', 2),
(329, '1610', 1),
(329, '1611', 10),
(329, '1612', 9),
(331, '0124', 5),
(331, '0128', 9),
(331, '0131', 2),
(331, '0194', 5),
(331, '1234', 5),
(334, '0101', 5),
(334, '0104', 7),
(334, '0106', 5),
(334, '0113', 3),
(334, '0118', 3),
(334, '0121', 5),
(334, '3771', 5),
(336, '0104', 5),
(336, '0106', 7),
(336, '1102', 3),
(336, '1188', 9),
(336, '1591', 7),
(337, '0106', 3),
(337, '1102', 5),
(337, '1188', 7),
(337, '1591', 8),
(338, '1102', 7),
(338, '1479', 3),
(338, '1601', 9),
(338, '1602', 7),
(339, '1440', 1),
(339, '1479', 2),
(339, '1601', 10),
(339, '1602', 9),
(340, '2603', 1),
(340, '2604', 1),
(340, '2605', 1),
(341, '1607', 8),
(341, '1609', 10),
(341, '1611', 2),
(341, '1612', 3),
(342, '1102', 5),
(342, '1608', 7),
(342, '2610', 1),
(344, '0201', 5),
(344, '0206', 5),
(344, '0210', 1),
(344, '0211', 5),
(344, '0213', 3),
(344, '0214', 7),
(344, '0215', 1),
(344, '0218', 3),
(344, '0221', 5),
(344, '0222', 9),
(344, '0290', 1),
(344, '0294', 7),
(344, '2355', 1),
(344, '2761', 5),
(345, '0301', 6),
(345, '0306', 1),
(345, '0310', 1),
(345, '0311', 6),
(345, '0313', 6),
(345, '0314', 1),
(345, '0315', 6),
(345, '0318', 1),
(345, '0321', 6),
(345, '0322', 1),
(345, '0390', 1),
(345, '0394', 1),
(346, '0301', 7),
(346, '0306', 7),
(346, '0310', 1),
(346, '0311', 7),
(346, '0313', 9),
(346, '0314', 5),
(346, '0315', 1),
(346, '0318', 9),
(346, '0321', 7),
(346, '0322', 3),
(346, '0331', 7),
(346, '0390', 1),
(350, '0301', 1),
(350, '0304', 1),
(350, '0306', 1),
(350, '0310', 1),
(350, '0311', 1),
(350, '0313', 1),
(350, '0314', 1),
(350, '0315', 1),
(350, '0321', 1),
(350, '0322', 1),
(350, '0390', 1),
(350, '0394', 1),
(350, '3355', 1),
(350, '3761', 1),
(351, '0401', 2),
(351, '0405', 6),
(351, '0406', 7),
(351, '0413', 4),
(351, '0414', 5),
(351, '0415', 6),
(351, '0419', 10),
(351, '0422', 3),
(351, '0431', 2),
(351, '0432', 3),
(351, '0489', 10),
(351, '4232', 3),
(351, '4745', 6),
(357, '0106', 3),
(357, '0114', 9),
(357, '0115', 6),
(357, '0118', 7),
(357, '0122', 5),
(357, '0128', 7),
(357, '0132', 5),
(357, '0194', 9),
(357, '1232', 5),
(358, '0101', 9),
(358, '0106', 9),
(358, '0114', 3),
(358, '0115', 1),
(358, '0122', 7),
(358, '0124', 3),
(358, '0126', 9),
(358, '0128', 5),
(358, '0131', 9),
(358, '0194', 3),
(358, '1234', 3),
(358, '1241', 9),
(363, '0201', 4),
(363, '0206', 9),
(363, '0212', 7),
(363, '0214', 3),
(363, '0215', 6),
(363, '0222', 7),
(363, '0234', 3),
(363, '0236', 9),
(363, '0238', 5),
(363, '0294', 3),
(363, '2233', 10),
(363, '2249', 8),
(366, '1102', 3),
(366, '1315', 1),
(366, '1348', 9),
(366, '1997', 3),
(367, '1102', 5),
(367, '1315', 6),
(367, '1348', 7),
(367, '1997', 10),
(368, '0104', 3),
(368, '0106', 9),
(368, '1102', 7),
(368, '1362', 7),
(368, '1363', 5),
(368, '1364', 3),
(368, '1365', 1),
(368, '1367', 7),
(368, '1591', 9),
(369, '0106', 5),
(369, '1102', 9),
(369, '1362', 9),
(369, '1363', 8),
(369, '1364', 7),
(369, '1365', 6),
(369, '1367', 4),
(369, '1591', 10),
(370, '2377', 1),
(371, '0104', 5),
(371, '0106', 7),
(371, '1188', 9),
(371, '1367', 8),
(371, '1588', 9),
(371, '1591', 2),
(371, '1993', 4),
(372, '2102', 5),
(372, '2107', 5),
(372, '2197', 5),
(372, '2377', 5),
(372, '2587', 5),
(372, '2589', 9),
(373, '0506', 9),
(373, '0518', 5),
(373, '0520', 1),
(373, '0522', 7),
(373, '5010', 1),
(373, '5023', 10),
(373, '5024', 3),
(373, '5025', 6),
(373, '5080', 1),
(373, '5287', 2),
(375, '1102', 1),
(375, '1440', 1),
(375, '1479', 6),
(375, '1601', 6),
(375, '1602', 1),
(375, '1604', 1),
(376, '1102', 3),
(376, '1440', 1),
(376, '1479', 5),
(376, '1601', 7),
(376, '1602', 3),
(376, '1604', 5),
(377, '2603', 2),
(377, '2605', 6),
(379, '2377', 4),
(385, '0104', 1),
(385, '0106', 1),
(385, '1102', 1),
(385, '1188', 1),
(385, '1591', 6),
(386, '0106', 7),
(386, '1102', 3),
(386, '1188', 9),
(386, '1591', 7),
(387, '1102', 5),
(387, '1479', 4),
(387, '1601', 8),
(387, '1602', 5),
(388, '1440', 1),
(388, '1479', 3),
(388, '1601', 9),
(388, '1602', 7),
(392, '0101', 3),
(392, '0106', 3),
(392, '0110', 1),
(392, '0111', 3),
(392, '0113', 7),
(392, '0114', 9),
(392, '0115', 1),
(392, '0118', 7),
(392, '0121', 3),
(392, '0122', 5),
(392, '0190', 1),
(392, '0194', 9),
(392, '1355', 1),
(392, '1761', 3),
(393, '0201', 4),
(393, '0206', 9),
(393, '0210', 1),
(393, '0211', 4),
(393, '0213', 10),
(393, '0214', 3),
(393, '0215', 6),
(393, '0218', 5),
(393, '0221', 4),
(393, '0222', 7),
(393, '0290', 1),
(393, '0294', 3),
(393, '2355', 6),
(393, '2761', 4),
(394, '0301', 5),
(394, '0306', 5),
(394, '0310', 1),
(394, '0311', 5),
(394, '0313', 3),
(394, '0314', 7),
(394, '0315', 1),
(394, '0318', 3),
(394, '0321', 5),
(394, '0322', 9),
(394, '0390', 1),
(394, '0394', 7),
(398, '0301', 9),
(398, '0306', 9),
(398, '0310', 1),
(398, '0311', 9),
(398, '0313', 5),
(398, '0314', 3),
(398, '0318', 5),
(398, '0321', 9),
(398, '0322', 7),
(398, '0390', 1),
(398, '3761', 9),
(399, '0301', 10),
(399, '0304', 7),
(399, '0306', 5),
(399, '0310', 1),
(399, '0311', 10),
(399, '0313', 8),
(399, '0314', 7),
(399, '0315', 6),
(399, '0318', 3),
(399, '0321', 10),
(399, '0322', 9),
(399, '0390', 1),
(399, '0394', 7),
(399, '3355', 6),
(399, '3761', 10),
(400, '0401', 1),
(400, '0405', 1),
(400, '0406', 1),
(400, '0413', 1),
(400, '0414', 1),
(400, '0415', 1),
(400, '0419', 1),
(400, '0422', 1),
(400, '0431', 1),
(400, '0432', 1),
(400, '0489', 1),
(400, '4232', 1),
(400, '4745', 1),
(401, '0401', 2),
(401, '0404', 5),
(401, '0405', 6),
(401, '0406', 7),
(401, '0413', 4),
(401, '0414', 5),
(401, '0415', 6),
(401, '0419', 10),
(401, '0422', 3),
(401, '0431', 2),
(401, '0432', 3),
(401, '0489', 10),
(401, '0490', 1),
(401, '0494', 5),
(401, '4232', 3),
(401, '4745', 6),
(402, '0401', 3),
(402, '0405', 1),
(402, '0410', 1),
(402, '0411', 3),
(402, '0413', 7),
(402, '0414', 9),
(402, '0415', 1),
(402, '0418', 7),
(402, '0422', 5),
(402, '0431', 3),
(402, '0489', 9),
(402, '0494', 9),
(402, '0495', 1),
(403, '0113', 10),
(403, '0401', 4),
(403, '0404', 3),
(403, '0406', 9),
(403, '0410', 1),
(403, '0411', 4),
(403, '0413', 10),
(403, '0414', 3),
(403, '0418', 5),
(403, '0422', 7),
(403, '0464', 3),
(403, '0489', 8),
(403, '4480', 1),
(403, '4481', 4),
(411, '0201', 2),
(411, '0206', 7),
(411, '0212', 3),
(411, '0214', 5),
(411, '0215', 6),
(411, '0222', 3),
(411, '0234', 5),
(411, '0236', 7),
(411, '0294', 5),
(411, '2008', 9),
(411, '2233', 4),
(411, '2243', 4),
(412, '0201', 3),
(412, '0206', 3),
(412, '0212', 5),
(412, '0214', 9),
(412, '0215', 1),
(412, '0222', 5),
(412, '0234', 9),
(412, '0236', 3),
(412, '0238', 7),
(412, '0294', 9),
(412, '2233', 7),
(412, '2249', 9),
(413, '0201', 4),
(413, '0206', 9),
(413, '0212', 7),
(413, '0215', 6),
(413, '0222', 7),
(413, '0275', 6),
(413, '0294', 3),
(413, '2189', 8),
(413, '2236', 9),
(413, '2237', 2),
(413, '2243', 10),
(413, '2262', 7),
(414, '0201', 5),
(414, '0204', 7),
(414, '0206', 5),
(414, '0212', 9),
(414, '0214', 7),
(414, '0215', 1),
(414, '0222', 9),
(414, '0275', 1),
(414, '0292', 9),
(414, '0294', 7),
(414, '2189', 7),
(414, '2236', 5),
(414, '2237', 9),
(414, '2243', 3),
(414, '2262', 9),
(415, '1102', 1),
(415, '1315', 6),
(415, '1348', 1),
(415, '1997', 6),
(416, '1102', 3),
(416, '1315', 1),
(416, '1348', 9),
(416, '1997', 3),
(423, '0518', 5),
(423, '0520', 1),
(423, '0522', 7),
(423, '5010', 1),
(423, '5023', 10),
(423, '5024', 3),
(423, '5025', 6),
(423, '5080', 1),
(423, '5287', 2),
(425, '1102', 1),
(425, '1440', 1),
(425, '1479', 6),
(425, '1601', 6),
(425, '1602', 1),
(425, '1604', 1),
(426, '2603', 9),
(426, '2605', 1),
(426, '2606', 7),
(427, '1102', 5),
(427, '1607', 10),
(427, '1608', 7),
(427, '1609', 4),
(427, '1610', 1),
(427, '1611', 8),
(427, '1612', 5),
(428, '2377', 7),
(429, '0128', 3),
(429, '0131', 10),
(430, '0118', 1),
(430, '0128', 1),
(430, '0131', 1),
(430, '0194', 1),
(430, '1232', 1),
(433, '0506', 9),
(433, '5009', 8),
(433, '5013', 10),
(433, '5022', 7),
(433, '5097', 2),
(433, '5286', 9),
(436, '1102', 3),
(436, '1479', 5),
(436, '1601', 7),
(436, '1602', 3),
(438, '2603', 5),
(438, '2604', 3),
(438, '2605', 1),
(442, '0201', 3),
(442, '0206', 3),
(442, '0210', 1),
(442, '0211', 3),
(442, '0213', 7),
(442, '0214', 9),
(442, '0215', 1),
(442, '0218', 7),
(442, '0221', 3),
(442, '0222', 5),
(442, '0290', 1),
(442, '0294', 9),
(442, '2355', 1),
(442, '2761', 3),
(443, '0301', 4),
(443, '0306', 9),
(443, '0310', 1),
(443, '0311', 4),
(443, '0313', 10),
(443, '0314', 3),
(443, '0315', 6),
(443, '0318', 5),
(443, '0321', 4),
(443, '0322', 7),
(443, '0390', 1),
(443, '0394', 3),
(445, '0301', 6),
(445, '0304', 1),
(445, '0306', 1),
(445, '0310', 1),
(445, '0311', 6),
(445, '0313', 6),
(445, '0314', 1),
(445, '0315', 6),
(445, '0318', 1),
(445, '0321', 6),
(445, '0322', 1),
(445, '0331', 6),
(445, '0390', 1),
(446, '0301', 7),
(446, '0306', 7),
(446, '0310', 1),
(446, '0311', 7),
(446, '0313', 9),
(446, '0315', 1),
(446, '0318', 9),
(446, '0321', 7),
(446, '0322', 3),
(446, '0390', 1),
(446, '3355', 1),
(446, '3761', 7),
(447, '0301', 8),
(447, '0306', 3),
(447, '0310', 1),
(447, '0311', 8),
(447, '0313', 2),
(447, '0314', 9),
(447, '0318', 7),
(447, '0321', 8),
(447, '0322', 5),
(447, '0390', 1),
(447, '3761', 8),
(448, '0301', 9),
(448, '0304', 3),
(448, '0306', 9),
(448, '0310', 1),
(448, '0311', 9),
(448, '0313', 5),
(448, '0314', 3),
(448, '0315', 1),
(448, '0318', 5),
(448, '0321', 9),
(448, '0322', 7),
(448, '0390', 1),
(448, '0394', 3),
(448, '3355', 1),
(448, '3761', 9),
(449, '0401', 10),
(449, '0405', 6),
(449, '0406', 5),
(449, '0413', 8),
(449, '0414', 7),
(449, '0415', 6),
(449, '0422', 9),
(449, '0431', 10),
(449, '0432', 9),
(449, '4232', 9),
(449, '4745', 6),
(456, '0101', 7),
(456, '0106', 7),
(456, '0114', 5),
(456, '0115', 1),
(456, '0124', 5),
(456, '0126', 7),
(456, '0128', 9),
(456, '0131', 7),
(456, '0194', 5),
(456, '1234', 5),
(456, '1241', 7),
(458, '0101', 9),
(458, '0106', 9),
(458, '0114', 3),
(458, '0115', 1),
(458, '0122', 7),
(458, '0128', 5),
(458, '0131', 9),
(458, '0194', 3),
(458, '1021', 9),
(458, '1234', 3),
(458, '1236', 9),
(458, '1241', 9),
(459, '0201', 10),
(459, '0206', 5),
(459, '0212', 9),
(459, '0214', 7),
(459, '0215', 6),
(459, '0218', 3),
(459, '0222', 9),
(459, '0233', 8),
(459, '0235', 6),
(459, '0294', 7),
(459, '2008', 3),
(459, '2243', 8),
(461, '0201', 2),
(461, '0206', 7),
(461, '0212', 3),
(461, '0214', 5),
(461, '0215', 6),
(461, '0222', 3),
(461, '0234', 5),
(461, '0236', 7),
(461, '0238', 9),
(461, '0294', 5),
(461, '2233', 4),
(461, '2249', 10),
(463, '0201', 4),
(463, '0204', 3),
(463, '0206', 9),
(463, '0212', 7),
(463, '0214', 3),
(463, '0215', 6),
(463, '0222', 7),
(463, '0275', 6),
(463, '0292', 7),
(463, '0294', 3),
(463, '2189', 8),
(463, '2236', 9),
(463, '2237', 2),
(463, '2243', 10),
(463, '2262', 7),
(467, '0106', 3),
(467, '1102', 5),
(467, '1362', 5),
(467, '1363', 2),
(467, '1364', 9),
(467, '1365', 6),
(467, '1367', 10),
(467, '1591', 8),
(468, '2377', 7),
(469, '0104', 7),
(469, '0106', 5),
(469, '1188', 3),
(469, '1367', 4),
(469, '1588', 3),
(469, '1591', 10),
(469, '1993', 8),
(470, '2102', 1),
(470, '2107', 1),
(470, '2197', 1),
(470, '2377', 1),
(470, '2587', 1),
(470, '2589', 1),
(471, '0506', 7),
(471, '0518', 9),
(471, '0520', 1),
(471, '0522', 3),
(471, '5010', 1),
(471, '5023', 4),
(471, '5024', 5),
(471, '5025', 6),
(471, '5080', 1),
(471, '5287', 8),
(472, '0518', 7),
(472, '0520', 1),
(472, '0522', 5),
(472, '5010', 1),
(472, '5023', 7),
(472, '5024', 9),
(472, '5025', 1),
(472, '5080', 1),
(472, '5287', 5),
(473, '1102', 7),
(473, '1440', 1),
(473, '1479', 8),
(473, '1601', 4),
(473, '1602', 7),
(473, '1604', 3),
(474, '1102', 9),
(474, '1440', 1),
(474, '1601', 5),
(474, '1602', 9),
(474, '1604', 7),
(475, '2603', 6),
(475, '2605', 6),
(475, '2606', 1),
(476, '1102', 3),
(476, '1608', 9),
(476, '1609', 5),
(476, '1610', 1),
(476, '1611', 7),
(476, '1612', 3),
(477, '2377', 10),
(478, '0124', 3),
(478, '0128', 5),
(478, '0131', 9),
(478, '0194', 3),
(478, '1234', 3),
(479, '0118', 3),
(479, '0128', 3),
(479, '0131', 10),
(479, '1232', 9),
(483, '0104', 3),
(483, '0106', 9),
(483, '1102', 7),
(483, '1188', 5),
(483, '1591', 4),
(484, '0106', 5),
(484, '1102', 9),
(484, '1188', 3),
(484, '1591', 5),
(490, '0101', 1),
(490, '0106', 1),
(490, '0110', 1),
(490, '0111', 1),
(490, '0113', 1),
(490, '0114', 1),
(490, '0115', 1),
(490, '0118', 1),
(490, '0121', 1),
(490, '0122', 1),
(490, '0190', 1),
(490, '0194', 1),
(490, '1355', 1),
(490, '1761', 1),
(492, '0301', 3),
(492, '0306', 3),
(492, '0310', 1),
(492, '0311', 3),
(492, '0313', 7),
(492, '0314', 9),
(492, '0315', 1),
(492, '0318', 7),
(492, '0321', 3),
(492, '0322', 5),
(492, '0390', 1),
(492, '0394', 9),
(493, '0301', 4),
(493, '0306', 9),
(493, '0310', 1),
(493, '0311', 4),
(493, '0313', 10),
(493, '0314', 3),
(493, '0315', 6),
(493, '0318', 5),
(493, '0321', 4),
(493, '0322', 7),
(493, '0331', 4),
(493, '0390', 1),
(494, '0301', 5),
(494, '0304', 7),
(494, '0306', 5),
(494, '0310', 1),
(494, '0311', 5),
(494, '0313', 3),
(494, '0314', 7),
(494, '0315', 1),
(494, '0318', 3),
(494, '0321', 5),
(494, '0322', 9),
(494, '0331', 5),
(494, '0390', 1),
(496, '0301', 7),
(496, '0306', 7),
(496, '0310', 1),
(496, '0311', 7),
(496, '0313', 9),
(496, '0314', 5),
(496, '0318', 9),
(496, '0321', 7),
(496, '0322', 3),
(496, '0390', 1),
(496, '3761', 7),
(497, '0301', 8),
(497, '0304', 9),
(497, '0306', 3),
(497, '0310', 1),
(497, '0311', 8),
(497, '0313', 2),
(497, '0314', 9),
(497, '0315', 6),
(497, '0318', 7),
(497, '0321', 8),
(497, '0322', 5),
(497, '0390', 1),
(497, '0394', 9),
(497, '3355', 6),
(497, '3761', 8),
(498, '0401', 9),
(498, '0405', 1),
(498, '0406', 9),
(498, '0413', 5),
(498, '0414', 3),
(498, '0415', 1),
(498, '0419', 3),
(498, '0422', 7),
(498, '0431', 9),
(498, '0432', 7),
(498, '0489', 3),
(498, '4232', 7),
(498, '4745', 1),
(499, '0401', 10),
(499, '0404', 7),
(499, '0405', 6),
(499, '0406', 5),
(499, '0413', 8),
(499, '0414', 7),
(499, '0415', 6),
(499, '0422', 9),
(499, '0431', 10),
(499, '0432', 9),
(499, '0490', 1),
(499, '0494', 7),
(499, '4232', 9),
(499, '4745', 6),
(500, '0401', 1),
(500, '0405', 1),
(500, '0406', 1),
(500, '0410', 1),
(500, '0411', 1),
(500, '0413', 1),
(500, '0414', 1),
(500, '0415', 1),
(500, '0422', 1),
(500, '0431', 1),
(500, '0489', 1),
(500, '0494', 1),
(500, '0495', 1),
(501, '0113', 4),
(501, '0401', 2),
(501, '0404', 5),
(501, '0405', 6),
(501, '0406', 7),
(501, '0410', 1),
(501, '0411', 2),
(501, '0413', 4),
(501, '0414', 5),
(501, '0415', 6),
(501, '0418', 9),
(501, '0422', 3),
(501, '0464', 5),
(501, '0489', 10),
(501, '4480', 1),
(501, '4481', 2),
(502, '0401', 3),
(502, '0405', 1),
(502, '0413', 7),
(502, '0414', 9),
(502, '0415', 1),
(502, '0418', 7),
(502, '0422', 5),
(502, '0431', 3),
(502, '0489', 9),
(502, '0494', 9),
(502, '0495', 1),
(502, '4232', 5),
(503, '0101', 4),
(503, '0106', 9),
(503, '0114', 3),
(503, '0118', 5),
(503, '0122', 7),
(503, '0128', 5),
(503, '0131', 4),
(503, '0132', 7),
(503, '0194', 3),
(503, '1232', 7),
(504, '0101', 5),
(504, '0106', 5),
(504, '0115', 1),
(504, '0118', 3),
(504, '0122', 9),
(504, '0128', 3),
(504, '0131', 5),
(504, '0132', 9),
(504, '0191', 5),
(504, '1232', 9),
(506, '0101', 7),
(506, '0106', 7),
(506, '0114', 5),
(506, '0128', 9),
(506, '0131', 7),
(506, '0194', 5),
(506, '1021', 7),
(506, '1234', 5),
(506, '1236', 7),
(507, '0106', 3),
(507, '0114', 9),
(507, '0115', 6),
(507, '0122', 5),
(507, '0128', 7),
(507, '0194', 9),
(507, '1234', 9),
(507, '1236', 3),
(508, '0201', 9),
(508, '0206', 9),
(508, '0212', 7),
(508, '0214', 3),
(508, '0215', 1),
(508, '0218', 5),
(508, '0222', 7),
(508, '0233', 5),
(508, '0235', 1),
(508, '0294', 3),
(508, '2008', 5),
(508, '2243', 5),
(509, '0201', 10),
(509, '0206', 5),
(509, '0212', 9),
(509, '0214', 7),
(509, '0215', 6),
(509, '0222', 9),
(509, '0234', 7),
(509, '0236', 5),
(509, '0294', 7),
(509, '2008', 3),
(509, '2233', 8),
(509, '2243', 8),
(510, '0201', 1),
(510, '0206', 1),
(510, '0212', 1),
(510, '0214', 1),
(510, '0215', 1),
(510, '0222', 1),
(510, '0234', 1),
(510, '0236', 1),
(510, '0238', 1),
(510, '0294', 1),
(510, '2233', 1),
(510, '2249', 1),
(516, '0106', 7),
(516, '1102', 3),
(516, '1362', 3),
(516, '1363', 9),
(516, '1364', 5),
(516, '1365', 1),
(516, '1367', 3),
(516, '1591', 7),
(517, '2377', 10),
(518, '0104', 3),
(518, '0106', 9),
(518, '1188', 5),
(518, '1367', 7),
(518, '1588', 5),
(518, '1591', 9),
(518, '1993', 5),
(519, '2102', 9),
(519, '2107', 4),
(519, '2197', 4),
(519, '2377', 4),
(519, '2587', 4),
(519, '2589', 2),
(523, '1102', 7),
(523, '1440', 1),
(523, '1479', 8),
(523, '1601', 4),
(523, '1602', 7),
(523, '1604', 3),
(530, '0101', 1),
(530, '0104', 1),
(530, '0106', 1),
(530, '0118', 1),
(530, '0121', 1),
(530, '3771', 1),
(536, '2603', 9),
(536, '2604', 5),
(536, '2605', 1),
(537, '1607', 10),
(537, '1609', 4),
(537, '1611', 8),
(537, '1612', 5),
(538, '1102', 7),
(538, '1608', 5),
(538, '2610', 1),
(539, '0101', 10),
(539, '0106', 5),
(539, '0110', 1),
(539, '0111', 10),
(539, '0113', 8),
(539, '0114', 7),
(539, '0115', 6),
(539, '0118', 3),
(539, '0121', 10),
(539, '0122', 9),
(539, '0190', 1),
(539, '0194', 7),
(539, '1355', 6),
(539, '1761', 10),
(540, '0201', 1),
(540, '0206', 1),
(540, '0210', 1),
(540, '0211', 1),
(540, '0213', 1),
(540, '0214', 1),
(540, '0215', 1),
(540, '0218', 1),
(540, '0221', 1),
(540, '0222', 1),
(540, '0290', 1),
(540, '0294', 1),
(540, '2355', 1),
(540, '2761', 1),
(541, '0301', 2),
(541, '0306', 7),
(541, '0310', 1),
(541, '0311', 2),
(541, '0313', 4),
(541, '0314', 5),
(541, '0315', 6),
(541, '0318', 9),
(541, '0321', 2),
(541, '0322', 3),
(541, '0390', 1),
(541, '0394', 5),
(542, '0301', 3),
(542, '0306', 3),
(542, '0310', 1),
(542, '0311', 3),
(542, '0313', 7),
(542, '0314', 9),
(542, '0315', 1),
(542, '0318', 7),
(542, '0321', 3),
(542, '0322', 5),
(542, '0331', 3),
(542, '0390', 1),
(543, '0301', 4),
(543, '0304', 3),
(543, '0306', 9),
(543, '0310', 1),
(543, '0311', 4),
(543, '0313', 10),
(543, '0314', 3),
(543, '0315', 6),
(543, '0318', 5),
(543, '0321', 4),
(543, '0322', 7),
(543, '0331', 4),
(543, '0390', 1),
(544, '0301', 5),
(544, '0306', 5),
(544, '0310', 1),
(544, '0311', 5),
(544, '0313', 3),
(544, '0315', 1),
(544, '0318', 3),
(544, '0321', 5),
(544, '0322', 9),
(544, '0390', 1),
(544, '3355', 1),
(544, '3761', 5),
(546, '0301', 7),
(546, '0304', 5),
(546, '0306', 7),
(546, '0310', 1),
(546, '0311', 7),
(546, '0313', 9),
(546, '0314', 5),
(546, '0315', 1),
(546, '0318', 9),
(546, '0321', 7),
(546, '0322', 3),
(546, '0390', 1),
(546, '0394', 5),
(546, '3355', 1),
(546, '3761', 7),
(547, '0401', 8),
(547, '0405', 6),
(547, '0406', 3),
(547, '0413', 2),
(547, '0414', 9),
(547, '0415', 6),
(547, '0419', 4),
(547, '0422', 5),
(547, '0431', 8),
(547, '0432', 5),
(547, '0489', 4),
(547, '4232', 5),
(547, '4745', 6),
(548, '0401', 9),
(548, '0404', 3),
(548, '0405', 1),
(548, '0406', 9),
(548, '0413', 5),
(548, '0414', 3),
(548, '0415', 1),
(548, '0419', 3),
(548, '0422', 7),
(548, '0431', 9),
(548, '0432', 7),
(548, '0489', 3),
(548, '0490', 1),
(548, '0494', 3),
(548, '4232', 7),
(548, '4745', 1),
(550, '0113', 1),
(550, '0401', 1),
(550, '0404', 1),
(550, '0405', 1),
(550, '0406', 1),
(550, '0410', 1),
(550, '0411', 1),
(550, '0413', 1),
(550, '0414', 1),
(550, '0415', 1),
(550, '0422', 1),
(550, '0464', 1),
(550, '0489', 1),
(550, '4480', 1),
(550, '4481', 1),
(551, '0401', 2),
(551, '0405', 6),
(551, '0406', 7),
(551, '0413', 4),
(551, '0414', 5),
(551, '0415', 6),
(551, '0418', 9),
(551, '0422', 3),
(551, '0431', 2),
(551, '0489', 10),
(551, '0494', 5),
(551, '0495', 6),
(551, '4232', 3),
(554, '0101', 5),
(554, '0106', 5),
(554, '0115', 1),
(554, '0122', 9),
(554, '0126', 5),
(554, '0128', 3),
(554, '0131', 5),
(554, '1241', 5),
(555, '0101', 6),
(555, '0106', 1),
(555, '0114', 1),
(555, '0122', 1),
(555, '0128', 1),
(555, '0131', 6),
(555, '0194', 1),
(555, '1021', 6),
(555, '1234', 1),
(555, '1236', 1),
(557, '0206', 3),
(557, '0212', 5),
(557, '0214', 9),
(557, '0215', 6),
(557, '0218', 7),
(557, '0222', 5),
(557, '0233', 2),
(557, '0235', 6),
(557, '0294', 9),
(557, '2008', 7),
(557, '2243', 2),
(558, '0201', 9),
(558, '0206', 9),
(558, '0212', 7),
(558, '0214', 3),
(558, '0215', 1),
(558, '0222', 7),
(558, '0234', 3),
(558, '0236', 9),
(558, '0294', 3),
(558, '2008', 5),
(558, '2233', 5),
(558, '2243', 5),
(560, '0201', 1),
(560, '0206', 1),
(560, '0212', 1),
(560, '0215', 1),
(560, '0222', 1),
(560, '0275', 1),
(560, '0294', 1),
(560, '2189', 1),
(560, '2236', 1),
(560, '2237', 1),
(560, '2243', 1),
(560, '2262', 1),
(562, '1102', 5),
(562, '1315', 1),
(562, '1348', 7),
(562, '1997', 5),
(563, '1102', 7),
(563, '1315', 6),
(563, '1348', 5),
(563, '1997', 2),
(566, '2377', 3),
(567, '0104', 9),
(567, '0106', 3),
(567, '1188', 7),
(567, '1367', 10),
(567, '1588', 7),
(567, '1591', 8),
(567, '1993', 2),
(579, '0101', 10),
(579, '0106', 5),
(579, '0113', 8),
(579, '0118', 3),
(579, '0121', 10),
(579, '3771', 10),
(580, '0506', 1),
(580, '5009', 1),
(580, '5010', 1),
(580, '5022', 1),
(580, '5080', 1),
(580, '5097', 1),
(580, '5286', 1),
(581, '0104', 5),
(581, '0106', 7),
(581, '1188', 9),
(581, '1591', 2),
(582, '0106', 3),
(582, '1102', 5),
(582, '1188', 7),
(583, '1102', 7),
(583, '1479', 8),
(583, '1601', 4),
(583, '1602', 7),
(584, '1440', 1),
(584, '1479', 7),
(584, '1601', 5),
(584, '1602', 9),
(585, '2603', 6),
(585, '2604', 1),
(585, '2605', 6),
(586, '1607', 3),
(586, '1609', 5),
(586, '1611', 7),
(586, '1612', 3),
(587, '1102', 5),
(587, '1608', 7),
(587, '2610', 1),
(588, '0101', 9),
(588, '0106', 9),
(588, '0110', 1),
(588, '0111', 9),
(588, '0113', 5),
(588, '0114', 3),
(588, '0115', 1),
(588, '0118', 5),
(588, '0121', 9),
(588, '0122', 7),
(588, '0190', 1),
(588, '0194', 3),
(588, '1355', 1),
(588, '1761', 9),
(589, '0201', 10),
(589, '0206', 5),
(589, '0210', 1),
(589, '0211', 10),
(589, '0213', 8),
(589, '0214', 7),
(589, '0215', 6),
(589, '0218', 3),
(589, '0221', 10),
(589, '0222', 9),
(589, '0290', 1),
(589, '0294', 7),
(589, '2355', 6),
(589, '2761', 10),
(591, '0301', 2),
(591, '0306', 7),
(591, '0310', 1),
(591, '0311', 2),
(591, '0313', 4),
(591, '0314', 5),
(591, '0315', 6),
(591, '0318', 9),
(591, '0321', 2),
(591, '0322', 3),
(591, '0331', 2),
(591, '0390', 1),
(592, '0301', 3),
(592, '0304', 9),
(592, '0306', 3),
(592, '0310', 1),
(592, '0311', 3),
(592, '0313', 7),
(592, '0314', 9),
(592, '0315', 1),
(592, '0318', 7),
(592, '0321', 3),
(592, '0322', 5),
(592, '0331', 3),
(592, '0390', 1),
(593, '0301', 4),
(593, '0306', 9),
(593, '0310', 1),
(593, '0311', 4),
(593, '0313', 10),
(593, '0315', 6),
(593, '0318', 5),
(593, '0321', 4),
(593, '0322', 7),
(593, '0390', 1),
(593, '3355', 6),
(593, '3761', 4),
(594, '0301', 5),
(594, '0306', 5),
(594, '0310', 1),
(594, '0311', 5),
(594, '0313', 3),
(594, '0314', 7),
(594, '0318', 3),
(594, '0321', 5),
(594, '0322', 9),
(594, '0390', 1),
(594, '3761', 5),
(595, '0301', 6),
(595, '0304', 1),
(595, '0306', 1),
(595, '0310', 1),
(595, '0311', 6),
(595, '0313', 6),
(595, '0314', 1),
(595, '0315', 6),
(595, '0318', 1),
(595, '0321', 6),
(595, '0322', 1),
(595, '0390', 1),
(595, '0394', 1),
(595, '3355', 6),
(595, '3761', 6),
(596, '0401', 7),
(596, '0405', 1),
(596, '0406', 7),
(596, '0413', 9),
(596, '0414', 5),
(596, '0415', 1),
(596, '0419', 5),
(596, '0422', 3),
(596, '0431', 7),
(596, '0432', 3),
(596, '0489', 5),
(596, '4232', 3),
(596, '4745', 1),
(600, '0401', 1),
(600, '0405', 1),
(600, '0406', 1),
(600, '0413', 1),
(600, '0414', 1),
(600, '0415', 1),
(600, '0422', 1),
(600, '0431', 1),
(600, '0489', 1),
(600, '0494', 1),
(600, '0495', 1),
(600, '4232', 1),
(604, '0101', 5),
(604, '0106', 5),
(604, '0122', 9),
(604, '0128', 3),
(604, '0131', 5),
(604, '1021', 5),
(604, '1236', 5),
(608, '0201', 9),
(608, '0206', 9),
(608, '0212', 7),
(608, '0214', 3),
(608, '0215', 1),
(608, '0222', 7),
(608, '0234', 3),
(608, '0236', 9),
(608, '0238', 5),
(608, '0294', 3),
(608, '2233', 5),
(608, '2249', 3),
(609, '0201', 10),
(609, '0206', 5),
(609, '0212', 9),
(609, '0215', 6),
(609, '0222', 9),
(609, '0275', 6),
(609, '0294', 7),
(609, '2189', 2),
(609, '2236', 5),
(609, '2237', 4),
(609, '2243', 8),
(609, '2262', 9),
(610, '0201', 1),
(610, '0204', 1),
(610, '0206', 1),
(610, '0212', 1),
(610, '0214', 1),
(610, '0215', 1),
(610, '0222', 1),
(610, '0275', 1),
(610, '0292', 1),
(610, '0294', 1),
(610, '2189', 1),
(610, '2236', 1),
(610, '2237', 1),
(610, '2243', 1),
(610, '2262', 1),
(613, '0104', 3),
(613, '0106', 9),
(613, '1102', 7),
(613, '1362', 7),
(613, '1363', 10),
(613, '1364', 3),
(613, '1365', 6),
(613, '1367', 2),
(613, '1591', 4),
(616, '0104', 5),
(616, '0106', 7),
(616, '1188', 9),
(616, '1367', 3),
(616, '1588', 9),
(616, '1591', 7),
(616, '1993', 9),
(619, '0518', 3),
(619, '0520', 1),
(619, '0522', 9),
(619, '5010', 1),
(619, '5023', 8),
(619, '5024', 7),
(619, '5025', 6),
(619, '5080', 1),
(619, '5287', 4),
(620, '1102', 1),
(620, '1440', 1),
(620, '1479', 1),
(620, '1601', 1),
(620, '1602', 1),
(620, '1604', 1),
(621, '1102', 3),
(621, '1440', 1),
(621, '1479', 10),
(621, '1601', 2),
(621, '1602', 3),
(621, '1604', 5),
(622, '2603', 7),
(622, '2605', 1),
(622, '2606', 3),
(624, '2377', 9),
(628, '0101', 9),
(628, '0104', 3),
(628, '0106', 9),
(628, '0113', 5),
(628, '0118', 5),
(628, '0121', 9),
(628, '3771', 9),
(630, '0104', 1),
(630, '0106', 1),
(630, '1102', 1),
(630, '1188', 1),
(630, '1591', 1),
(631, '0106', 7),
(631, '1188', 9),
(631, '1591', 2),
(633, '1479', 8),
(633, '1601', 4),
(633, '1602', 7),
(634, '2603', 3),
(634, '2604', 7),
(634, '2605', 1),
(635, '1607', 6),
(635, '1609', 6),
(635, '1611', 6),
(635, '1612', 1),
(636, '1102', 3),
(636, '1608', 9),
(636, '2610', 1),
(639, '0301', 10),
(639, '0306', 5),
(639, '0310', 1),
(639, '0311', 10),
(639, '0313', 8),
(639, '0314', 7),
(639, '0315', 6),
(639, '0318', 3),
(639, '0321', 10),
(639, '0322', 9),
(639, '0390', 1),
(639, '0394', 7),
(640, '0301', 1),
(640, '0306', 1),
(640, '0310', 1),
(640, '0311', 1),
(640, '0313', 1),
(640, '0314', 1),
(640, '0315', 1),
(640, '0318', 1),
(640, '0321', 1),
(640, '0322', 1),
(640, '0331', 1),
(640, '0390', 1),
(642, '0301', 3),
(642, '0306', 3),
(642, '0310', 1),
(642, '0311', 3),
(642, '0313', 7),
(642, '0315', 1),
(642, '0318', 7),
(642, '0321', 3),
(642, '0322', 5),
(642, '0390', 1),
(642, '3355', 1),
(642, '3761', 3),
(644, '0301', 5),
(644, '0304', 7),
(644, '0306', 5),
(644, '0310', 1),
(644, '0311', 5),
(644, '0313', 3),
(644, '0314', 7),
(644, '0315', 1),
(644, '0318', 3),
(644, '0321', 5),
(644, '0322', 9),
(644, '0390', 1),
(644, '0394', 7),
(644, '3355', 1),
(644, '3761', 5),
(645, '0401', 6),
(645, '0405', 6),
(645, '0406', 1),
(645, '0413', 6),
(645, '0414', 1),
(645, '0415', 6),
(645, '0419', 6),
(645, '0422', 1),
(645, '0431', 6),
(645, '0432', 1),
(645, '0489', 6),
(645, '4232', 1),
(645, '4745', 6),
(649, '0401', 10),
(649, '0405', 6),
(649, '0406', 5),
(649, '0413', 8),
(649, '0414', 7),
(649, '0415', 6),
(649, '0418', 3),
(649, '0422', 9),
(649, '0431', 10),
(649, '0494', 7),
(649, '0495', 6),
(649, '4232', 9),
(650, '0101', 1),
(650, '0106', 1),
(650, '0114', 1),
(650, '0122', 1),
(650, '0131', 1),
(650, '0132', 1),
(650, '0194', 1),
(650, '1232', 1),
(651, '0101', 2),
(651, '0106', 7),
(651, '0114', 5),
(651, '0115', 6),
(651, '0118', 9),
(651, '0122', 3),
(651, '0128', 9),
(651, '0131', 2),
(651, '0132', 3),
(651, '0191', 2),
(651, '0194', 5),
(651, '1232', 3),
(656, '0201', 7),
(656, '0206', 7),
(656, '0214', 5),
(656, '0215', 1),
(656, '0234', 5),
(656, '0236', 7),
(656, '0294', 5),
(656, '2008', 9),
(656, '2233', 9),
(656, '2243', 9),
(658, '0201', 9),
(658, '0206', 9),
(658, '0212', 7),
(658, '0215', 1),
(658, '0222', 7),
(658, '0275', 1),
(658, '0294', 3),
(658, '2189', 3),
(658, '2236', 9),
(658, '2237', 7),
(658, '2243', 5),
(658, '2262', 7),
(659, '0201', 10),
(659, '0204', 7),
(659, '0206', 5),
(659, '0212', 9),
(659, '0214', 7),
(659, '0215', 6),
(659, '0222', 9),
(659, '0275', 6),
(659, '0292', 9),
(659, '0294', 7),
(659, '2189', 2),
(659, '2236', 5),
(659, '2237', 4),
(659, '2243', 8),
(659, '2262', 9),
(660, '1102', 1),
(660, '1315', 1),
(660, '1348', 1),
(660, '1997', 1),
(666, '2102', 3),
(666, '2107', 3),
(666, '2197', 3),
(666, '2377', 3),
(666, '2587', 3),
(666, '2589', 5),
(667, '0506', 3),
(667, '0518', 7),
(667, '0520', 1),
(667, '0522', 5),
(667, '5010', 1),
(667, '5023', 2),
(667, '5024', 9),
(667, '5025', 6),
(667, '5080', 1),
(667, '5287', 10),
(668, '0518', 5),
(668, '0520', 1),
(668, '0522', 7),
(668, '5010', 1),
(668, '5023', 5),
(668, '5024', 3),
(668, '5025', 1),
(668, '5080', 1),
(668, '5287', 7),
(669, '1102', 9),
(669, '1440', 1),
(669, '1479', 2),
(669, '1601', 10),
(669, '1602', 9),
(669, '1604', 7),
(670, '1102', 1),
(670, '1440', 1),
(670, '1479', 1),
(670, '1601', 1),
(670, '1602', 1),
(670, '1604', 1),
(671, '2603', 4),
(671, '2605', 6),
(671, '2606', 7),
(672, '1102', 5),
(672, '1607', 5),
(672, '1608', 7),
(672, '1609', 9),
(672, '1610', 1),
(672, '1611', 3),
(672, '1612', 5),
(673, '2377', 2),
(675, '0131', 6),
(675, '0194', 1),
(675, '1232', 1),
(689, '0301', 10),
(689, '0306', 5),
(689, '0310', 1),
(689, '0311', 10),
(689, '0313', 8),
(689, '0314', 7),
(689, '0315', 6),
(689, '0318', 3),
(689, '0321', 10),
(689, '0322', 9),
(689, '0331', 10),
(689, '0390', 1),
(692, '0301', 3),
(692, '0306', 3),
(692, '0310', 1),
(692, '0311', 3),
(692, '0313', 7),
(692, '0314', 9),
(692, '0318', 7),
(692, '0321', 3),
(692, '0322', 5),
(692, '0390', 1),
(692, '3761', 3),
(694, '0401', 5),
(694, '0405', 1),
(694, '0406', 5),
(694, '0413', 3),
(694, '0414', 7),
(694, '0415', 1),
(694, '0419', 7),
(694, '0422', 9),
(694, '0431', 5),
(694, '0432', 9),
(694, '0489', 7),
(694, '4232', 9),
(694, '4745', 1),
(695, '0401', 6),
(695, '0404', 1),
(695, '0405', 6),
(695, '0406', 1),
(695, '0413', 6),
(695, '0414', 1),
(695, '0415', 6),
(695, '0419', 6),
(695, '0422', 1),
(695, '0431', 6),
(695, '0432', 1),
(695, '0489', 6),
(695, '0490', 1),
(695, '0494', 1),
(695, '4232', 1),
(695, '4745', 6),
(697, '0113', 2),
(697, '0401', 8),
(697, '0404', 9),
(697, '0405', 6),
(697, '0406', 3),
(697, '0410', 1),
(697, '0411', 8),
(697, '0413', 2),
(697, '0414', 9),
(697, '0415', 6),
(697, '0418', 7),
(697, '0422', 5),
(697, '0464', 9),
(697, '0489', 4),
(697, '4480', 1),
(697, '4481', 8),
(698, '0401', 9),
(698, '0405', 1),
(698, '0406', 9),
(698, '0413', 5),
(698, '0414', 3),
(698, '0415', 1),
(698, '0418', 5),
(698, '0422', 7),
(698, '0431', 9),
(698, '0489', 3),
(698, '0494', 3),
(698, '0495', 1),
(698, '4232', 7),
(699, '0101', 10),
(699, '0106', 5),
(699, '0114', 7),
(699, '0118', 3),
(699, '0122', 9),
(699, '0128', 3),
(699, '0131', 10),
(699, '0132', 9),
(699, '0194', 7),
(699, '1232', 9),
(700, '0101', 1),
(700, '0106', 1),
(700, '0114', 1),
(700, '0115', 1),
(700, '0122', 1),
(700, '0131', 1),
(700, '0132', 1),
(700, '0191', 1),
(700, '0194', 1),
(700, '1232', 1),
(702, '0101', 3),
(702, '0114', 9),
(702, '0122', 5),
(702, '0128', 7),
(702, '0131', 3),
(702, '0194', 9),
(702, '1021', 3),
(702, '1234', 9),
(703, '0101', 4),
(703, '0106', 9),
(703, '0114', 3),
(703, '0122', 7),
(703, '0128', 5),
(703, '0131', 4),
(703, '0194', 3),
(703, '1021', 4),
(703, '1234', 3),
(703, '1236', 9),
(703, '1241', 4),
(705, '0201', 6),
(705, '0206', 1),
(705, '0212', 1),
(705, '0214', 1),
(705, '0215', 6),
(705, '0222', 1),
(705, '0234', 1),
(705, '0236', 1),
(705, '0294', 1),
(705, '2008', 1),
(706, '0201', 7),
(706, '0206', 7),
(706, '0214', 5),
(706, '0215', 1),
(706, '0234', 5),
(706, '0236', 7),
(706, '0238', 9),
(706, '0294', 5),
(706, '2233', 9),
(706, '2249', 5),
(707, '0206', 3),
(707, '0212', 5),
(707, '0215', 6),
(707, '0222', 5),
(707, '0275', 6),
(707, '0294', 9),
(707, '2189', 4),
(707, '2236', 3),
(707, '2237', 10),
(707, '2243', 2),
(707, '2262', 5),
(711, '0104', 5),
(711, '0106', 7),
(711, '1102', 3),
(711, '1362', 3),
(711, '1363', 4),
(711, '1364', 5),
(711, '1365', 6),
(711, '1367', 8),
(711, '1591', 2),
(717, '0518', 7),
(717, '0520', 1),
(717, '0522', 5),
(717, '5010', 1),
(717, '5023', 2),
(717, '5024', 9),
(717, '5025', 6),
(717, '5080', 1),
(717, '5287', 10),
(718, '1102', 7);
INSERT INTO `notas` (`nExpediente`, `idAsignatura`, `nota`) VALUES
(718, '1440', 1),
(718, '1479', 3),
(718, '1601', 9),
(718, '1602', 7),
(718, '1604', 3),
(719, '1102', 9),
(719, '1440', 1),
(719, '1479', 2),
(719, '1601', 10),
(719, '1602', 9),
(719, '1604', 7),
(720, '2603', 1),
(720, '2605', 1),
(720, '2606', 1),
(722, '2377', 5),
(723, '0124', 3),
(723, '0128', 5),
(723, '0131', 4),
(723, '0194', 3),
(723, '1234', 3),
(724, '0118', 3),
(724, '0128', 3),
(724, '0131', 5),
(724, '0194', 7),
(724, '1232', 9),
(725, '0201', 6),
(725, '0206', 1),
(725, '0233', 6),
(725, '0294', 1),
(725, '2243', 6),
(731, '1440', 1),
(731, '1479', 10),
(731, '1601', 2),
(732, '2603', 7),
(732, '2604', 9),
(732, '2605', 1),
(733, '1607', 2),
(733, '1609', 8),
(733, '1611', 4),
(733, '1612', 7),
(734, '1102', 9),
(734, '1608', 3),
(734, '2610', 1),
(739, '0301', 10),
(739, '0304', 7),
(739, '0306', 5),
(739, '0310', 1),
(739, '0311', 10),
(739, '0313', 8),
(739, '0314', 7),
(739, '0315', 6),
(739, '0318', 3),
(739, '0321', 10),
(739, '0322', 9),
(739, '0331', 10),
(739, '0390', 1),
(740, '0301', 1),
(740, '0306', 1),
(740, '0310', 1),
(740, '0311', 1),
(740, '0313', 1),
(740, '0315', 1),
(740, '0318', 1),
(740, '0321', 1),
(740, '0322', 1),
(740, '0390', 1),
(740, '3355', 1),
(740, '3761', 1),
(746, '0113', 9),
(746, '0401', 7),
(746, '0404', 5),
(746, '0405', 1),
(746, '0406', 7),
(746, '0410', 1),
(746, '0411', 7),
(746, '0413', 9),
(746, '0414', 5),
(746, '0415', 1),
(746, '0418', 9),
(746, '0422', 3),
(746, '0464', 5),
(746, '0489', 5),
(746, '4480', 1),
(746, '4481', 7),
(750, '0101', 1),
(750, '0106', 1),
(750, '0114', 1),
(750, '0115', 1),
(750, '0122', 1),
(750, '0124', 1),
(750, '0126', 1),
(750, '0131', 1),
(750, '0194', 1),
(750, '1234', 1),
(750, '1241', 1),
(751, '0101', 2),
(751, '0106', 7),
(751, '0114', 5),
(751, '0122', 3),
(751, '0128', 9),
(751, '0131', 2),
(751, '0194', 5),
(751, '1021', 2),
(751, '1234', 5),
(751, '1236', 7),
(753, '0201', 4),
(753, '0206', 9),
(753, '0212', 7),
(753, '0214', 3),
(753, '0218', 5),
(753, '0222', 7),
(753, '0233', 10),
(753, '0294', 3),
(753, '2008', 5),
(753, '2243', 10),
(754, '0201', 5),
(754, '0206', 5),
(754, '0212', 9),
(754, '0215', 1),
(754, '0222', 9),
(754, '0236', 5),
(754, '2008', 3),
(754, '2233', 3),
(754, '2243', 3),
(760, '0104', 1),
(760, '0106', 1),
(760, '1102', 1),
(760, '1362', 1),
(760, '1363', 1),
(760, '1364', 1),
(760, '1365', 1),
(760, '1367', 1),
(760, '1591', 1),
(761, '0106', 7),
(761, '1102', 3),
(761, '1362', 3),
(761, '1363', 4),
(761, '1364', 5),
(761, '1365', 6),
(761, '1367', 8),
(761, '1591', 2),
(767, '1102', 5),
(767, '1440', 1),
(767, '1479', 4),
(767, '1601', 8),
(767, '1602', 5),
(767, '1604', 9),
(768, '1102', 7),
(768, '1440', 1),
(768, '1479', 3),
(768, '1601', 9),
(768, '1602', 7),
(768, '1604', 3),
(770, '1102', 1),
(770, '1607', 1),
(770, '1608', 1),
(770, '1609', 1),
(770, '1610', 1),
(770, '1611', 1),
(770, '1612', 1),
(771, '2377', 8),
(772, '0124', 9),
(772, '0128', 7),
(772, '0131', 3),
(772, '0194', 9),
(772, '1234', 9),
(781, '2603', 4),
(781, '2604', 5),
(781, '2605', 6),
(782, '1607', 5),
(782, '1609', 9),
(782, '1612', 5),
(783, '1102', 7),
(783, '1608', 5),
(784, '0101', 5),
(784, '0106', 5),
(784, '0110', 1),
(784, '0111', 5),
(784, '0113', 3),
(784, '0114', 7),
(784, '0115', 1),
(784, '0118', 3),
(784, '0121', 5),
(784, '0122', 9),
(784, '0190', 1),
(784, '0194', 7),
(784, '1355', 1),
(784, '1761', 5),
(785, '0201', 6),
(785, '0206', 1),
(785, '0210', 1),
(785, '0211', 6),
(785, '0213', 6),
(785, '0214', 1),
(785, '0215', 6),
(785, '0218', 1),
(785, '0221', 6),
(785, '0222', 1),
(785, '0290', 1),
(785, '0294', 1),
(785, '2355', 6),
(785, '2761', 6),
(786, '0301', 7),
(786, '0306', 7),
(786, '0310', 1),
(786, '0311', 7),
(786, '0313', 9),
(786, '0314', 5),
(786, '0315', 1),
(786, '0318', 9),
(786, '0321', 7),
(786, '0322', 3),
(786, '0390', 1),
(786, '0394', 5),
(789, '0301', 10),
(789, '0306', 5),
(789, '0310', 1),
(789, '0311', 10),
(789, '0313', 8),
(789, '0315', 6),
(789, '0318', 3),
(789, '0321', 10),
(789, '0322', 9),
(789, '0390', 1),
(789, '3355', 6),
(789, '3761', 10),
(791, '0301', 2),
(791, '0304', 5),
(791, '0306', 7),
(791, '0310', 1),
(791, '0311', 2),
(791, '0313', 4),
(791, '0314', 5),
(791, '0315', 6),
(791, '0318', 9),
(791, '0321', 2),
(791, '0322', 3),
(791, '0390', 1),
(791, '0394', 5),
(791, '3355', 6),
(791, '3761', 2),
(794, '0401', 5),
(794, '0405', 1),
(794, '0406', 5),
(794, '0410', 1),
(794, '0411', 5),
(794, '0413', 3),
(794, '0414', 7),
(794, '0415', 1),
(794, '0418', 3),
(794, '0422', 9),
(794, '0431', 5),
(794, '0489', 7),
(794, '0494', 7),
(794, '0495', 1),
(796, '0401', 7),
(796, '0405', 1),
(796, '0406', 7),
(796, '0413', 9),
(796, '0414', 5),
(796, '0415', 1),
(796, '0418', 9),
(796, '0422', 3),
(796, '0431', 7),
(796, '0489', 5),
(796, '0494', 5),
(796, '0495', 1),
(796, '4232', 3),
(805, '0201', 6),
(805, '0206', 1),
(805, '0212', 1),
(805, '0215', 6),
(805, '0222', 1),
(805, '0275', 6),
(805, '0294', 1),
(805, '2189', 6),
(805, '2236', 1),
(805, '2237', 6),
(805, '2262', 1),
(806, '0201', 7),
(806, '0204', 5),
(806, '0206', 7),
(806, '0214', 5),
(806, '0215', 1),
(806, '0275', 1),
(806, '0294', 5),
(806, '2189', 5),
(806, '2236', 7),
(806, '2237', 3),
(806, '2243', 9),
(807, '1102', 5),
(807, '1315', 6),
(807, '1348', 7),
(807, '1997', 10),
(809, '0104', 7),
(809, '0106', 5),
(809, '1102', 9),
(809, '1362', 9),
(809, '1363', 8),
(809, '1364', 7),
(809, '1365', 6),
(809, '1367', 4),
(809, '1591', 10),
(812, '0104', 9),
(812, '0106', 3),
(812, '1188', 7),
(812, '1367', 5),
(812, '1588', 7),
(812, '1591', 3),
(812, '1993', 7),
(814, '0506', 5),
(814, '0518', 3),
(814, '0520', 1),
(814, '0522', 9),
(814, '5010', 1),
(814, '5023', 3),
(814, '5024', 7),
(814, '5025', 1),
(814, '5080', 1),
(814, '5287', 9),
(815, '0518', 1),
(815, '0520', 1),
(815, '0522', 1),
(815, '5010', 1),
(815, '5023', 6),
(815, '5024', 1),
(815, '5025', 6),
(815, '5080', 1),
(815, '5287', 6),
(817, '1102', 5),
(817, '1440', 1),
(817, '1479', 4),
(817, '1601', 8),
(817, '1602', 5),
(817, '1604', 9),
(821, '0124', 5),
(821, '0128', 9),
(821, '0131', 2),
(821, '0194', 5),
(821, '1234', 5),
(824, '0101', 5),
(824, '0104', 7),
(824, '0106', 5),
(824, '0113', 3),
(824, '0118', 3),
(824, '0121', 5),
(824, '3771', 5),
(825, '0506', 1),
(825, '5009', 6),
(825, '5010', 1),
(825, '5013', 6),
(825, '5022', 1),
(825, '5080', 1),
(825, '5097', 6),
(825, '5286', 1),
(833, '0101', 4),
(833, '0106', 9),
(833, '0111', 4),
(833, '0113', 10),
(833, '0114', 3),
(833, '0115', 6),
(833, '0118', 5),
(833, '0121', 4),
(833, '0122', 7),
(833, '0194', 3),
(833, '1355', 6),
(833, '1761', 4),
(834, '0201', 5),
(834, '0206', 5),
(834, '0210', 1),
(834, '0211', 5),
(834, '0213', 3),
(834, '0214', 7),
(834, '0215', 1),
(834, '0218', 3),
(834, '0221', 5),
(834, '0222', 9),
(834, '0290', 1),
(834, '0294', 7),
(834, '2355', 1),
(834, '2761', 5),
(835, '0301', 6),
(835, '0306', 1),
(835, '0310', 1),
(835, '0311', 6),
(835, '0313', 6),
(835, '0314', 1),
(835, '0315', 6),
(835, '0318', 1),
(835, '0321', 6),
(835, '0322', 1),
(835, '0390', 1),
(835, '0394', 1),
(840, '0301', 1),
(840, '0304', 1),
(840, '0306', 1),
(840, '0310', 1),
(840, '0311', 1),
(840, '0313', 1),
(840, '0314', 1),
(840, '0315', 1),
(840, '0318', 1),
(840, '0321', 1),
(840, '0322', 1),
(840, '0390', 1),
(840, '0394', 1),
(840, '3355', 1),
(840, '3761', 1),
(842, '0401', 3),
(842, '0404', 9),
(842, '0405', 1),
(842, '0406', 3),
(842, '0413', 7),
(842, '0414', 9),
(842, '0415', 1),
(842, '0419', 9),
(842, '0422', 5),
(842, '0431', 3),
(842, '0432', 5),
(842, '0489', 9),
(842, '0490', 1),
(842, '0494', 9),
(842, '4232', 5),
(842, '4745', 1),
(845, '0401', 6),
(845, '0405', 6),
(845, '0406', 1),
(845, '0413', 6),
(845, '0414', 1),
(845, '0415', 6),
(845, '0418', 1),
(845, '0422', 1),
(845, '0431', 6),
(845, '0489', 6),
(845, '0494', 1),
(845, '0495', 6),
(845, '4232', 1),
(846, '0101', 7),
(846, '0106', 7),
(846, '0114', 5),
(846, '0118', 9),
(846, '0122', 3),
(846, '0128', 9),
(846, '0131', 7),
(846, '0132', 3),
(846, '0194', 5),
(846, '1232', 3),
(853, '0201', 4),
(853, '0206', 9),
(853, '0212', 7),
(853, '0214', 3),
(853, '0222', 7),
(853, '0234', 3),
(853, '0236', 9),
(853, '0238', 5),
(853, '0294', 3),
(853, '2233', 10),
(853, '2249', 8),
(856, '1315', 1),
(856, '1348', 9),
(856, '1997', 3),
(857, '1102', 5),
(857, '1315', 6),
(857, '1348', 7),
(857, '1997', 10),
(858, '0104', 3),
(858, '0106', 9),
(858, '1102', 7),
(858, '1362', 7),
(858, '1363', 5),
(858, '1364', 3),
(858, '1365', 1),
(858, '1367', 7),
(858, '1591', 9),
(859, '0106', 5),
(859, '1102', 9),
(859, '1362', 9),
(859, '1363', 8),
(859, '1364', 7),
(859, '1365', 6),
(859, '1367', 4),
(859, '1591', 10),
(861, '0104', 5),
(861, '0106', 7),
(861, '1188', 9),
(861, '1367', 8),
(861, '1588', 9),
(861, '1591', 2),
(861, '1993', 4),
(868, '1102', 7),
(868, '1607', 7),
(868, '1608', 5),
(868, '1609', 3),
(868, '1610', 1),
(868, '1611', 9),
(868, '1612', 7),
(869, '2377', 4),
(870, '0124', 1),
(870, '0128', 1),
(870, '0131', 1),
(870, '0194', 1),
(870, '1234', 1),
(871, '0118', 9),
(871, '0128', 9),
(871, '0131', 2),
(871, '0194', 5),
(871, '1232', 3),
(872, '0201', 3),
(872, '0206', 3),
(872, '0233', 7),
(872, '0294', 9),
(872, '2008', 7),
(872, '2243', 7),
(874, '0506', 5),
(874, '5010', 1),
(874, '5013', 3),
(874, '5022', 9),
(874, '5080', 1),
(874, '5097', 9),
(874, '5286', 5),
(875, '0104', 1),
(875, '0106', 1),
(875, '1102', 1),
(875, '1591', 6),
(881, '1608', 9),
(881, '2610', 1),
(883, '0201', 4),
(883, '0206', 9),
(883, '0211', 4),
(883, '0213', 10),
(883, '0214', 3),
(883, '0215', 6),
(883, '0218', 5),
(883, '0221', 4),
(883, '0222', 7),
(883, '0294', 3),
(883, '2355', 6),
(883, '2761', 4),
(884, '0301', 5),
(884, '0306', 5),
(884, '0310', 1),
(884, '0311', 5),
(884, '0313', 3),
(884, '0314', 7),
(884, '0315', 1),
(884, '0318', 3),
(884, '0321', 5),
(884, '0322', 9),
(884, '0390', 1),
(884, '0394', 7),
(885, '0301', 6),
(885, '0306', 1),
(885, '0310', 1),
(885, '0311', 6),
(885, '0313', 6),
(885, '0314', 1),
(885, '0315', 6),
(885, '0318', 1),
(885, '0321', 6),
(885, '0322', 1),
(885, '0331', 6),
(885, '0390', 1),
(886, '0301', 7),
(886, '0304', 5),
(886, '0306', 7),
(886, '0310', 1),
(886, '0311', 7),
(886, '0313', 9),
(886, '0314', 5),
(886, '0315', 1),
(886, '0318', 9),
(886, '0321', 7),
(886, '0322', 3),
(886, '0331', 7),
(886, '0390', 1),
(887, '0301', 8),
(887, '0306', 3),
(887, '0310', 1),
(887, '0311', 8),
(887, '0313', 2),
(887, '0315', 6),
(887, '0318', 7),
(887, '0321', 8),
(887, '0322', 5),
(887, '0390', 1),
(887, '3355', 6),
(887, '3761', 8),
(888, '0301', 9),
(888, '0306', 9),
(888, '0310', 1),
(888, '0311', 9),
(888, '0313', 5),
(888, '0314', 3),
(888, '0318', 5),
(888, '0321', 9),
(888, '0322', 7),
(888, '0390', 1),
(888, '3761', 9),
(894, '0401', 5),
(894, '0405', 1),
(894, '0406', 5),
(894, '0413', 3),
(894, '0414', 7),
(894, '0415', 1),
(894, '0418', 3),
(894, '0422', 9),
(894, '0431', 5),
(894, '0489', 7),
(894, '0494', 7),
(894, '0495', 1),
(894, '4232', 9),
(895, '0101', 6),
(895, '0106', 1),
(895, '0114', 1),
(895, '0118', 1),
(895, '0122', 1),
(895, '0128', 1),
(895, '0131', 6),
(895, '0132', 1),
(895, '0194', 1),
(895, '1232', 1),
(896, '0101', 7),
(896, '0106', 7),
(896, '0114', 5),
(896, '0115', 1),
(896, '0118', 9),
(896, '0122', 3),
(896, '0128', 9),
(896, '0131', 7),
(896, '0132', 3),
(896, '0191', 7),
(896, '0194', 5),
(896, '1232', 3),
(900, '0201', 1),
(900, '0206', 1),
(900, '0212', 1),
(900, '0214', 1),
(900, '0215', 1),
(900, '0222', 1),
(900, '0233', 1),
(900, '0235', 1),
(900, '0294', 1),
(900, '2243', 1),
(906, '1315', 1),
(906, '1348', 9),
(906, '1997', 3),
(908, '0106', 9),
(908, '1102', 7),
(908, '1362', 7),
(908, '1363', 5),
(908, '1364', 3),
(908, '1365', 1),
(908, '1367', 7),
(908, '1591', 9),
(912, '0506', 3),
(912, '0518', 7),
(912, '0520', 1),
(912, '0522', 5),
(912, '5010', 1),
(912, '5023', 7),
(912, '5024', 9),
(912, '5025', 1),
(912, '5080', 1),
(912, '5287', 5),
(913, '0518', 5),
(913, '0520', 1),
(913, '0522', 7),
(913, '5010', 1),
(913, '5023', 10),
(913, '5024', 3),
(913, '5025', 6),
(913, '5080', 1),
(913, '5287', 2),
(915, '1102', 1),
(915, '1440', 1),
(915, '1479', 6),
(915, '1601', 6),
(915, '1602', 1),
(915, '1604', 1),
(917, '1102', 5),
(917, '1607', 10),
(917, '1608', 7),
(917, '1609', 4),
(917, '1610', 1),
(917, '1611', 8),
(917, '1612', 5),
(922, '0101', 3),
(922, '0104', 9),
(922, '0106', 3),
(922, '0113', 7),
(922, '0118', 7),
(922, '0121', 3),
(922, '3771', 3),
(926, '1102', 3),
(926, '1479', 5),
(926, '1601', 7),
(926, '1602', 3),
(928, '2603', 5),
(928, '2604', 3),
(936, '0301', 7),
(936, '0306', 7),
(936, '0310', 1),
(936, '0311', 7),
(936, '0313', 9),
(936, '0315', 1),
(936, '0318', 9),
(936, '0321', 7),
(936, '0322', 3),
(936, '0390', 1),
(936, '3355', 1),
(936, '3761', 7),
(938, '0301', 9),
(938, '0304', 3),
(938, '0306', 9),
(938, '0310', 1),
(938, '0311', 9),
(938, '0313', 5),
(938, '0314', 3),
(938, '0315', 1),
(938, '0318', 5),
(938, '0321', 9),
(938, '0322', 7),
(938, '0390', 1),
(938, '0394', 3),
(938, '3355', 1),
(938, '3761', 9),
(942, '0113', 7),
(942, '0401', 3),
(942, '0404', 9),
(942, '0405', 1),
(942, '0406', 3),
(942, '0410', 1),
(942, '0411', 3),
(942, '0413', 7),
(942, '0414', 9),
(942, '0415', 1),
(942, '0418', 7),
(942, '0422', 5),
(942, '0464', 9),
(942, '0489', 9),
(942, '4480', 1),
(942, '4481', 3),
(943, '0401', 4),
(943, '0405', 6),
(943, '0406', 9),
(943, '0413', 10),
(943, '0414', 3),
(943, '0415', 6),
(943, '0418', 5),
(943, '0422', 7),
(943, '0431', 4),
(943, '0489', 8),
(943, '0494', 3),
(943, '0495', 6),
(943, '4232', 7),
(947, '0101', 8),
(947, '0106', 3),
(947, '0114', 9),
(947, '0122', 5),
(947, '0128', 7),
(947, '0131', 8),
(947, '0194', 9),
(947, '1021', 8),
(947, '1234', 9),
(947, '1236', 3),
(948, '0101', 9),
(948, '0106', 9),
(948, '0114', 3),
(948, '0115', 1),
(948, '0122', 7),
(948, '0128', 5),
(948, '0131', 9),
(948, '0194', 3),
(948, '1021', 9),
(948, '1234', 3),
(948, '1236', 9),
(948, '1241', 9),
(951, '0201', 2),
(951, '0206', 7),
(951, '0212', 3),
(951, '0214', 5),
(951, '0215', 6),
(951, '0222', 3),
(951, '0234', 5),
(951, '0236', 7),
(951, '0238', 9),
(951, '0294', 5),
(951, '2233', 4),
(951, '2249', 10),
(953, '0201', 4),
(953, '0204', 3),
(953, '0206', 9),
(953, '0212', 7),
(953, '0214', 3),
(953, '0222', 7),
(953, '0292', 7),
(953, '0294', 3),
(953, '2189', 8),
(953, '2236', 9),
(953, '2237', 2),
(953, '2243', 10),
(953, '2262', 7),
(954, '1102', 9),
(954, '1315', 1),
(954, '1348', 3),
(954, '1997', 9),
(956, '0104', 5),
(956, '0106', 7),
(956, '1363', 9),
(956, '1364', 5),
(956, '1365', 1),
(956, '1367', 3),
(956, '1591', 7),
(961, '0506', 7),
(961, '0518', 9),
(961, '0520', 1),
(961, '0522', 3),
(961, '5010', 1),
(961, '5023', 4),
(961, '5024', 5),
(961, '5025', 6),
(961, '5080', 1),
(961, '5287', 8),
(962, '0518', 7),
(962, '0520', 1),
(962, '0522', 5),
(962, '5010', 1),
(962, '5023', 7),
(962, '5024', 9),
(962, '5025', 1),
(962, '5080', 1),
(962, '5287', 5),
(963, '1102', 7),
(963, '1440', 1),
(963, '1479', 8),
(963, '1601', 4),
(963, '1602', 7),
(963, '1604', 3),
(964, '1102', 9),
(964, '1440', 1),
(964, '1479', 7),
(964, '1601', 5),
(964, '1602', 9),
(964, '1604', 7),
(967, '2377', 10),
(968, '0124', 3),
(968, '0128', 5),
(968, '0131', 9),
(968, '0194', 3),
(968, '1234', 3),
(975, '1102', 1),
(975, '1479', 6),
(975, '1601', 6),
(975, '1602', 1),
(979, '1102', 9),
(979, '1608', 3),
(979, '2610', 1),
(980, '0101', 1),
(980, '0106', 1),
(980, '0110', 1),
(980, '0111', 1),
(980, '0114', 1),
(980, '0115', 1),
(980, '0118', 1),
(980, '0121', 1),
(980, '0122', 1),
(980, '0190', 1),
(980, '0194', 1),
(980, '1355', 1),
(980, '1761', 1),
(981, '0201', 2),
(981, '0206', 7),
(981, '0210', 1),
(981, '0211', 2),
(981, '0213', 4),
(981, '0214', 5),
(981, '0215', 6),
(981, '0218', 9),
(981, '0221', 2),
(981, '0290', 1),
(981, '0294', 5),
(981, '2355', 6),
(981, '2761', 2),
(982, '0306', 3),
(982, '0310', 1),
(982, '0313', 7),
(982, '0314', 9),
(982, '0315', 1),
(982, '0318', 7),
(982, '0322', 5),
(982, '0390', 1),
(982, '0394', 9),
(984, '0301', 5),
(984, '0304', 7),
(984, '0306', 5),
(984, '0310', 1),
(984, '0311', 5),
(984, '0313', 3),
(984, '0314', 7),
(984, '0315', 1),
(984, '0318', 3),
(984, '0321', 5),
(984, '0322', 9),
(984, '0331', 5),
(984, '0390', 1),
(985, '0301', 6),
(985, '0306', 1),
(985, '0310', 1),
(985, '0311', 6),
(985, '0313', 6),
(985, '0315', 6),
(985, '0318', 1),
(985, '0321', 6),
(985, '0322', 1),
(985, '0390', 1),
(985, '3355', 6),
(985, '3761', 6),
(986, '0301', 7),
(986, '0306', 7),
(986, '0310', 1),
(986, '0311', 7),
(986, '0313', 9),
(986, '0314', 5),
(986, '0318', 9),
(986, '0321', 7),
(986, '0322', 3),
(986, '0390', 1),
(986, '3761', 7),
(989, '0401', 10),
(989, '0404', 7),
(989, '0405', 6),
(989, '0406', 5),
(989, '0413', 8),
(989, '0414', 7),
(989, '0415', 6),
(989, '0419', 2),
(989, '0422', 9),
(989, '0431', 10),
(989, '0432', 9),
(989, '0489', 2),
(989, '0490', 1),
(989, '0494', 7),
(989, '4232', 9),
(989, '4745', 6),
(990, '0401', 1),
(990, '0405', 1),
(990, '0406', 1),
(990, '0410', 1),
(990, '0411', 1),
(990, '0413', 1),
(990, '0414', 1),
(990, '0415', 1),
(990, '0418', 1),
(990, '0422', 1),
(990, '0431', 1),
(990, '0489', 1),
(990, '0494', 1),
(990, '0495', 1),
(991, '0113', 4),
(991, '0401', 2),
(991, '0404', 5),
(991, '0405', 6),
(991, '0406', 7),
(991, '0410', 1),
(991, '0411', 2),
(991, '0413', 4),
(991, '0414', 5),
(991, '0415', 6),
(991, '0418', 9),
(991, '0422', 3),
(991, '0464', 5),
(991, '0489', 10),
(991, '4480', 1),
(991, '4481', 2),
(993, '0101', 4),
(993, '0106', 9),
(993, '0114', 3),
(993, '0118', 5),
(993, '0122', 7),
(993, '0128', 5),
(993, '0131', 4),
(993, '0132', 7),
(993, '0194', 3),
(993, '1232', 7),
(996, '0101', 7),
(996, '0106', 7),
(996, '0114', 5),
(996, '0122', 3),
(996, '0128', 9),
(996, '0131', 7),
(996, '0194', 5),
(996, '1021', 7),
(996, '1234', 5),
(996, '1236', 7),
(997, '0101', 8),
(997, '0106', 3),
(997, '0114', 9),
(997, '0115', 6),
(997, '0122', 5),
(997, '0128', 7),
(997, '0131', 8),
(997, '0194', 9),
(997, '1021', 8),
(997, '1234', 9),
(997, '1236', 3),
(997, '1241', 8),
(1000, '0201', 1),
(1000, '0206', 1),
(1000, '0212', 1),
(1000, '0214', 1),
(1000, '0215', 1),
(1000, '0222', 1),
(1000, '0234', 1),
(1000, '0236', 1),
(1000, '0294', 1),
(1000, '2233', 1),
(1000, '2249', 1),
(1002, '0201', 3),
(1002, '0204', 9),
(1002, '0212', 5),
(1002, '0214', 9),
(1002, '0215', 1),
(1002, '0222', 5),
(1002, '0275', 1),
(1002, '0292', 5),
(1002, '0294', 9),
(1002, '2189', 9),
(1002, '2237', 5),
(1002, '2243', 7),
(1002, '2262', 5),
(1006, '0106', 7),
(1006, '1363', 9),
(1006, '1364', 5),
(1006, '1365', 1),
(1006, '1367', 3),
(1006, '1591', 7),
(1007, '2377', 10),
(1009, '2102', 9),
(1009, '2107', 4),
(1009, '2197', 4),
(1009, '2377', 4),
(1009, '2587', 4),
(1009, '2589', 2),
(1010, '0506', 1),
(1010, '0518', 1),
(1010, '0520', 1),
(1010, '0522', 1),
(1010, '5010', 1),
(1010, '5023', 1),
(1010, '5024', 1),
(1010, '5025', 1),
(1010, '5080', 1),
(1010, '5287', 1),
(1012, '1102', 5),
(1012, '1440', 1),
(1012, '1479', 9),
(1012, '1601', 3),
(1012, '1602', 5),
(1012, '1604', 9),
(1013, '1102', 7),
(1013, '1440', 1),
(1013, '1479', 8),
(1013, '1601', 4),
(1013, '1602', 7),
(1013, '1604', 3),
(1020, '0101', 1),
(1020, '0104', 1),
(1020, '0106', 1),
(1020, '0113', 1),
(1020, '0118', 1),
(1020, '0121', 1),
(1020, '3771', 1),
(1023, '0106', 9),
(1023, '1102', 7),
(1023, '1188', 5),
(1023, '1591', 4),
(1024, '1102', 9),
(1024, '1601', 5),
(1024, '1602', 9),
(1025, '1440', 1),
(1025, '1479', 6),
(1025, '1601', 6),
(1025, '1602', 1),
(1026, '2603', 9),
(1026, '2604', 5),
(1026, '2605', 1),
(1027, '1607', 10),
(1027, '1609', 4),
(1027, '1611', 8),
(1027, '1612', 5),
(1029, '0101', 10),
(1029, '0106', 5),
(1029, '0110', 1),
(1029, '0111', 10),
(1029, '0113', 8),
(1029, '0115', 6),
(1029, '0118', 3),
(1029, '0121', 10),
(1029, '0122', 9),
(1029, '0190', 1),
(1029, '1355', 6),
(1029, '1761', 10),
(1030, '0201', 1),
(1030, '0206', 1),
(1030, '0210', 1),
(1030, '0211', 1),
(1030, '0214', 1),
(1030, '0215', 1),
(1030, '0218', 1),
(1030, '0221', 1),
(1030, '0222', 1),
(1030, '0290', 1),
(1030, '0294', 1),
(1030, '2355', 1),
(1030, '2761', 1),
(1031, '0301', 2),
(1031, '0306', 7),
(1031, '0310', 1),
(1031, '0311', 2),
(1031, '0313', 4),
(1031, '0314', 5),
(1031, '0315', 6),
(1031, '0318', 9),
(1031, '0321', 2),
(1031, '0390', 1),
(1031, '0394', 5),
(1062, '1102', 5),
(1062, '1440', 1),
(1062, '1479', 9),
(1062, '1601', 3),
(1062, '1602', 5),
(1062, '1604', 9),
(1063, '2603', 10),
(1063, '2605', 6),
(1063, '2606', 9),
(1064, '1102', 9),
(1064, '1607', 9),
(1064, '1608', 3),
(1064, '1609', 7),
(1064, '1610', 1),
(1064, '1611', 5),
(1064, '1612', 9),
(1065, '2377', 6),
(1066, '0124', 5),
(1066, '0128', 9),
(1066, '0131', 7),
(1066, '0194', 5),
(1066, '1234', 5),
(1067, '0118', 7),
(1067, '0128', 7),
(1067, '0131', 8),
(1067, '0194', 9),
(1067, '1232', 5),
(1069, '0101', 10),
(1069, '0104', 7),
(1069, '0106', 5),
(1069, '0113', 8),
(1069, '0118', 3),
(1069, '0121', 10),
(1069, '3771', 10),
(1070, '0506', 1),
(1070, '5009', 1),
(1070, '5010', 1),
(1070, '5013', 1),
(1070, '5022', 1),
(1070, '5080', 1),
(1070, '5097', 1),
(1070, '5286', 1),
(1071, '0104', 5),
(1071, '0106', 7),
(1071, '1102', 3),
(1071, '1188', 9),
(1071, '1591', 2),
(1073, '1102', 7),
(1073, '1479', 8),
(1073, '1601', 4),
(1073, '1602', 7),
(1074, '1440', 1),
(1074, '1601', 5),
(1074, '1602', 9),
(1075, '2603', 6),
(1075, '2604', 1),
(1075, '2605', 6),
(1076, '1609', 5),
(1076, '1611', 7),
(1076, '1612', 3),
(1077, '1102', 5),
(1077, '1608', 7),
(1077, '2610', 1),
(1078, '0101', 9),
(1078, '0106', 9),
(1078, '0110', 1),
(1078, '0111', 9),
(1078, '0113', 5),
(1078, '0114', 3),
(1078, '0118', 5),
(1078, '0121', 9),
(1078, '0122', 7),
(1078, '0190', 1),
(1078, '0194', 3),
(1078, '1761', 9),
(1079, '0201', 10),
(1079, '0206', 5),
(1079, '0210', 1),
(1079, '0211', 10),
(1079, '0213', 8),
(1079, '0215', 6),
(1079, '0218', 3),
(1079, '0221', 10),
(1079, '0222', 9),
(1079, '0290', 1),
(1079, '2355', 6),
(1079, '2761', 10),
(1080, '0301', 1),
(1080, '0306', 1),
(1080, '0310', 1),
(1080, '0311', 1),
(1080, '0314', 1),
(1080, '0315', 1),
(1080, '0318', 1),
(1080, '0321', 1),
(1080, '0322', 1),
(1080, '0390', 1),
(1080, '0394', 1),
(1095, '0101', 6),
(1095, '0106', 1),
(1095, '0114', 1),
(1095, '0115', 6),
(1095, '0122', 1),
(1095, '0128', 1),
(1095, '0131', 6),
(1095, '0194', 1),
(1095, '1021', 6),
(1095, '1234', 1),
(1095, '1236', 1),
(1095, '1241', 6),
(1097, '0201', 8),
(1097, '0206', 3),
(1097, '0212', 5),
(1097, '0214', 9),
(1097, '0215', 6),
(1097, '0222', 5),
(1097, '0234', 9),
(1097, '0236', 3),
(1097, '0294', 9),
(1097, '2008', 7),
(1097, '2233', 2),
(1097, '2243', 2),
(1098, '0201', 9),
(1098, '0206', 9),
(1098, '0212', 7),
(1098, '0214', 3),
(1098, '0215', 1),
(1098, '0222', 7),
(1098, '0234', 3),
(1098, '0236', 9),
(1098, '0238', 5),
(1098, '0294', 3),
(1098, '2233', 5),
(1098, '2249', 3),
(1099, '0201', 10),
(1099, '0206', 5),
(1099, '0212', 9),
(1099, '0215', 6),
(1099, '0222', 9),
(1099, '0275', 6),
(1099, '0294', 7),
(1099, '2236', 5),
(1099, '2237', 4),
(1099, '2243', 8),
(1099, '2262', 9),
(1100, '0201', 1),
(1100, '0204', 1),
(1100, '0206', 1),
(1100, '0212', 1),
(1100, '0214', 1),
(1100, '0215', 1),
(1100, '0222', 1),
(1100, '0275', 1),
(1100, '0292', 1),
(1100, '0294', 1),
(1100, '2189', 1),
(1100, '2236', 1),
(1100, '2237', 1),
(1100, '2243', 1),
(1100, '2262', 1),
(1101, '1102', 3),
(1101, '1315', 6),
(1101, '1348', 9),
(1102, '1102', 5),
(1102, '1315', 1),
(1102, '1348', 7),
(1102, '1997', 5),
(1103, '0104', 3),
(1103, '0106', 9),
(1103, '1102', 7),
(1103, '1362', 7),
(1103, '1363', 10),
(1103, '1364', 3),
(1103, '1367', 2),
(1103, '1591', 4),
(1104, '0106', 5),
(1104, '1102', 9),
(1104, '1362', 9),
(1104, '1363', 3),
(1104, '1365', 1),
(1104, '1367', 9),
(1104, '1591', 5),
(1113, '1102', 7),
(1113, '1607', 2),
(1113, '1608', 5),
(1113, '1609', 8),
(1113, '1610', 1),
(1113, '1611', 4),
(1113, '1612', 7),
(1114, '2377', 9),
(1115, '0124', 1),
(1115, '0128', 1),
(1115, '0131', 6),
(1115, '0194', 1),
(1115, '1234', 1),
(1116, '0118', 9),
(1116, '0128', 9),
(1116, '0131', 7),
(1116, '0194', 5),
(1116, '1232', 3),
(1117, '0201', 8),
(1117, '0206', 3),
(1117, '0233', 2),
(1117, '0294', 9),
(1117, '2008', 7),
(1117, '2243', 2),
(1118, '0101', 9),
(1118, '0104', 3),
(1118, '0106', 9),
(1118, '0113', 5),
(1118, '0118', 5),
(1118, '0121', 9),
(1118, '3771', 9),
(1119, '0506', 5),
(1119, '5009', 2),
(1119, '5010', 1),
(1119, '5013', 8),
(1119, '5022', 9),
(1119, '5080', 1),
(1119, '5097', 4),
(1119, '5286', 5),
(1120, '0104', 1),
(1120, '0106', 1),
(1120, '1102', 1),
(1120, '1188', 1),
(1120, '1591', 1),
(1121, '0106', 7),
(1121, '1102', 3),
(1121, '1188', 9),
(1121, '1591', 2),
(1122, '1102', 5),
(1122, '1479', 9),
(1122, '1601', 3),
(1122, '1602', 5),
(1123, '1440', 1),
(1123, '1479', 8),
(1123, '1601', 4),
(1123, '1602', 7),
(1124, '2603', 3),
(1124, '2604', 7),
(1124, '2605', 1),
(1125, '1607', 6),
(1125, '1609', 6),
(1125, '1611', 6),
(1125, '1612', 1),
(1139, '0401', 10),
(1139, '0405', 6),
(1139, '0406', 5),
(1139, '0413', 8),
(1139, '0414', 7),
(1139, '0415', 6),
(1139, '0418', 3),
(1139, '0422', 9),
(1139, '0431', 10),
(1139, '0489', 2),
(1139, '0494', 7),
(1139, '0495', 6),
(1139, '4232', 9),
(1145, '0201', 6),
(1145, '0206', 1),
(1145, '0212', 1),
(1145, '0214', 1),
(1145, '0215', 6),
(1145, '0218', 1),
(1145, '0222', 1),
(1145, '0233', 6),
(1145, '0235', 6),
(1145, '0294', 1),
(1145, '2008', 1),
(1145, '2243', 6),
(1172, '1440', 1),
(1172, '1479', 9),
(1172, '1601', 3),
(1172, '1602', 5),
(1173, '2603', 10),
(1173, '2604', 3),
(1173, '2605', 6),
(1175, '1102', 1),
(1175, '2610', 1),
(1176, '0101', 7),
(1176, '0106', 7),
(1176, '0110', 1),
(1176, '0111', 7),
(1176, '0113', 9),
(1176, '0114', 5),
(1176, '0115', 1),
(1176, '0118', 9),
(1176, '0121', 7),
(1176, '0122', 3),
(1176, '0190', 1),
(1176, '0194', 5),
(1176, '1355', 1),
(1176, '1761', 7),
(1177, '0201', 8),
(1177, '0210', 1),
(1177, '0211', 8),
(1177, '0213', 2),
(1177, '0214', 9),
(1177, '0215', 6),
(1177, '0218', 7),
(1177, '0221', 8),
(1177, '0222', 5),
(1177, '0290', 1),
(1177, '0294', 9),
(1177, '2355', 6),
(1177, '2761', 8),
(1178, '0301', 9),
(1178, '0306', 9),
(1178, '0310', 1),
(1178, '0311', 9),
(1178, '0313', 5),
(1178, '0314', 3),
(1178, '0318', 5),
(1178, '0321', 9),
(1178, '0322', 7),
(1178, '0390', 1),
(1178, '0394', 3),
(1209, '1102', 9),
(1209, '1440', 1),
(1209, '1479', 2),
(1209, '1601', 10),
(1209, '1602', 9),
(1209, '1604', 7),
(1210, '2603', 1),
(1210, '2605', 1),
(1210, '2606', 1),
(1211, '1102', 3),
(1211, '1607', 8),
(1211, '1608', 9),
(1211, '1609', 10),
(1211, '1610', 1),
(1211, '1611', 2),
(1211, '1612', 3),
(1213, '0124', 3),
(1213, '0128', 5),
(1213, '0131', 4),
(1213, '0194', 3),
(1213, '1234', 3),
(1216, '0101', 7),
(1216, '0104', 5),
(1216, '0106', 7),
(1216, '0113', 9),
(1216, '0118', 9),
(1216, '0121', 7),
(1216, '3771', 7),
(1224, '1102', 9),
(1224, '1608', 3),
(1224, '2610', 1),
(1226, '0201', 7),
(1226, '0206', 7),
(1226, '0210', 1),
(1226, '0211', 7),
(1226, '0213', 9),
(1226, '0214', 5),
(1226, '0215', 1),
(1226, '0218', 9),
(1226, '0221', 7),
(1226, '0222', 3),
(1226, '0290', 1),
(1226, '0294', 5),
(1226, '2355', 1),
(1226, '2761', 7),
(1227, '0301', 8),
(1227, '0310', 1),
(1227, '0311', 8),
(1227, '0313', 2),
(1227, '0314', 9),
(1227, '0315', 6),
(1227, '0318', 7),
(1227, '0321', 8),
(1227, '0322', 5),
(1227, '0390', 1),
(1227, '0394', 9),
(1228, '0301', 9),
(1228, '0306', 9),
(1228, '0310', 1),
(1228, '0311', 9),
(1228, '0313', 5),
(1228, '0314', 3),
(1228, '0318', 5),
(1228, '0321', 9),
(1228, '0322', 7),
(1228, '0331', 9),
(1228, '0390', 1),
(1229, '0301', 10),
(1229, '0306', 5),
(1229, '0310', 1),
(1229, '0311', 10),
(1229, '0313', 8),
(1229, '0315', 6),
(1229, '0318', 3),
(1229, '0321', 10),
(1229, '0322', 9),
(1229, '0331', 10),
(1229, '0390', 1),
(1230, '0301', 1),
(1230, '0306', 1),
(1230, '0310', 1),
(1230, '0311', 1),
(1230, '0315', 1),
(1230, '0318', 1),
(1230, '0321', 1),
(1230, '0322', 1),
(1230, '0390', 1),
(1230, '3355', 1),
(1230, '3761', 1),
(1231, '0301', 2),
(1231, '0306', 7),
(1231, '0310', 1),
(1231, '0311', 2),
(1231, '0313', 4),
(1231, '0314', 5),
(1231, '0318', 9),
(1231, '0321', 2),
(1231, '0390', 1),
(1231, '3761', 2),
(1234, '0401', 5),
(1234, '0404', 7),
(1234, '0405', 1),
(1234, '0406', 5),
(1234, '0413', 3),
(1234, '0414', 7),
(1234, '0415', 1),
(1234, '0419', 7),
(1234, '0422', 9),
(1234, '0431', 5),
(1234, '0432', 9),
(1234, '0489', 7),
(1234, '0490', 1),
(1234, '0494', 7),
(1234, '4232', 9),
(1234, '4745', 1),
(1236, '0113', 9),
(1236, '0401', 7),
(1236, '0404', 5),
(1236, '0405', 1),
(1236, '0406', 7),
(1236, '0410', 1),
(1236, '0411', 7),
(1236, '0413', 9),
(1236, '0414', 5),
(1236, '0415', 1),
(1236, '0418', 9),
(1236, '0422', 3),
(1236, '0464', 5),
(1236, '0489', 5),
(1236, '4480', 1),
(1236, '4481', 7),
(1237, '0401', 8),
(1237, '0405', 6),
(1237, '0406', 3),
(1237, '0413', 2),
(1237, '0414', 9),
(1237, '0415', 6),
(1237, '0418', 7),
(1237, '0422', 5),
(1237, '0431', 8),
(1237, '0489', 4),
(1237, '0494', 9),
(1237, '0495', 6),
(1237, '4232', 5),
(1238, '0101', 9),
(1238, '0106', 9),
(1238, '0114', 3),
(1238, '0118', 5),
(1238, '0122', 7),
(1238, '0128', 5),
(1238, '0131', 9),
(1238, '0132', 7),
(1238, '0194', 3),
(1238, '1232', 7),
(1239, '0101', 10),
(1239, '0106', 5),
(1239, '0114', 7),
(1239, '0115', 6),
(1239, '0118', 3),
(1239, '0122', 9),
(1239, '0128', 3),
(1239, '0131', 10),
(1239, '0132', 9),
(1239, '0191', 10),
(1239, '0194', 7),
(1239, '1232', 9),
(1240, '0101', 1),
(1240, '0106', 1),
(1240, '0114', 1),
(1240, '0115', 1),
(1240, '0122', 1),
(1240, '0124', 1),
(1240, '0126', 1),
(1240, '0128', 1),
(1240, '0131', 1),
(1240, '0194', 1),
(1240, '1234', 1),
(1240, '1241', 1),
(1241, '0101', 2),
(1241, '0106', 7),
(1241, '0114', 5),
(1241, '0122', 3),
(1241, '0128', 9),
(1241, '0131', 2),
(1241, '0194', 5),
(1241, '1021', 2),
(1241, '1234', 5),
(1241, '1236', 7),
(1242, '0101', 3),
(1242, '0106', 3),
(1242, '0114', 9),
(1242, '0115', 1),
(1242, '0122', 5),
(1242, '0128', 7),
(1242, '0131', 3),
(1242, '0194', 9),
(1242, '1021', 3),
(1242, '1234', 9),
(1242, '1236', 3),
(1242, '1241', 3),
(1243, '0201', 4),
(1243, '0206', 9),
(1243, '0212', 7),
(1243, '0214', 3),
(1243, '0215', 6),
(1243, '0218', 5),
(1243, '0222', 7),
(1243, '0233', 10),
(1243, '0235', 6),
(1243, '0294', 3),
(1243, '2008', 5),
(1243, '2243', 10),
(1244, '0201', 5),
(1244, '0206', 5),
(1244, '0212', 9),
(1244, '0214', 7),
(1244, '0215', 1),
(1244, '0222', 9),
(1244, '0234', 7),
(1244, '0236', 5),
(1244, '0294', 7),
(1244, '2008', 3),
(1244, '2233', 3),
(1244, '2243', 3),
(1245, '0201', 6),
(1245, '0206', 1),
(1245, '0212', 1),
(1245, '0214', 1),
(1245, '0215', 6),
(1245, '0222', 1),
(1245, '0234', 1),
(1245, '0236', 1),
(1245, '0238', 1),
(1245, '0294', 1),
(1245, '2233', 6),
(1245, '2249', 6),
(1246, '0201', 7),
(1246, '0206', 7),
(1246, '0212', 3),
(1246, '0215', 1),
(1246, '0222', 3),
(1246, '0275', 1),
(1246, '0294', 5),
(1246, '2189', 5),
(1246, '2236', 7),
(1246, '2237', 3),
(1246, '2243', 9),
(1246, '2262', 3),
(1247, '0201', 8),
(1247, '0204', 9),
(1247, '0206', 3),
(1247, '0212', 5),
(1247, '0214', 9),
(1247, '0215', 6),
(1247, '0222', 5),
(1247, '0275', 6),
(1247, '0292', 5),
(1247, '0294', 9),
(1247, '2189', 4),
(1247, '2236', 3),
(1247, '2237', 10),
(1247, '2243', 2),
(1247, '2262', 5),
(1248, '1102', 7),
(1248, '1315', 1),
(1248, '1348', 5),
(1248, '1997', 7),
(1249, '1102', 9),
(1249, '1315', 6),
(1249, '1348', 3),
(1249, '1997', 4),
(1251, '0106', 7),
(1251, '1102', 3),
(1251, '1362', 3),
(1251, '1363', 4),
(1251, '1364', 5),
(1251, '1365', 6),
(1251, '1591', 2),
(1252, '2377', 5),
(1253, '0104', 3),
(1253, '0106', 9),
(1253, '1188', 5),
(1253, '1367', 2),
(1253, '1588', 5),
(1253, '1591', 4),
(1253, '1993', 10),
(1254, '2102', 9),
(1254, '2107', 9),
(1254, '2197', 9),
(1254, '2377', 9),
(1254, '2587', 9),
(1254, '2589', 7),
(1255, '0506', 1),
(1255, '0518', 1),
(1255, '0520', 1),
(1255, '0522', 1),
(1255, '5010', 1),
(1255, '5024', 1),
(1255, '5025', 6),
(1255, '5080', 1),
(1255, '5287', 6),
(1256, '0518', 9),
(1256, '0520', 1),
(1256, '5010', 1),
(1256, '5023', 9),
(1256, '5024', 5),
(1256, '5025', 1),
(1256, '5080', 1),
(1256, '5287', 3),
(1257, '1102', 5),
(1257, '1440', 1),
(1257, '1479', 4),
(1257, '1602', 5),
(1257, '1604', 9),
(1258, '1102', 7),
(1258, '1479', 3),
(1258, '1601', 9),
(1258, '1602', 7),
(1258, '1604', 3),
(1259, '2603', 8),
(1259, '2605', 6),
(1259, '2606', 5),
(1260, '1102', 1),
(1260, '1607', 1),
(1260, '1608', 1),
(1260, '1609', 1),
(1260, '1610', 1),
(1260, '1611', 1),
(1260, '1612', 1),
(1261, '2377', 8),
(1262, '0124', 9),
(1262, '0128', 7),
(1262, '0131', 3),
(1262, '0194', 9),
(1262, '1234', 9),
(1263, '0118', 5),
(1263, '0128', 5),
(1263, '0131', 4),
(1263, '0194', 3),
(1263, '1232', 7),
(1264, '0201', 5),
(1264, '0206', 5),
(1264, '0233', 3),
(1264, '0294', 7),
(1264, '2008', 3),
(1264, '2243', 3),
(1265, '0101', 6),
(1265, '0104', 1),
(1265, '0106', 1),
(1265, '0113', 6),
(1265, '0118', 1),
(1265, '0121', 6),
(1265, '3771', 6),
(1266, '0506', 7),
(1266, '5009', 5),
(1266, '5010', 1),
(1266, '5013', 9),
(1266, '5022', 3),
(1266, '5080', 1),
(1266, '5097', 3),
(1266, '5286', 7),
(1267, '0104', 9),
(1267, '0106', 3),
(1267, '1102', 5),
(1267, '1188', 7),
(1267, '1591', 8),
(1268, '0106', 9),
(1268, '1102', 7),
(1268, '1188', 5),
(1268, '1591', 9),
(1269, '1102', 9),
(1269, '1479', 2),
(1269, '1601', 10),
(1269, '1602', 9),
(1270, '1440', 1),
(1270, '1479', 1),
(1270, '1601', 1),
(1270, '1602', 1),
(1272, '1607', 5),
(1272, '1609', 9),
(1272, '1611', 3),
(1272, '1612', 5),
(1273, '1102', 7),
(1273, '1608', 5),
(1273, '2610', 1),
(1274, '0101', 5),
(1274, '0106', 5),
(1274, '0110', 1),
(1274, '0111', 5),
(1274, '0113', 3),
(1274, '0114', 7),
(1274, '0115', 1),
(1274, '0118', 3),
(1274, '0121', 5),
(1274, '0122', 9),
(1274, '0190', 1),
(1274, '0194', 7),
(1274, '1355', 1),
(1274, '1761', 5),
(1275, '0201', 6),
(1275, '0206', 1),
(1275, '0210', 1),
(1275, '0211', 6),
(1275, '0213', 6),
(1275, '0214', 1),
(1275, '0215', 6),
(1275, '0221', 6),
(1275, '0222', 1),
(1275, '0290', 1),
(1275, '0294', 1),
(1275, '2355', 6),
(1275, '2761', 6),
(1279, '0301', 10),
(1279, '0306', 5),
(1279, '0310', 1),
(1279, '0311', 10),
(1279, '0313', 8),
(1279, '0315', 6),
(1279, '0318', 3),
(1279, '0321', 10),
(1279, '0322', 9),
(1279, '0390', 1),
(1279, '3355', 6),
(1279, '3761', 10),
(1280, '0301', 1),
(1280, '0306', 1),
(1280, '0310', 1),
(1280, '0311', 1),
(1280, '0314', 1),
(1280, '0318', 1),
(1280, '0321', 1),
(1280, '0322', 1),
(1280, '0390', 1),
(1280, '3761', 1),
(1281, '0301', 2),
(1281, '0304', 5),
(1281, '0306', 7),
(1281, '0310', 1),
(1281, '0311', 2),
(1281, '0313', 4),
(1281, '0314', 5),
(1281, '0315', 6),
(1281, '0318', 9),
(1281, '0321', 2),
(1281, '0390', 1),
(1281, '0394', 5),
(1281, '3355', 6),
(1281, '3761', 2),
(1282, '0405', 1),
(1282, '0406', 3),
(1282, '0413', 7),
(1282, '0414', 9),
(1282, '0415', 1),
(1282, '0419', 9),
(1282, '0422', 5),
(1282, '0432', 5),
(1282, '0489', 9),
(1282, '4232', 5),
(1282, '4745', 1),
(1283, '0401', 4),
(1283, '0404', 3),
(1283, '0405', 6),
(1283, '0406', 9),
(1283, '0413', 10),
(1283, '0414', 3),
(1283, '0415', 6),
(1283, '0419', 8),
(1283, '0422', 7),
(1283, '0431', 4),
(1283, '0432', 7),
(1283, '0489', 8),
(1283, '0494', 3),
(1283, '4232', 7),
(1283, '4745', 6),
(1284, '0401', 5),
(1284, '0405', 1),
(1284, '0406', 5),
(1284, '0410', 1),
(1284, '0411', 5),
(1284, '0413', 3),
(1284, '0414', 7),
(1284, '0415', 1),
(1284, '0418', 3),
(1284, '0422', 9),
(1284, '0431', 5),
(1284, '0489', 7),
(1284, '0494', 7),
(1284, '0495', 1),
(1292, '0201', 3),
(1292, '0206', 3),
(1292, '0212', 5),
(1292, '0214', 9),
(1292, '0215', 1),
(1292, '0218', 7),
(1292, '0222', 5),
(1292, '0233', 7),
(1292, '0235', 1),
(1292, '0294', 9),
(1292, '2008', 7),
(1292, '2243', 7),
(1293, '0201', 4),
(1293, '0206', 9),
(1293, '0212', 7),
(1293, '0214', 3),
(1293, '0215', 6),
(1293, '0222', 7),
(1293, '0234', 3),
(1293, '0236', 9),
(1293, '0294', 3),
(1293, '2008', 5),
(1293, '2233', 10),
(1293, '2243', 10),
(1294, '0201', 5),
(1294, '0206', 5),
(1294, '0212', 9),
(1294, '0214', 7),
(1294, '0215', 1),
(1294, '0222', 9),
(1294, '0234', 7),
(1294, '0236', 5),
(1294, '0238', 3),
(1294, '0294', 7),
(1294, '2233', 3),
(1294, '2249', 7),
(1295, '0201', 6),
(1295, '0206', 1),
(1295, '0212', 1),
(1295, '0215', 6),
(1295, '0222', 1),
(1295, '0275', 6),
(1295, '0294', 1),
(1295, '2189', 6),
(1295, '2236', 1),
(1295, '2237', 6),
(1295, '2243', 6),
(1295, '2262', 1),
(1296, '0201', 7),
(1296, '0204', 5),
(1296, '0206', 7),
(1296, '0212', 3),
(1296, '0214', 5),
(1296, '0215', 1),
(1296, '0222', 3),
(1296, '0275', 1),
(1296, '0292', 3),
(1296, '0294', 5),
(1296, '2189', 5),
(1296, '2236', 7),
(1296, '2237', 3),
(1296, '2243', 9),
(1296, '2262', 3),
(1304, '0506', 5),
(1304, '0518', 3),
(1304, '0520', 1),
(1304, '0522', 9),
(1304, '5010', 1),
(1304, '5023', 3),
(1304, '5025', 1),
(1304, '5080', 1),
(1304, '5287', 9),
(1305, '0518', 1),
(1305, '0520', 1),
(1305, '0522', 1),
(1305, '5010', 1),
(1305, '5024', 1),
(1305, '5025', 6),
(1305, '5080', 1),
(1305, '5287', 6),
(1307, '1102', 5),
(1307, '1440', 1),
(1307, '1479', 4),
(1307, '1602', 5),
(1307, '1604', 9),
(1308, '2603', 5),
(1308, '2605', 1),
(1308, '2606', 9),
(1309, '1102', 9),
(1309, '1607', 4),
(1309, '1608', 3),
(1309, '1609', 2),
(1309, '1610', 1),
(1309, '1611', 10),
(1309, '1612', 9),
(1310, '2377', 1),
(1313, '0201', 4),
(1313, '0206', 9),
(1313, '0233', 10),
(1313, '0294', 3),
(1313, '2008', 5),
(1313, '2243', 10),
(1318, '1102', 7),
(1318, '1479', 3),
(1318, '1601', 9),
(1318, '1602', 7),
(1322, '1102', 5),
(1322, '1608', 7),
(1322, '2610', 1),
(1323, '0101', 4),
(1323, '0106', 9),
(1323, '0110', 1),
(1323, '0111', 4),
(1323, '0113', 10),
(1323, '0114', 3),
(1323, '0115', 6),
(1323, '0118', 5),
(1323, '0121', 4),
(1323, '0122', 7),
(1323, '0190', 1),
(1323, '0194', 3),
(1323, '1355', 6),
(1323, '1761', 4),
(1324, '0201', 5),
(1324, '0206', 5),
(1324, '0210', 1),
(1324, '0211', 5),
(1324, '0213', 3),
(1324, '0214', 7),
(1324, '0215', 1),
(1324, '0218', 3),
(1324, '0221', 5),
(1324, '0222', 9),
(1324, '0290', 1),
(1324, '0294', 7),
(1324, '2355', 1),
(1324, '2761', 5),
(1325, '0301', 6),
(1325, '0306', 1),
(1325, '0310', 1),
(1325, '0311', 6),
(1325, '0313', 6),
(1325, '0314', 1),
(1325, '0315', 6),
(1325, '0321', 6),
(1325, '0322', 1),
(1325, '0390', 1),
(1325, '0394', 1),
(1327, '0301', 8),
(1327, '0304', 9),
(1327, '0310', 1),
(1327, '0311', 8),
(1327, '0313', 2),
(1327, '0314', 9),
(1327, '0315', 6),
(1327, '0318', 7),
(1327, '0321', 8),
(1327, '0322', 5),
(1327, '0331', 8),
(1327, '0390', 1),
(1330, '0301', 1),
(1330, '0304', 1),
(1330, '0306', 1),
(1330, '0310', 1),
(1330, '0311', 1),
(1330, '0314', 1),
(1330, '0315', 1),
(1330, '0318', 1),
(1330, '0321', 1),
(1330, '0322', 1),
(1330, '0390', 1),
(1330, '0394', 1),
(1330, '3355', 1),
(1330, '3761', 1),
(1331, '0401', 2),
(1331, '0405', 6),
(1331, '0406', 7),
(1331, '0413', 4),
(1331, '0414', 5),
(1331, '0415', 6),
(1331, '0419', 10),
(1331, '0431', 2),
(1331, '0489', 10),
(1331, '4745', 6),
(1333, '0401', 4),
(1333, '0405', 6),
(1333, '0406', 9),
(1333, '0411', 4),
(1333, '0413', 10),
(1333, '0414', 3),
(1333, '0415', 6),
(1333, '0418', 5),
(1333, '0422', 7),
(1333, '0431', 4),
(1333, '0489', 8),
(1333, '0494', 3),
(1333, '0495', 6),
(1334, '0113', 3),
(1334, '0401', 5),
(1334, '0404', 7),
(1334, '0405', 1),
(1334, '0406', 5),
(1334, '0410', 1),
(1334, '0411', 5),
(1334, '0413', 3),
(1334, '0414', 7),
(1334, '0415', 1),
(1334, '0418', 3),
(1334, '0422', 9),
(1334, '0464', 7),
(1334, '0489', 7),
(1334, '4480', 1),
(1334, '4481', 5),
(1335, '0401', 6),
(1335, '0405', 6),
(1335, '0406', 1),
(1335, '0413', 6),
(1335, '0414', 1),
(1335, '0415', 6),
(1335, '0418', 1),
(1335, '0422', 1),
(1335, '0431', 6),
(1335, '0489', 6),
(1335, '0494', 1),
(1335, '0495', 6),
(1335, '4232', 1),
(1337, '0101', 8),
(1337, '0106', 3),
(1337, '0114', 9),
(1337, '0115', 6),
(1337, '0118', 7),
(1337, '0122', 5),
(1337, '0128', 7),
(1337, '0131', 8),
(1337, '0132', 5),
(1337, '0191', 8),
(1337, '0194', 9),
(1337, '1232', 5),
(1338, '0101', 9),
(1338, '0106', 9),
(1338, '0114', 3),
(1338, '0115', 1),
(1338, '0122', 7),
(1338, '0124', 3),
(1338, '0126', 9),
(1338, '0128', 5),
(1338, '0131', 9),
(1338, '0194', 3),
(1338, '1234', 3),
(1338, '1241', 9),
(1339, '0101', 10),
(1339, '0106', 5),
(1339, '0114', 7),
(1339, '0122', 9),
(1339, '0128', 3),
(1339, '0131', 10),
(1339, '0194', 7),
(1339, '1021', 10),
(1339, '1234', 7),
(1339, '1236', 5),
(1343, '0201', 4),
(1343, '0206', 9),
(1343, '0212', 7),
(1343, '0214', 3),
(1343, '0215', 6),
(1343, '0222', 7),
(1343, '0234', 3),
(1343, '0236', 9),
(1343, '0238', 5),
(1343, '0294', 3),
(1343, '2233', 10),
(1343, '2249', 8),
(1344, '0201', 5),
(1344, '0206', 5),
(1344, '0212', 9),
(1344, '0215', 1),
(1344, '0222', 9),
(1344, '0275', 1),
(1344, '0294', 7),
(1344, '2189', 7),
(1344, '2236', 5),
(1344, '2237', 9),
(1344, '2243', 3),
(1344, '2262', 9),
(1345, '0201', 6),
(1345, '0204', 1),
(1345, '0206', 1),
(1345, '0212', 1),
(1345, '0214', 1),
(1345, '0215', 6),
(1345, '0222', 1),
(1345, '0275', 6),
(1345, '0292', 1),
(1345, '0294', 1),
(1345, '2189', 6),
(1345, '2236', 1),
(1345, '2237', 6),
(1345, '2243', 6),
(1345, '2262', 1),
(1347, '1102', 5),
(1347, '1315', 6),
(1347, '1348', 7),
(1347, '1997', 10),
(1348, '0104', 3),
(1348, '0106', 9),
(1348, '1102', 7),
(1348, '1362', 7),
(1348, '1363', 5),
(1348, '1364', 3),
(1348, '1365', 1),
(1348, '1367', 7),
(1348, '1591', 9),
(1349, '0106', 5),
(1349, '1102', 9),
(1349, '1362', 9),
(1349, '1363', 8),
(1349, '1364', 7),
(1349, '1365', 6),
(1349, '1367', 4),
(1349, '1591', 10),
(1350, '2377', 1),
(1353, '0506', 9),
(1353, '0518', 5),
(1353, '0520', 1),
(1353, '0522', 7),
(1353, '5010', 1),
(1353, '5023', 10),
(1353, '5024', 3),
(1353, '5080', 1),
(1353, '5287', 2),
(1354, '0518', 3),
(1354, '0520', 1),
(1354, '0522', 9),
(1354, '5010', 1),
(1354, '5023', 3),
(1354, '5025', 1),
(1354, '5080', 1),
(1354, '5287', 9),
(1356, '1440', 1),
(1356, '1479', 5),
(1356, '1601', 7),
(1356, '1604', 5),
(1358, '1102', 7),
(1358, '1607', 7),
(1358, '1608', 5),
(1358, '1609', 3),
(1358, '1611', 9),
(1358, '1612', 7),
(1359, '2377', 4),
(1361, '0118', 9),
(1361, '0128', 9),
(1361, '0131', 2),
(1361, '0194', 5),
(1361, '1232', 3),
(1362, '0201', 3),
(1362, '0206', 3),
(1362, '0233', 7),
(1362, '0294', 9),
(1362, '2008', 7),
(1362, '2243', 7),
(1363, '0101', 4),
(1363, '0104', 3),
(1363, '0106', 9),
(1363, '0113', 10),
(1363, '0118', 5),
(1363, '0121', 4),
(1363, '3771', 4),
(1364, '0506', 5),
(1364, '5009', 7),
(1364, '5010', 1),
(1364, '5013', 3),
(1364, '5022', 9),
(1364, '5080', 1),
(1364, '5097', 9),
(1364, '5286', 5),
(1366, '0106', 7),
(1366, '1102', 3),
(1366, '1188', 9),
(1366, '1591', 7),
(1367, '1102', 5),
(1367, '1479', 4),
(1367, '1601', 8),
(1367, '1602', 5),
(1370, '1607', 1),
(1370, '1609', 1),
(1370, '1611', 1),
(1370, '1612', 1),
(1375, '0301', 6),
(1375, '0306', 1),
(1375, '0310', 1),
(1375, '0311', 6),
(1375, '0313', 6),
(1375, '0314', 1),
(1375, '0315', 6),
(1375, '0321', 6),
(1375, '0322', 1),
(1375, '0331', 6),
(1375, '0390', 1),
(1376, '0301', 7),
(1376, '0304', 5),
(1376, '0306', 7),
(1376, '0310', 1),
(1376, '0311', 7),
(1376, '0313', 9),
(1376, '0314', 5),
(1376, '0315', 1),
(1376, '0318', 9),
(1376, '0321', 7),
(1376, '0322', 3),
(1376, '0331', 7),
(1376, '0390', 1),
(1377, '0301', 8),
(1377, '0310', 1),
(1377, '0311', 8),
(1377, '0313', 2),
(1377, '0315', 6),
(1377, '0318', 7),
(1377, '0321', 8),
(1377, '0322', 5),
(1377, '0390', 1),
(1377, '3355', 6),
(1377, '3761', 8),
(1378, '0301', 9),
(1378, '0306', 9),
(1378, '0310', 1),
(1378, '0311', 9),
(1378, '0313', 5),
(1378, '0314', 3),
(1378, '0318', 5),
(1378, '0321', 9),
(1378, '0322', 7),
(1378, '0390', 1),
(1378, '3761', 9),
(1379, '0301', 10),
(1379, '0306', 5),
(1379, '0310', 1),
(1379, '0311', 10),
(1379, '0313', 8),
(1379, '0315', 6),
(1379, '0318', 3),
(1379, '0321', 10),
(1379, '0322', 9),
(1379, '0390', 1),
(1379, '3355', 6),
(1379, '3761', 10),
(1381, '0401', 2),
(1381, '0404', 5),
(1381, '0405', 6),
(1381, '0406', 7),
(1381, '0413', 4),
(1381, '0414', 5),
(1381, '0415', 6),
(1381, '0419', 10),
(1381, '0431', 2),
(1381, '0489', 10),
(1381, '0490', 1),
(1381, '0494', 5),
(1381, '4745', 6),
(1385, '0101', 6),
(1385, '0106', 1),
(1385, '0114', 1),
(1385, '0118', 1),
(1385, '0122', 1),
(1385, '0128', 1),
(1385, '0131', 6),
(1385, '0132', 1),
(1385, '0194', 1),
(1385, '1232', 1),
(1389, '0101', 10),
(1389, '0106', 5),
(1389, '0114', 7),
(1389, '0115', 6),
(1389, '0122', 9),
(1389, '0128', 3),
(1389, '0131', 10),
(1389, '0194', 7),
(1389, '1021', 10),
(1389, '1234', 7),
(1389, '1236', 5),
(1389, '1241', 10),
(1390, '0201', 1),
(1390, '0206', 1),
(1390, '0212', 1),
(1390, '0214', 1),
(1390, '0215', 1),
(1390, '0218', 1),
(1390, '0222', 1),
(1390, '0233', 1),
(1390, '0235', 1),
(1390, '0294', 1),
(1390, '2008', 1),
(1390, '2243', 1),
(1391, '0201', 2),
(1391, '0206', 7),
(1391, '0212', 3),
(1391, '0214', 5),
(1391, '0215', 6),
(1391, '0222', 3),
(1391, '0234', 5),
(1391, '0236', 7),
(1391, '0294', 5),
(1391, '2008', 9),
(1391, '2233', 4),
(1391, '2243', 4),
(1392, '0201', 3),
(1392, '0206', 3),
(1392, '0212', 5),
(1392, '0214', 9),
(1392, '0215', 1),
(1392, '0222', 5),
(1392, '0234', 9),
(1392, '0236', 3),
(1392, '0238', 7),
(1392, '0294', 9),
(1392, '2233', 7),
(1392, '2249', 9),
(1393, '0201', 4),
(1393, '0206', 9),
(1393, '0212', 7),
(1393, '0215', 6),
(1393, '0222', 7),
(1393, '0275', 6),
(1393, '0294', 3),
(1393, '2189', 8),
(1393, '2236', 9),
(1393, '2237', 2),
(1393, '2243', 10),
(1393, '2262', 7),
(1396, '1102', 3),
(1396, '1315', 1),
(1396, '1348', 9),
(1396, '1997', 3),
(1397, '0104', 9),
(1397, '0106', 3),
(1397, '1102', 5),
(1397, '1362', 5),
(1397, '1363', 2),
(1397, '1364', 9),
(1397, '1365', 6),
(1397, '1367', 10),
(1397, '1591', 8),
(1398, '0106', 9),
(1398, '1102', 7),
(1398, '1362', 7),
(1398, '1363', 5),
(1398, '1364', 3),
(1398, '1365', 1),
(1398, '1367', 7),
(1398, '1591', 9),
(1400, '0104', 1),
(1400, '0106', 1),
(1400, '1367', 1),
(1400, '1591', 1),
(1400, '1993', 1),
(1401, '2102', 3),
(1401, '2589', 10),
(1404, '1102', 9),
(1404, '1440', 1),
(1404, '1479', 7),
(1404, '1601', 5),
(1404, '1602', 9),
(1405, '1102', 1),
(1405, '1440', 1),
(1405, '1479', 6),
(1405, '1601', 6),
(1405, '1602', 1),
(1405, '1604', 1),
(1406, '2603', 9),
(1406, '2605', 1),
(1406, '2606', 7),
(1408, '2377', 7),
(1409, '0124', 7),
(1409, '0128', 3),
(1409, '0131', 10),
(1409, '0194', 7),
(1409, '1234', 7),
(1411, '0201', 2),
(1411, '0206', 7),
(1411, '0233', 4),
(1411, '0294', 5),
(1411, '2008', 9),
(1411, '2243', 4),
(1414, '0104', 7),
(1414, '0106', 5),
(1414, '1102', 9),
(1414, '1188', 3),
(1414, '1591', 5),
(1415, '0106', 1),
(1415, '1102', 1),
(1415, '1188', 1),
(1415, '1591', 6),
(1418, '2603', 5),
(1418, '2604', 3),
(1418, '2605', 1),
(1419, '1607', 4),
(1419, '1609', 2),
(1419, '1611', 10),
(1419, '1612', 9),
(1425, '0301', 6),
(1425, '0304', 1),
(1425, '0306', 1),
(1425, '0310', 1),
(1425, '0311', 6),
(1425, '0313', 6),
(1425, '0314', 1),
(1425, '0315', 6),
(1425, '0321', 6),
(1425, '0322', 1),
(1425, '0331', 6),
(1425, '0390', 1),
(1427, '0301', 8),
(1427, '0310', 1),
(1427, '0311', 8),
(1427, '0313', 2),
(1427, '0314', 9),
(1427, '0318', 7),
(1427, '0321', 8),
(1427, '0322', 5),
(1427, '0390', 1),
(1427, '3761', 8),
(1430, '0401', 1),
(1430, '0404', 1),
(1430, '0405', 1),
(1430, '0406', 1),
(1430, '0414', 1),
(1430, '0415', 1),
(1430, '0419', 1),
(1430, '0422', 1),
(1430, '0431', 1),
(1430, '0432', 1),
(1430, '0489', 1),
(1430, '0490', 1),
(1430, '0494', 1),
(1430, '4232', 1),
(1430, '4745', 1),
(1434, '0101', 5),
(1434, '0106', 5),
(1434, '0114', 7),
(1434, '0118', 3),
(1434, '0122', 9),
(1434, '0128', 3),
(1434, '0131', 5),
(1434, '0132', 9),
(1434, '0194', 7),
(1434, '1232', 9),
(1435, '0101', 6),
(1435, '0106', 1),
(1435, '0114', 1),
(1435, '0115', 6),
(1435, '0118', 1),
(1435, '0122', 1),
(1435, '0128', 1),
(1435, '0131', 6),
(1435, '0132', 1),
(1435, '0191', 6),
(1435, '0194', 1),
(1435, '1232', 1),
(1436, '0101', 7),
(1436, '0106', 7),
(1436, '0114', 5),
(1436, '0115', 1),
(1436, '0122', 3),
(1436, '0124', 5),
(1436, '0126', 7),
(1436, '0128', 9),
(1436, '0131', 7),
(1436, '0194', 5),
(1436, '1234', 5),
(1436, '1241', 7),
(1438, '0101', 9),
(1438, '0106', 9),
(1438, '0114', 3),
(1438, '0115', 1),
(1438, '0122', 7),
(1438, '0128', 5),
(1438, '0131', 9),
(1438, '0194', 3),
(1438, '1021', 9),
(1438, '1234', 3),
(1438, '1236', 9),
(1438, '1241', 9),
(1441, '0201', 2),
(1441, '0206', 7),
(1441, '0212', 3),
(1441, '0214', 5),
(1441, '0215', 6),
(1441, '0222', 3),
(1441, '0234', 5),
(1441, '0236', 7),
(1441, '0238', 9),
(1441, '0294', 5),
(1441, '2233', 4),
(1441, '2249', 10),
(1443, '0201', 4),
(1443, '0204', 3),
(1443, '0206', 9),
(1443, '0212', 7),
(1443, '0214', 3),
(1443, '0215', 6),
(1443, '0222', 7),
(1443, '0275', 6),
(1443, '0292', 7),
(1443, '0294', 3),
(1443, '2189', 8),
(1443, '2236', 9),
(1443, '2237', 2),
(1443, '2243', 10),
(1443, '2262', 7),
(1444, '1102', 9),
(1444, '1315', 1),
(1444, '1348', 3),
(1444, '1997', 9),
(1445, '1102', 1),
(1445, '1315', 6),
(1445, '1348', 1),
(1445, '1997', 6),
(1448, '2377', 7),
(1451, '0506', 7),
(1451, '0518', 9),
(1451, '0520', 1),
(1451, '0522', 3),
(1451, '5010', 1),
(1451, '5023', 4),
(1451, '5024', 5),
(1451, '5025', 6),
(1451, '5080', 1),
(1452, '0518', 7),
(1452, '0520', 1),
(1452, '0522', 5),
(1452, '5010', 1),
(1452, '5023', 7),
(1452, '5024', 9),
(1452, '5025', 1),
(1452, '5080', 1),
(1452, '5287', 5),
(1453, '1102', 7),
(1453, '1440', 1),
(1453, '1479', 8),
(1453, '1601', 4),
(1453, '1602', 7),
(1453, '1604', 3),
(1454, '1102', 9),
(1454, '1440', 1),
(1454, '1479', 7),
(1454, '1601', 5),
(1454, '1602', 9),
(1456, '1607', 3),
(1456, '1608', 9),
(1456, '1609', 5),
(1456, '1610', 1),
(1456, '1611', 7),
(1461, '0101', 2),
(1461, '0104', 5),
(1461, '0106', 7),
(1461, '0113', 4),
(1461, '0118', 9),
(1461, '0121', 2),
(1461, '3771', 2),
(1468, '1607', 7),
(1468, '1609', 3),
(1468, '1611', 9),
(1468, '1612', 7),
(1469, '1102', 9),
(1469, '1608', 3),
(1469, '2610', 1),
(1470, '0101', 1),
(1470, '0106', 1),
(1470, '0110', 1),
(1470, '0111', 1),
(1470, '0113', 1),
(1470, '0114', 1),
(1470, '0115', 1),
(1470, '0118', 1),
(1470, '0121', 1),
(1470, '0122', 1),
(1470, '0190', 1),
(1470, '0194', 1),
(1470, '1355', 1),
(1470, '1761', 1),
(1471, '0201', 2),
(1471, '0206', 7),
(1471, '0210', 1),
(1471, '0211', 2),
(1471, '0213', 4),
(1471, '0214', 5),
(1471, '0215', 6),
(1471, '0218', 9),
(1471, '0221', 2),
(1471, '0222', 3),
(1471, '0290', 1),
(1471, '0294', 5),
(1471, '2355', 6),
(1471, '2761', 2),
(1472, '0301', 3),
(1472, '0306', 3),
(1472, '0310', 1),
(1472, '0311', 3),
(1472, '0313', 7),
(1472, '0314', 9),
(1472, '0315', 1),
(1472, '0318', 7),
(1472, '0321', 3),
(1472, '0322', 5),
(1472, '0390', 1),
(1472, '0394', 9),
(1473, '0301', 4),
(1473, '0306', 9),
(1473, '0310', 1),
(1473, '0311', 4),
(1473, '0313', 10),
(1473, '0314', 3),
(1473, '0315', 6),
(1473, '0318', 5),
(1473, '0321', 4),
(1473, '0322', 7),
(1473, '0331', 4),
(1473, '0390', 1),
(1477, '0301', 8),
(1477, '0304', 9),
(1477, '0310', 1),
(1477, '0311', 8),
(1477, '0313', 2),
(1477, '0314', 9),
(1477, '0315', 6),
(1477, '0318', 7),
(1477, '0321', 8),
(1477, '0322', 5),
(1477, '0390', 1),
(1477, '0394', 9),
(1477, '3355', 6),
(1477, '3761', 8),
(1479, '0401', 10),
(1479, '0405', 6),
(1479, '0406', 5),
(1479, '0413', 8),
(1479, '0415', 6),
(1479, '0419', 2),
(1479, '0422', 9),
(1479, '0431', 10),
(1479, '0432', 9),
(1479, '0489', 2),
(1479, '0490', 1),
(1479, '4232', 9),
(1479, '4745', 6),
(1480, '0401', 1),
(1480, '0405', 1),
(1480, '0406', 1),
(1480, '0410', 1),
(1480, '0411', 1),
(1480, '0414', 1),
(1480, '0415', 1),
(1480, '0418', 1),
(1480, '0422', 1),
(1480, '0431', 1),
(1480, '0489', 1),
(1480, '0494', 1),
(1480, '0495', 1),
(1485, '0101', 6),
(1485, '0106', 1),
(1485, '0114', 1),
(1485, '0115', 6),
(1485, '0122', 1),
(1485, '0124', 1),
(1485, '0126', 1),
(1485, '0128', 1),
(1485, '0131', 6),
(1485, '0194', 1),
(1485, '1234', 1),
(1485, '1241', 6),
(1486, '0101', 7),
(1486, '0106', 7),
(1486, '0114', 5),
(1486, '0122', 3),
(1486, '0128', 9),
(1486, '0131', 7),
(1486, '0194', 5),
(1486, '1021', 7),
(1486, '1234', 5),
(1486, '1236', 7),
(1487, '0101', 8),
(1487, '0106', 3),
(1487, '0114', 9),
(1487, '0115', 6),
(1487, '0122', 5),
(1487, '0128', 7),
(1487, '0131', 8),
(1487, '0194', 9),
(1487, '1021', 8),
(1487, '1234', 9),
(1487, '1236', 3),
(1487, '1241', 8),
(1490, '0201', 1),
(1490, '0206', 1),
(1490, '0212', 1),
(1490, '0214', 1),
(1490, '0215', 1),
(1490, '0222', 1),
(1490, '0234', 1),
(1490, '0236', 1),
(1490, '0238', 1),
(1490, '0294', 1),
(1490, '2233', 1),
(1490, '2249', 1),
(1491, '0201', 2),
(1491, '0206', 7),
(1491, '0212', 3),
(1491, '0215', 6),
(1491, '0222', 3),
(1491, '0275', 6),
(1491, '0294', 5),
(1491, '2189', 10),
(1491, '2236', 7),
(1491, '2237', 8),
(1491, '2243', 4),
(1491, '2262', 3),
(1492, '0201', 3),
(1492, '0204', 9),
(1492, '0206', 3),
(1492, '0212', 5),
(1492, '0214', 9),
(1492, '0215', 1),
(1492, '0222', 5),
(1492, '0275', 1),
(1492, '0292', 5),
(1492, '0294', 9),
(1492, '2189', 9),
(1492, '2236', 3),
(1492, '2237', 5),
(1492, '2243', 7),
(1492, '2262', 5),
(1493, '1102', 7),
(1493, '1315', 6),
(1493, '1348', 5),
(1493, '1997', 2),
(1495, '0104', 1),
(1495, '0106', 1),
(1495, '1102', 1),
(1495, '1362', 1),
(1495, '1363', 6),
(1495, '1364', 1),
(1495, '1365', 6),
(1495, '1367', 6),
(1495, '1591', 6),
(1497, '2377', 10),
(1498, '0104', 3),
(1498, '0106', 9),
(1498, '1188', 5),
(1498, '1367', 7),
(1498, '1588', 5),
(1498, '1591', 9),
(1498, '1993', 5),
(1499, '2102', 9),
(1499, '2107', 4),
(1499, '2197', 4),
(1499, '2377', 4),
(1499, '2587', 4),
(1500, '0506', 1),
(1500, '0520', 1),
(1500, '0522', 1),
(1500, '5010', 1),
(1500, '5023', 1),
(1500, '5024', 1),
(1500, '5025', 1),
(1500, '5080', 1),
(1500, '5287', 1),
(1501, '0518', 9),
(1501, '0520', 1),
(1501, '0522', 3),
(1501, '5010', 1),
(1501, '5023', 4),
(1501, '5024', 5),
(1501, '5025', 6),
(1501, '5080', 1),
(1502, '1102', 5),
(1502, '1440', 1),
(1502, '1479', 9),
(1502, '1601', 3),
(1502, '1602', 5),
(1502, '1604', 9),
(1504, '2603', 3),
(1504, '2605', 1),
(1504, '2606', 5),
(1505, '1102', 1),
(1505, '1607', 6),
(1505, '1608', 1),
(1505, '1609', 6),
(1505, '1610', 1),
(1505, '1611', 6),
(1505, '1612', 1),
(1508, '0118', 5),
(1508, '0128', 5),
(1508, '0131', 9),
(1508, '0194', 3),
(1508, '1232', 7),
(1510, '0101', 1),
(1510, '0104', 1),
(1510, '0106', 1),
(1510, '0113', 1),
(1510, '0118', 1),
(1510, '0121', 1),
(1510, '3771', 1),
(1511, '0506', 7),
(1511, '5009', 10),
(1511, '5010', 1),
(1511, '5013', 4),
(1511, '5022', 3),
(1511, '5080', 1),
(1511, '5097', 8),
(1511, '5286', 7),
(1512, '0104', 9),
(1512, '0106', 3),
(1512, '1102', 5),
(1512, '1188', 7),
(1512, '1591', 3),
(1513, '0106', 9),
(1513, '1102', 7),
(1513, '1188', 5),
(1513, '1591', 4),
(1514, '1102', 9),
(1514, '1479', 7),
(1514, '1601', 5),
(1514, '1602', 9),
(1516, '2603', 9),
(1516, '2604', 5),
(1516, '2605', 1),
(1517, '1607', 10),
(1517, '1609', 4),
(1517, '1611', 8),
(1517, '1612', 5),
(1518, '1102', 7),
(1518, '1608', 5),
(1518, '2610', 1),
(1520, '0201', 1),
(1520, '0206', 1),
(1520, '0210', 1),
(1520, '0211', 1),
(1520, '0213', 1),
(1520, '0214', 1),
(1520, '0215', 1),
(1520, '0218', 1),
(1520, '0221', 1),
(1520, '0222', 1),
(1520, '0290', 1),
(1520, '0294', 1),
(1520, '2355', 1),
(1520, '2761', 1),
(1522, '0301', 3),
(1522, '0306', 3),
(1522, '0310', 1),
(1522, '0311', 3),
(1522, '0313', 7),
(1522, '0314', 9),
(1522, '0315', 1),
(1522, '0318', 7),
(1522, '0321', 3),
(1522, '0322', 5),
(1522, '0331', 3),
(1522, '0390', 1),
(1523, '0301', 4);
INSERT INTO `notas` (`nExpediente`, `idAsignatura`, `nota`) VALUES
(1523, '0304', 3),
(1523, '0306', 9),
(1523, '0310', 1),
(1523, '0311', 4),
(1523, '0313', 10),
(1523, '0314', 3),
(1523, '0315', 6),
(1523, '0318', 5),
(1523, '0321', 4),
(1523, '0322', 7),
(1523, '0331', 4),
(1523, '0390', 1),
(1525, '0301', 6),
(1525, '0306', 1),
(1525, '0310', 1),
(1525, '0311', 6),
(1525, '0313', 6),
(1525, '0314', 1),
(1525, '0321', 6),
(1525, '0322', 1),
(1525, '0390', 1),
(1525, '3761', 6),
(1526, '0301', 7),
(1526, '0304', 5),
(1526, '0306', 7),
(1526, '0310', 1),
(1526, '0311', 7),
(1526, '0313', 9),
(1526, '0314', 5),
(1526, '0315', 1),
(1526, '0318', 9),
(1526, '0321', 7),
(1526, '0322', 3),
(1526, '0390', 1),
(1526, '0394', 5),
(1526, '3355', 1),
(1526, '3761', 7),
(1528, '0401', 9),
(1528, '0404', 3),
(1528, '0406', 9),
(1528, '0413', 5),
(1528, '0414', 3),
(1528, '0419', 3),
(1528, '0422', 7),
(1528, '0431', 9),
(1528, '0432', 7),
(1528, '0489', 3),
(1528, '0490', 1),
(1528, '0494', 3),
(1528, '4232', 7),
(1529, '0401', 10),
(1529, '0405', 6),
(1529, '0406', 5),
(1529, '0410', 1),
(1529, '0411', 10),
(1529, '0413', 8),
(1529, '0415', 6),
(1529, '0418', 3),
(1529, '0422', 9),
(1529, '0431', 10),
(1529, '0489', 2),
(1529, '0495', 6),
(1530, '0401', 1),
(1530, '0404', 1),
(1530, '0405', 1),
(1530, '0406', 1),
(1530, '0410', 1),
(1530, '0411', 1),
(1530, '0414', 1),
(1530, '0415', 1),
(1530, '0418', 1),
(1530, '0422', 1),
(1530, '0464', 1),
(1530, '0489', 1),
(1530, '4480', 1),
(1530, '4481', 1),
(1532, '0106', 3),
(1532, '0114', 9),
(1532, '0118', 7),
(1532, '0122', 5),
(1532, '0128', 7),
(1532, '0132', 5),
(1532, '0194', 9),
(1532, '1232', 5),
(1533, '0101', 4),
(1533, '0106', 9),
(1533, '0114', 3),
(1533, '0115', 6),
(1533, '0118', 5),
(1533, '0122', 7),
(1533, '0128', 5),
(1533, '0131', 4),
(1533, '0132', 7),
(1533, '0191', 4),
(1533, '0194', 3),
(1533, '1232', 7),
(1537, '0201', 8),
(1537, '0206', 3),
(1537, '0212', 5),
(1537, '0214', 9),
(1537, '0215', 6),
(1537, '0218', 7),
(1537, '0222', 5),
(1537, '0233', 2),
(1537, '0235', 6),
(1537, '0294', 9),
(1537, '2008', 7),
(1537, '2243', 2),
(1538, '0201', 9),
(1538, '0206', 9),
(1538, '0212', 7),
(1538, '0214', 3),
(1538, '0215', 1),
(1538, '0222', 7),
(1538, '0234', 3),
(1538, '0236', 9),
(1538, '0294', 3),
(1538, '2008', 5),
(1538, '2233', 5),
(1538, '2243', 5),
(1539, '0201', 10),
(1539, '0206', 5),
(1539, '0212', 9),
(1539, '0214', 7),
(1539, '0215', 6),
(1539, '0222', 9),
(1539, '0234', 7),
(1539, '0236', 5),
(1539, '0238', 3),
(1539, '0294', 7),
(1539, '2233', 8),
(1539, '2249', 2),
(1540, '0201', 1),
(1540, '0206', 1),
(1540, '0212', 1),
(1540, '0215', 1),
(1540, '0222', 1),
(1540, '0275', 1),
(1540, '0294', 1),
(1540, '2189', 1),
(1540, '2236', 1),
(1540, '2237', 1),
(1540, '2243', 1),
(1540, '2262', 1),
(1542, '1102', 5),
(1542, '1315', 1),
(1542, '1348', 7),
(1542, '1997', 5),
(1545, '0106', 1),
(1545, '1102', 1),
(1545, '1362', 1),
(1545, '1363', 6),
(1545, '1364', 1),
(1545, '1365', 6),
(1545, '1367', 6),
(1545, '1591', 6),
(1546, '2377', 3),
(1553, '2603', 10),
(1553, '2606', 9),
(1555, '2377', 6),
(1556, '0124', 5),
(1556, '0128', 9),
(1556, '0131', 7),
(1556, '0194', 5),
(1556, '1234', 5),
(1558, '0201', 9),
(1558, '0206', 9),
(1558, '0233', 5),
(1558, '0294', 3),
(1558, '2008', 5),
(1558, '2243', 5),
(1559, '0101', 10),
(1559, '0104', 7),
(1559, '0106', 5),
(1559, '0113', 8),
(1559, '0118', 3),
(1559, '0121', 10),
(1559, '3771', 10),
(1563, '1102', 7),
(1563, '1479', 8),
(1563, '1601', 4),
(1563, '1602', 7),
(1568, '0101', 9),
(1568, '0106', 9),
(1568, '0110', 1),
(1568, '0111', 9),
(1568, '0113', 5),
(1568, '0114', 3),
(1568, '0115', 1),
(1568, '0118', 5),
(1568, '0121', 9),
(1568, '0122', 7),
(1568, '0190', 1),
(1568, '0194', 3),
(1568, '1355', 1),
(1568, '1761', 9),
(1573, '0301', 4),
(1573, '0306', 9),
(1573, '0310', 1),
(1573, '0311', 4),
(1573, '0313', 10),
(1573, '0315', 6),
(1573, '0318', 5),
(1573, '0321', 4),
(1573, '0322', 7),
(1573, '0390', 1),
(1573, '3355', 6),
(1573, '3761', 4),
(1576, '0401', 7),
(1576, '0405', 1),
(1576, '0406', 7),
(1576, '0413', 9),
(1576, '0414', 5),
(1576, '0415', 1),
(1576, '0419', 5),
(1576, '0422', 3),
(1576, '0431', 7),
(1576, '0432', 3),
(1576, '0489', 5),
(1576, '4232', 3),
(1576, '4745', 1),
(1577, '0401', 8),
(1577, '0404', 9),
(1577, '0405', 6),
(1577, '0413', 2),
(1577, '0414', 9),
(1577, '0415', 6),
(1577, '0419', 4),
(1577, '0422', 5),
(1577, '0431', 8),
(1577, '0432', 5),
(1577, '0489', 4),
(1577, '0490', 1),
(1577, '0494', 9),
(1577, '4232', 5),
(1577, '4745', 6),
(1579, '0113', 8),
(1579, '0401', 10),
(1579, '0405', 6),
(1579, '0406', 5),
(1579, '0410', 1),
(1579, '0411', 10),
(1579, '0413', 8),
(1579, '0415', 6),
(1579, '0418', 3),
(1579, '0422', 9),
(1579, '0489', 2),
(1579, '4480', 1),
(1579, '4481', 10),
(1581, '0101', 2),
(1581, '0106', 7),
(1581, '0114', 5),
(1581, '0118', 9),
(1581, '0128', 9),
(1581, '0131', 2),
(1581, '0194', 5),
(1582, '0106', 3),
(1582, '0114', 9),
(1582, '0115', 1),
(1582, '0118', 7),
(1582, '0122', 5),
(1582, '0128', 7),
(1582, '0132', 5),
(1582, '0194', 9),
(1582, '1232', 5),
(1585, '0101', 6),
(1585, '0106', 1),
(1585, '0114', 1),
(1585, '0115', 6),
(1585, '0122', 1),
(1585, '0128', 1),
(1585, '0131', 6),
(1585, '0194', 1),
(1585, '1021', 6),
(1585, '1234', 1),
(1585, '1236', 1),
(1585, '1241', 6),
(1586, '0201', 7),
(1586, '0206', 7),
(1586, '0212', 3),
(1586, '0214', 5),
(1586, '0215', 1),
(1586, '0218', 9),
(1586, '0222', 3),
(1586, '0233', 9),
(1586, '0235', 1),
(1586, '0294', 5),
(1586, '2008', 9),
(1586, '2243', 9),
(1588, '0201', 9),
(1588, '0206', 9),
(1588, '0212', 7),
(1588, '0214', 3),
(1588, '0215', 1),
(1588, '0222', 7),
(1588, '0234', 3),
(1588, '0236', 9),
(1588, '0238', 5),
(1588, '0294', 3),
(1588, '2233', 5),
(1588, '2249', 3),
(1591, '1102', 3),
(1591, '1315', 6),
(1591, '1348', 9),
(1591, '1997', 8),
(1594, '0106', 5),
(1594, '1102', 9),
(1594, '1362', 9),
(1594, '1363', 3),
(1594, '1364', 7),
(1594, '1365', 1),
(1594, '1367', 9),
(1594, '1591', 5),
(1595, '2377', 6),
(1597, '2102', 5),
(1597, '2107', 10),
(1597, '2197', 10),
(1597, '2377', 10),
(1597, '2587', 10),
(1597, '2589', 4),
(1598, '0506', 9),
(1598, '0518', 5),
(1598, '0520', 1),
(1598, '0522', 7),
(1598, '5010', 1),
(1598, '5023', 5),
(1598, '5024', 3),
(1598, '5025', 1),
(1598, '5080', 1),
(1598, '5287', 7),
(1599, '0518', 3),
(1599, '0520', 1),
(1599, '0522', 9),
(1599, '5010', 1),
(1599, '5023', 8),
(1599, '5024', 7),
(1599, '5025', 6),
(1599, '5080', 1),
(1599, '5287', 4),
(1602, '2603', 7),
(1602, '2605', 1),
(1605, '0124', 1),
(1605, '0128', 1),
(1605, '0131', 6),
(1605, '0194', 1),
(1605, '1234', 1),
(1607, '0206', 3),
(1607, '0233', 2),
(1607, '0294', 9),
(1607, '2008', 7),
(1607, '2243', 2),
(1609, '0506', 5),
(1609, '5009', 2),
(1609, '5010', 1),
(1609, '5013', 8),
(1609, '5022', 9),
(1609, '5080', 1),
(1609, '5097', 4),
(1609, '5286', 5),
(1610, '0104', 1),
(1610, '0106', 1),
(1610, '1102', 1),
(1610, '1188', 1),
(1610, '1591', 1),
(1612, '1102', 5),
(1612, '1479', 9),
(1612, '1601', 3),
(1612, '1602', 5),
(1613, '1440', 1),
(1613, '1479', 8),
(1613, '1601', 4),
(1613, '1602', 7),
(1614, '2603', 3),
(1614, '2604', 7),
(1614, '2605', 1),
(1616, '1102', 3),
(1616, '1608', 9),
(1616, '2610', 1),
(1618, '0201', 9),
(1618, '0206', 9),
(1618, '0210', 1),
(1618, '0211', 9),
(1618, '0213', 5),
(1618, '0214', 3),
(1618, '0215', 1),
(1618, '0218', 5),
(1618, '0221', 9),
(1618, '0222', 7),
(1618, '0290', 1),
(1618, '0294', 3),
(1618, '2355', 1),
(1618, '2761', 9),
(1619, '0301', 10),
(1619, '0306', 5),
(1619, '0310', 1),
(1619, '0311', 10),
(1619, '0313', 8),
(1619, '0314', 7),
(1619, '0315', 6),
(1619, '0318', 3),
(1619, '0321', 10),
(1619, '0322', 9),
(1619, '0390', 1),
(1619, '0394', 7),
(1628, '0113', 5),
(1628, '0401', 9),
(1628, '0404', 3),
(1628, '0406', 9),
(1628, '0410', 1),
(1628, '0411', 9),
(1628, '0413', 5),
(1628, '0414', 3),
(1628, '0418', 5),
(1628, '0422', 7),
(1628, '0464', 3),
(1628, '0489', 3),
(1628, '4480', 1),
(1628, '4481', 9),
(1629, '0401', 10),
(1629, '0405', 6),
(1629, '0406', 5),
(1629, '0413', 8),
(1629, '0415', 6),
(1629, '0418', 3),
(1629, '0422', 9),
(1629, '0431', 10),
(1629, '0489', 2),
(1629, '0495', 6),
(1629, '4232', 9),
(1632, '0106', 3),
(1632, '0114', 9),
(1632, '0115', 1),
(1632, '0122', 5),
(1632, '0124', 9),
(1632, '0126', 3),
(1632, '0128', 7),
(1632, '0194', 9),
(1632, '1234', 9),
(1633, '0101', 4),
(1633, '0106', 9),
(1633, '0114', 3),
(1633, '0122', 7),
(1633, '0128', 5),
(1633, '0131', 4),
(1633, '0194', 3),
(1633, '1021', 4),
(1633, '1234', 3),
(1633, '1236', 9),
(1634, '0101', 5),
(1634, '0106', 5),
(1634, '0114', 7),
(1634, '0115', 1),
(1634, '0122', 9),
(1634, '0128', 3),
(1634, '0131', 5),
(1634, '0194', 7),
(1634, '1021', 5),
(1634, '1234', 7),
(1634, '1236', 5),
(1634, '1241', 5),
(1637, '0201', 8),
(1637, '0206', 3),
(1637, '0212', 5),
(1637, '0214', 9),
(1637, '0215', 6),
(1637, '0222', 5),
(1637, '0234', 9),
(1637, '0236', 3),
(1637, '0238', 7),
(1637, '0294', 9),
(1637, '2233', 2),
(1637, '2249', 4),
(1638, '0201', 9),
(1638, '0206', 9),
(1638, '0212', 7),
(1638, '0215', 1),
(1638, '0222', 7),
(1638, '0275', 1),
(1638, '0294', 3),
(1638, '2189', 3),
(1638, '2236', 9),
(1638, '2237', 7),
(1638, '2243', 5),
(1638, '2262', 7),
(1640, '1102', 1),
(1640, '1315', 1),
(1640, '1348', 1),
(1640, '1997', 1),
(1642, '0104', 9),
(1642, '0106', 3),
(1642, '1102', 5),
(1642, '1362', 5),
(1642, '1363', 7),
(1642, '1364', 9),
(1642, '1365', 1),
(1642, '1367', 5),
(1642, '1591', 3),
(1644, '2377', 9),
(1646, '2102', 3),
(1646, '2107', 3),
(1646, '2197', 3),
(1646, '2377', 3),
(1646, '2587', 3),
(1646, '2589', 5),
(1649, '1102', 9),
(1649, '1440', 1),
(1649, '1601', 10),
(1649, '1602', 9),
(1649, '1604', 7),
(1650, '1102', 1),
(1650, '1440', 1),
(1650, '1479', 1),
(1650, '1601', 1),
(1650, '1602', 1),
(1650, '1604', 1),
(1651, '2603', 4),
(1651, '2605', 6),
(1651, '2606', 7),
(1652, '1102', 5),
(1652, '1607', 5),
(1652, '1608', 7),
(1652, '1609', 9),
(1652, '1610', 1),
(1652, '1611', 3),
(1652, '1612', 5),
(1653, '2377', 2),
(1654, '0128', 3),
(1654, '0131', 5),
(1656, '0201', 7),
(1656, '0206', 7),
(1656, '0233', 9),
(1656, '0294', 5),
(1656, '2008', 9),
(1656, '2243', 9),
(1658, '0506', 9),
(1658, '5009', 3),
(1658, '5013', 5),
(1658, '5022', 7),
(1658, '5097', 7),
(1658, '5286', 9),
(1660, '0106', 1),
(1660, '1102', 1),
(1660, '1188', 1),
(1660, '1591', 1),
(1664, '1607', 9),
(1664, '1609', 7),
(1664, '1611', 5),
(1664, '1612', 9),
(1666, '0101', 7),
(1666, '0106', 7),
(1666, '0110', 1),
(1666, '0111', 7),
(1666, '0113', 9),
(1666, '0114', 5),
(1666, '0115', 1),
(1666, '0118', 9),
(1666, '0121', 7),
(1666, '0122', 3),
(1666, '0190', 1),
(1666, '0194', 5),
(1666, '1355', 1),
(1666, '1761', 7),
(1670, '0301', 1),
(1670, '0304', 1),
(1670, '0306', 1),
(1670, '0310', 1),
(1670, '0311', 1),
(1670, '0313', 1),
(1670, '0314', 1),
(1670, '0315', 1),
(1670, '0318', 1),
(1670, '0321', 1),
(1670, '0322', 1),
(1670, '0331', 1),
(1670, '0390', 1),
(1674, '0401', 5),
(1674, '0405', 1),
(1674, '0406', 5),
(1674, '0413', 3),
(1674, '0414', 7),
(1674, '0415', 1),
(1674, '0422', 9),
(1674, '0431', 5),
(1674, '0432', 9),
(1674, '4232', 9),
(1674, '4745', 1),
(1677, '0113', 2),
(1677, '0401', 8),
(1677, '0404', 9),
(1677, '0405', 6),
(1677, '0410', 1),
(1677, '0411', 8),
(1677, '0413', 2),
(1677, '0414', 9),
(1677, '0415', 6),
(1677, '0418', 7),
(1677, '0422', 5),
(1677, '0464', 9),
(1677, '0489', 4),
(1677, '4480', 1),
(1677, '4481', 8),
(1683, '0101', 4),
(1683, '0106', 9),
(1683, '0114', 3),
(1683, '0115', 6),
(1683, '0122', 7),
(1683, '0128', 5),
(1683, '0131', 4),
(1683, '0194', 3),
(1683, '1021', 4),
(1683, '1234', 3),
(1683, '1236', 9),
(1683, '1241', 4),
(1688, '0201', 9),
(1688, '0204', 3),
(1688, '0206', 9),
(1688, '0212', 7),
(1688, '0214', 3),
(1688, '0215', 1),
(1688, '0222', 7),
(1688, '0275', 1),
(1688, '0292', 7),
(1688, '0294', 3),
(1688, '2189', 3),
(1688, '2236', 9),
(1688, '2237', 7),
(1688, '2243', 5),
(1688, '2262', 7),
(1689, '1102', 9),
(1689, '1315', 6),
(1689, '1348', 3),
(1689, '1997', 4),
(1690, '1102', 1),
(1690, '1315', 1),
(1690, '1348', 1),
(1690, '1997', 1),
(1692, '0106', 3),
(1692, '1102', 5),
(1692, '1362', 5),
(1692, '1363', 7),
(1692, '1364', 9),
(1692, '1365', 1),
(1692, '1367', 5),
(1692, '1591', 3),
(1694, '0104', 7),
(1694, '0106', 5),
(1694, '1188', 3),
(1694, '1367', 9),
(1694, '1588', 3),
(1694, '1591', 5),
(1694, '1993', 3),
(1696, '0506', 7),
(1696, '0518', 9),
(1696, '0520', 1),
(1696, '0522', 3),
(1696, '5010', 1),
(1696, '5023', 9),
(1696, '5024', 5),
(1696, '5025', 1),
(1696, '5080', 1),
(1696, '5287', 3),
(1699, '1102', 9),
(1699, '1440', 1),
(1699, '1601', 10),
(1699, '1602', 9),
(1699, '1604', 7),
(1700, '2603', 1),
(1700, '2605', 1),
(1700, '2606', 1),
(1701, '1102', 3),
(1701, '1608', 9),
(1701, '1609', 10),
(1701, '1610', 1),
(1701, '1611', 2),
(1701, '1612', 3),
(1702, '2377', 5),
(1707, '0506', 3),
(1707, '5009', 4),
(1707, '5010', 1),
(1707, '5013', 2),
(1707, '5022', 5),
(1707, '5080', 1),
(1707, '5097', 10),
(1707, '5286', 3),
(1708, '0104', 3),
(1708, '0106', 9),
(1708, '1102', 7),
(1708, '1188', 5),
(1708, '1591', 9),
(1711, '1440', 1),
(1711, '1479', 10),
(1711, '1601', 2),
(1711, '1602', 3),
(1714, '1102', 9),
(1714, '1608', 3),
(1714, '2610', 1),
(1718, '0301', 9),
(1718, '0306', 9),
(1718, '0310', 1),
(1718, '0311', 9),
(1718, '0313', 5),
(1718, '0314', 3),
(1718, '0315', 1),
(1718, '0318', 5),
(1718, '0321', 9),
(1718, '0322', 7),
(1718, '0331', 9),
(1718, '0390', 1),
(1719, '0301', 10),
(1719, '0304', 7),
(1719, '0306', 5),
(1719, '0310', 1),
(1719, '0311', 10),
(1719, '0313', 8),
(1719, '0314', 7),
(1719, '0315', 6),
(1719, '0318', 3),
(1719, '0321', 10),
(1719, '0322', 9),
(1719, '0331', 10),
(1719, '0390', 1),
(1721, '0301', 2),
(1721, '0306', 7),
(1721, '0310', 1),
(1721, '0311', 2),
(1721, '0313', 4),
(1721, '0314', 5),
(1721, '0318', 9),
(1721, '0321', 2),
(1721, '0322', 3),
(1721, '0390', 1),
(1721, '3761', 2),
(1723, '0401', 4),
(1723, '0405', 6),
(1723, '0406', 9),
(1723, '0413', 10),
(1723, '0414', 3),
(1723, '0415', 6),
(1723, '0419', 8),
(1723, '0422', 7),
(1723, '0431', 4),
(1723, '0432', 7),
(1723, '0489', 8),
(1723, '4232', 7),
(1723, '4745', 6),
(1725, '0401', 6),
(1725, '0405', 6),
(1725, '0406', 1),
(1725, '0410', 1),
(1725, '0411', 6),
(1725, '0413', 6),
(1725, '0414', 1),
(1725, '0415', 6),
(1725, '0422', 1),
(1725, '0431', 6),
(1725, '0489', 6),
(1725, '0494', 1),
(1725, '0495', 6),
(1726, '0113', 9),
(1726, '0401', 7),
(1726, '0404', 5),
(1726, '0405', 1),
(1726, '0406', 7),
(1726, '0410', 1),
(1726, '0411', 7),
(1726, '0413', 9),
(1726, '0414', 5),
(1726, '0415', 1),
(1726, '0418', 9),
(1726, '0422', 3),
(1726, '0464', 5),
(1726, '0489', 5),
(1726, '4480', 1),
(1726, '4481', 7),
(1729, '0101', 10),
(1729, '0106', 5),
(1729, '0115', 6),
(1729, '0118', 3),
(1729, '0122', 9),
(1729, '0128', 3),
(1729, '0131', 10),
(1729, '0132', 9),
(1729, '0191', 10),
(1729, '1232', 9),
(1730, '0101', 1),
(1730, '0106', 1),
(1730, '0114', 1),
(1730, '0115', 1),
(1730, '0122', 1),
(1730, '0124', 1),
(1730, '0126', 1),
(1730, '0128', 1),
(1730, '0131', 1),
(1730, '0194', 1),
(1730, '1234', 1),
(1730, '1241', 1),
(1731, '0101', 2),
(1731, '0106', 7),
(1731, '0114', 5),
(1731, '0128', 9),
(1731, '0131', 2),
(1731, '0194', 5),
(1731, '1021', 2),
(1731, '1234', 5),
(1731, '1236', 7),
(1734, '0201', 5),
(1734, '0206', 5),
(1734, '0212', 9),
(1734, '0214', 7),
(1734, '0215', 1),
(1734, '0222', 9),
(1734, '0234', 7),
(1734, '0236', 5),
(1734, '0294', 7),
(1734, '2008', 3),
(1734, '2233', 3),
(1734, '2243', 3),
(1735, '0201', 6),
(1735, '0206', 1),
(1735, '0212', 1),
(1735, '0214', 1),
(1735, '0215', 6),
(1735, '0222', 1),
(1735, '0234', 1),
(1735, '0236', 1),
(1735, '0238', 1),
(1735, '0294', 1),
(1735, '2233', 6),
(1735, '2249', 6),
(1737, '0201', 8),
(1737, '0204', 9),
(1737, '0206', 3),
(1737, '0212', 5),
(1737, '0214', 9),
(1737, '0215', 6),
(1737, '0222', 5),
(1737, '0275', 6),
(1737, '0292', 5),
(1737, '0294', 9),
(1737, '2189', 4),
(1737, '2236', 3),
(1737, '2237', 10),
(1737, '2243', 2),
(1737, '2262', 5),
(1741, '0106', 7),
(1741, '1102', 3),
(1741, '1362', 3),
(1741, '1363', 4),
(1741, '1364', 5),
(1741, '1365', 6),
(1741, '1367', 8),
(1741, '1591', 2),
(1742, '2377', 5),
(1745, '0506', 1),
(1745, '0518', 1),
(1745, '0520', 1),
(1745, '0522', 1),
(1745, '5010', 1),
(1745, '5023', 6),
(1745, '5024', 1),
(1745, '5025', 6),
(1745, '5080', 1),
(1745, '5287', 6),
(1746, '0518', 9),
(1746, '0520', 1),
(1746, '0522', 3),
(1746, '5010', 1),
(1746, '5023', 9),
(1746, '5024', 5),
(1746, '5025', 1),
(1746, '5080', 1),
(1746, '5287', 3),
(1747, '1102', 5),
(1747, '1440', 1),
(1747, '1479', 4),
(1747, '1601', 8),
(1747, '1602', 5),
(1747, '1604', 9),
(1748, '1102', 7),
(1748, '1440', 1),
(1748, '1479', 3),
(1748, '1601', 9),
(1748, '1602', 7),
(1748, '1604', 3),
(1749, '2603', 8),
(1749, '2605', 6),
(1749, '2606', 5),
(1750, '1102', 1),
(1750, '1607', 1),
(1750, '1609', 1),
(1750, '1610', 1),
(1750, '1611', 1),
(1750, '1612', 1),
(1752, '0124', 9),
(1752, '0128', 7),
(1752, '0131', 3),
(1752, '0194', 9),
(1752, '1234', 9),
(1753, '0118', 5),
(1753, '0128', 5),
(1753, '0131', 4),
(1753, '0194', 3),
(1753, '1232', 7),
(1755, '0101', 6),
(1755, '0104', 1),
(1755, '0106', 1),
(1755, '0118', 1),
(1755, '0121', 6),
(1755, '3771', 6),
(1756, '0506', 7),
(1756, '5009', 5),
(1756, '5010', 1),
(1756, '5013', 9),
(1756, '5080', 1),
(1756, '5097', 3),
(1756, '5286', 7),
(1759, '1102', 9),
(1759, '1479', 2),
(1759, '1601', 10),
(1759, '1602', 9),
(1760, '1440', 1),
(1760, '1479', 1),
(1760, '1601', 1),
(1760, '1602', 1),
(1761, '2603', 4),
(1761, '2604', 5),
(1761, '2605', 6),
(1764, '0101', 5),
(1764, '0106', 5),
(1764, '0110', 1),
(1764, '0111', 5),
(1764, '0113', 3),
(1764, '0114', 7),
(1764, '0115', 1),
(1764, '0118', 3),
(1764, '0121', 5),
(1764, '0122', 9),
(1764, '0190', 1),
(1764, '0194', 7),
(1764, '1355', 1),
(1764, '1761', 5),
(1765, '0201', 6),
(1765, '0206', 1),
(1765, '0210', 1),
(1765, '0211', 6),
(1765, '0213', 6),
(1765, '0214', 1),
(1765, '0215', 6),
(1765, '0218', 1),
(1765, '0221', 6),
(1765, '0222', 1),
(1765, '0290', 1),
(1765, '0294', 1),
(1765, '2355', 6),
(1765, '2761', 6),
(1767, '0301', 8),
(1767, '0306', 3),
(1767, '0310', 1),
(1767, '0311', 8),
(1767, '0313', 2),
(1767, '0314', 9),
(1767, '0315', 6),
(1767, '0318', 7),
(1767, '0321', 8),
(1767, '0322', 5),
(1767, '0331', 8),
(1767, '0390', 1),
(1768, '0301', 9),
(1768, '0304', 3),
(1768, '0306', 9),
(1768, '0310', 1),
(1768, '0311', 9),
(1768, '0313', 5),
(1768, '0314', 3),
(1768, '0315', 1),
(1768, '0318', 5),
(1768, '0321', 9),
(1768, '0322', 7),
(1768, '0331', 9),
(1768, '0390', 1),
(1769, '0301', 10),
(1769, '0306', 5),
(1769, '0310', 1),
(1769, '0311', 10),
(1769, '0313', 8),
(1769, '0315', 6),
(1769, '0318', 3),
(1769, '0321', 10),
(1769, '0322', 9),
(1769, '0390', 1),
(1769, '3355', 6),
(1769, '3761', 10),
(1770, '0301', 1),
(1770, '0306', 1),
(1770, '0310', 1),
(1770, '0311', 1),
(1770, '0313', 1),
(1770, '0314', 1),
(1770, '0318', 1),
(1770, '0321', 1),
(1770, '0322', 1),
(1770, '0390', 1),
(1770, '3761', 1),
(1771, '0301', 2),
(1771, '0304', 5),
(1771, '0306', 7),
(1771, '0310', 1),
(1771, '0311', 2),
(1771, '0313', 4),
(1771, '0314', 5),
(1771, '0315', 6),
(1771, '0318', 9),
(1771, '0321', 2),
(1771, '0322', 3),
(1771, '0390', 1),
(1771, '0394', 5),
(1771, '3355', 6),
(1771, '3761', 2),
(1772, '0401', 3),
(1772, '0405', 1),
(1772, '0406', 3),
(1772, '0413', 7),
(1772, '0414', 9),
(1772, '0415', 1),
(1772, '0419', 9),
(1772, '0422', 5),
(1772, '0431', 3),
(1772, '0432', 5),
(1772, '0489', 9),
(1772, '4232', 5),
(1772, '4745', 1),
(1773, '0401', 4),
(1773, '0404', 3),
(1773, '0405', 6),
(1773, '0406', 9),
(1773, '0413', 10),
(1773, '0414', 3),
(1773, '0415', 6),
(1773, '0419', 8),
(1773, '0422', 7),
(1773, '0431', 4),
(1773, '0432', 7),
(1773, '0489', 8),
(1773, '0490', 1),
(1773, '0494', 3),
(1773, '4232', 7),
(1773, '4745', 6),
(1779, '0101', 10),
(1779, '0106', 5),
(1779, '0115', 6),
(1779, '0122', 9),
(1779, '0126', 5),
(1779, '0128', 3),
(1779, '0131', 10),
(1779, '1241', 10),
(1780, '0101', 1),
(1780, '0106', 1),
(1780, '0114', 1),
(1780, '0122', 1),
(1780, '0128', 1),
(1780, '0131', 1),
(1780, '0194', 1),
(1780, '1021', 1),
(1780, '1234', 1),
(1780, '1236', 1),
(1782, '0206', 3),
(1782, '0212', 5),
(1782, '0214', 9),
(1782, '0215', 1),
(1782, '0218', 7),
(1782, '0222', 5),
(1782, '0233', 7),
(1782, '0235', 1),
(1782, '0294', 9),
(1782, '2008', 7),
(1782, '2243', 7),
(1783, '0201', 4),
(1783, '0206', 9),
(1783, '0212', 7),
(1783, '0214', 3),
(1783, '0215', 6),
(1783, '0222', 7),
(1783, '0234', 3),
(1783, '0236', 9),
(1783, '0294', 3),
(1783, '2008', 5),
(1783, '2233', 10),
(1783, '2243', 10),
(1784, '0201', 5),
(1784, '0206', 5),
(1784, '0212', 9),
(1784, '0214', 7),
(1784, '0215', 1),
(1784, '0222', 9),
(1784, '0234', 7),
(1784, '0236', 5),
(1784, '0238', 3),
(1784, '0294', 7),
(1784, '2233', 3),
(1784, '2249', 7),
(1787, '1102', 5),
(1787, '1315', 6),
(1787, '1348', 7),
(1787, '1997', 10),
(1791, '2377', 8),
(1792, '0104', 9),
(1792, '0106', 3),
(1792, '1188', 7),
(1792, '1367', 5),
(1792, '1588', 7),
(1792, '1591', 3),
(1792, '1993', 7),
(1795, '0518', 1),
(1795, '0520', 1),
(1795, '0522', 1),
(1795, '5010', 1),
(1795, '5023', 6),
(1795, '5024', 1),
(1795, '5025', 6),
(1795, '5080', 1),
(1795, '5287', 6),
(1796, '1102', 3),
(1796, '1440', 1),
(1796, '1479', 5),
(1796, '1601', 7),
(1796, '1602', 3),
(1796, '1604', 5),
(1797, '1102', 5),
(1797, '1440', 1),
(1797, '1479', 4),
(1797, '1601', 8),
(1797, '1602', 5),
(1797, '1604', 9),
(1798, '2603', 5),
(1798, '2605', 1),
(1798, '2606', 9),
(1800, '2377', 1),
(1802, '0118', 7),
(1802, '0128', 7),
(1802, '0131', 3),
(1802, '0194', 9),
(1802, '1232', 5),
(1803, '0201', 4),
(1803, '0206', 9),
(1803, '0233', 10),
(1803, '0294', 3),
(1803, '2008', 5),
(1803, '2243', 10),
(1806, '0104', 5),
(1806, '0106', 7),
(1806, '1188', 9),
(1806, '1591', 7),
(1810, '2603', 1),
(1810, '2604', 1),
(1810, '2605', 1),
(1811, '1607', 8),
(1811, '1609', 10),
(1811, '1611', 2),
(1811, '1612', 3),
(1812, '1102', 5),
(1812, '1608', 7),
(1812, '2610', 1),
(1813, '0101', 4),
(1813, '0106', 9),
(1813, '0110', 1),
(1813, '0111', 4),
(1813, '0113', 10),
(1813, '0114', 3),
(1813, '0115', 6),
(1813, '0118', 5),
(1813, '0121', 4),
(1813, '0122', 7),
(1813, '0190', 1),
(1813, '0194', 3),
(1813, '1355', 6),
(1813, '1761', 4),
(1815, '0301', 6),
(1815, '0306', 1),
(1815, '0310', 1),
(1815, '0311', 6),
(1815, '0313', 6),
(1815, '0314', 1),
(1815, '0315', 6),
(1815, '0318', 1),
(1815, '0321', 6),
(1815, '0322', 1),
(1815, '0390', 1),
(1815, '0394', 1),
(1816, '0301', 7),
(1816, '0306', 7),
(1816, '0310', 1),
(1816, '0311', 7),
(1816, '0313', 9),
(1816, '0314', 5),
(1816, '0315', 1),
(1816, '0318', 9),
(1816, '0321', 7),
(1816, '0322', 3),
(1816, '0331', 7),
(1816, '0390', 1),
(1818, '0301', 9),
(1818, '0306', 9),
(1818, '0310', 1),
(1818, '0311', 9),
(1818, '0313', 5),
(1818, '0315', 1),
(1818, '0318', 5),
(1818, '0321', 9),
(1818, '0322', 7),
(1818, '0390', 1),
(1818, '3355', 1),
(1818, '3761', 9),
(1821, '0401', 2),
(1821, '0405', 6),
(1821, '0406', 7),
(1821, '0413', 4),
(1821, '0414', 5),
(1821, '0415', 6),
(1821, '0419', 10),
(1821, '0422', 3),
(1821, '0431', 2),
(1821, '0432', 3),
(1821, '0489', 10),
(1821, '4232', 3),
(1821, '4745', 6),
(1822, '0401', 3),
(1822, '0404', 9),
(1822, '0405', 1),
(1822, '0406', 3),
(1822, '0413', 7),
(1822, '0414', 9),
(1822, '0415', 1),
(1822, '0419', 9),
(1822, '0422', 5),
(1822, '0431', 3),
(1822, '0432', 5),
(1822, '0489', 9),
(1822, '0490', 1),
(1822, '0494', 9),
(1822, '4232', 5),
(1822, '4745', 1),
(1824, '0113', 3),
(1824, '0401', 5),
(1824, '0404', 7),
(1824, '0405', 1),
(1824, '0406', 5),
(1824, '0410', 1),
(1824, '0411', 5),
(1824, '0413', 3),
(1824, '0414', 7),
(1824, '0415', 1),
(1824, '0418', 3),
(1824, '0422', 9),
(1824, '0464', 7),
(1824, '4480', 1),
(1824, '4481', 5),
(1825, '0401', 6),
(1825, '0405', 6),
(1825, '0406', 1),
(1825, '0413', 6),
(1825, '0414', 1),
(1825, '0415', 6),
(1825, '0422', 1),
(1825, '0431', 6),
(1825, '0489', 6),
(1825, '0494', 1),
(1825, '0495', 6),
(1825, '4232', 1),
(1829, '0101', 10),
(1829, '0106', 5),
(1829, '0122', 9),
(1829, '0128', 3),
(1829, '0131', 10),
(1829, '1021', 10),
(1829, '1236', 5),
(1839, '0106', 5),
(1839, '1102', 9),
(1839, '1362', 9),
(1839, '1363', 8),
(1839, '1364', 7),
(1839, '1365', 6),
(1839, '1367', 4),
(1839, '1591', 10),
(1842, '2102', 5),
(1842, '2107', 5),
(1842, '2197', 5),
(1842, '2377', 5),
(1842, '2587', 5),
(1842, '2589', 9),
(1843, '0506', 9),
(1843, '0518', 5),
(1843, '0520', 1),
(1843, '0522', 7),
(1843, '5010', 1),
(1843, '5023', 10),
(1843, '5024', 3),
(1843, '5025', 6),
(1843, '5080', 1),
(1843, '5287', 2),
(1844, '0518', 3),
(1844, '0520', 1),
(1844, '0522', 9),
(1844, '5010', 1),
(1844, '5023', 3),
(1844, '5024', 7),
(1844, '5025', 1),
(1844, '5080', 1),
(1844, '5287', 9),
(1845, '1102', 1),
(1845, '1440', 1),
(1845, '1479', 6),
(1845, '1601', 6),
(1845, '1602', 1),
(1845, '1604', 1),
(1846, '1102', 3),
(1846, '1440', 1),
(1846, '1479', 5),
(1846, '1601', 7),
(1846, '1602', 3),
(1846, '1604', 5),
(1848, '1102', 7),
(1848, '1607', 7),
(1848, '1608', 5),
(1848, '1609', 3),
(1848, '1610', 1),
(1848, '1611', 9),
(1848, '1612', 7),
(1853, '0101', 4),
(1853, '0104', 3),
(1853, '0106', 9),
(1853, '0113', 10),
(1853, '0118', 5),
(1853, '0121', 4),
(1853, '3771', 4),
(1854, '0506', 5),
(1854, '5009', 7),
(1854, '5010', 1),
(1854, '5013', 3),
(1854, '5022', 9),
(1854, '5080', 1),
(1854, '5097', 9),
(1854, '5286', 5),
(1856, '0106', 7),
(1856, '1188', 9),
(1856, '1591', 7),
(1859, '2603', 8),
(1859, '2604', 7),
(1859, '2605', 6),
(1861, '1102', 3),
(1861, '1608', 9),
(1861, '2610', 1),
(1863, '0201', 4),
(1863, '0206', 9),
(1863, '0210', 1),
(1863, '0211', 4),
(1863, '0213', 10),
(1863, '0214', 3),
(1863, '0215', 6),
(1863, '0218', 5),
(1863, '0221', 4),
(1863, '0222', 7),
(1863, '0290', 1),
(1863, '0294', 3),
(1863, '2355', 6),
(1863, '2761', 4),
(1868, '0301', 9),
(1868, '0306', 9),
(1868, '0310', 1),
(1868, '0311', 9),
(1868, '0313', 5),
(1868, '0314', 3),
(1868, '0318', 5),
(1868, '0321', 9),
(1868, '0322', 7),
(1868, '0390', 1),
(1868, '3761', 9),
(1869, '0301', 10),
(1869, '0304', 7),
(1869, '0306', 5),
(1869, '0310', 1),
(1869, '0311', 10),
(1869, '0313', 8),
(1869, '0314', 7),
(1869, '0315', 6),
(1869, '0318', 3),
(1869, '0321', 10),
(1869, '0322', 9),
(1869, '0390', 1),
(1869, '0394', 7),
(1869, '3355', 6),
(1869, '3761', 10),
(1870, '0401', 1),
(1870, '0405', 1),
(1870, '0406', 1),
(1870, '0413', 1),
(1870, '0414', 1),
(1870, '0415', 1),
(1870, '0419', 1),
(1870, '0422', 1),
(1870, '0431', 1),
(1870, '0432', 1),
(1870, '0489', 1),
(1870, '4232', 1),
(1870, '4745', 1),
(1871, '0401', 2),
(1871, '0404', 5),
(1871, '0405', 6),
(1871, '0406', 7),
(1871, '0413', 4),
(1871, '0414', 5),
(1871, '0415', 6),
(1871, '0419', 10),
(1871, '0422', 3),
(1871, '0431', 2),
(1871, '0432', 3),
(1871, '0489', 10),
(1871, '0490', 1),
(1871, '0494', 5),
(1871, '4232', 3),
(1871, '4745', 6),
(1876, '0101', 7),
(1876, '0106', 7),
(1876, '0114', 5),
(1876, '0115', 1),
(1876, '0118', 9),
(1876, '0122', 3),
(1876, '0128', 9),
(1876, '0131', 7),
(1876, '0132', 3),
(1876, '0191', 7),
(1876, '0194', 5),
(1876, '1232', 3),
(1877, '0101', 8),
(1877, '0114', 9),
(1877, '0115', 6),
(1877, '0122', 5),
(1877, '0124', 9),
(1877, '0128', 7),
(1877, '0131', 8),
(1877, '0194', 9),
(1877, '1234', 9),
(1877, '1241', 8),
(1879, '0101', 10),
(1879, '0106', 5),
(1879, '0115', 6),
(1879, '0122', 9),
(1879, '0128', 3),
(1879, '0131', 10),
(1879, '1021', 10),
(1879, '1236', 5),
(1879, '1241', 10),
(1881, '0201', 2),
(1881, '0206', 7),
(1881, '0214', 5),
(1881, '0215', 6),
(1881, '0234', 5),
(1881, '0236', 7),
(1881, '0294', 5),
(1881, '2008', 9),
(1881, '2233', 4),
(1881, '2243', 4),
(1883, '0201', 4),
(1883, '0206', 9),
(1883, '0212', 7),
(1883, '0215', 6),
(1883, '0222', 7),
(1883, '0275', 6),
(1883, '0294', 3),
(1883, '2189', 8),
(1883, '2236', 9),
(1883, '2237', 2),
(1883, '2243', 10),
(1883, '2262', 7),
(1884, '0201', 5),
(1884, '0204', 7),
(1884, '0206', 5),
(1884, '0212', 9),
(1884, '0214', 7),
(1884, '0215', 1),
(1884, '0222', 9),
(1884, '0275', 1),
(1884, '0292', 9),
(1884, '0294', 7),
(1884, '2189', 7),
(1884, '2236', 5),
(1884, '2237', 9),
(1884, '2243', 3),
(1884, '2262', 9),
(1888, '0106', 9),
(1888, '1102', 7),
(1888, '1362', 7),
(1888, '1363', 5),
(1888, '1364', 3),
(1888, '1365', 1),
(1888, '1367', 7),
(1888, '1591', 9),
(1889, '2377', 4),
(1891, '2102', 3),
(1891, '2107', 8),
(1891, '2197', 8),
(1891, '2377', 8),
(1891, '2587', 8),
(1891, '2589', 10),
(1892, '0506', 3),
(1892, '0518', 7),
(1892, '0520', 1),
(1892, '0522', 5),
(1892, '5010', 1),
(1892, '5023', 7),
(1892, '5024', 9),
(1892, '5025', 1),
(1892, '5080', 1),
(1892, '5287', 5),
(1893, '0518', 5),
(1893, '0520', 1),
(1893, '0522', 7),
(1893, '5010', 1),
(1893, '5023', 10),
(1893, '5024', 3),
(1893, '5025', 6),
(1893, '5080', 1),
(1893, '5287', 2),
(1895, '1102', 1),
(1895, '1440', 1),
(1895, '1479', 6),
(1895, '1601', 6),
(1895, '1602', 1),
(1895, '1604', 1),
(1896, '2603', 9),
(1896, '2605', 1),
(1896, '2606', 7),
(1899, '0124', 7),
(1899, '0128', 3),
(1899, '0131', 10),
(1899, '0194', 7),
(1899, '1234', 7),
(1902, '0101', 3),
(1902, '0104', 9),
(1902, '0113', 7),
(1902, '0118', 7),
(1902, '0121', 3),
(1902, '3771', 3),
(1903, '0506', 9),
(1903, '5009', 8),
(1903, '5010', 1),
(1903, '5013', 10),
(1903, '5022', 7),
(1903, '5080', 1),
(1903, '5097', 2),
(1903, '5286', 9),
(1907, '1440', 1),
(1907, '1479', 4),
(1907, '1602', 5),
(1915, '0301', 6),
(1915, '0304', 1),
(1915, '0306', 1),
(1915, '0310', 1),
(1915, '0311', 6),
(1915, '0313', 6),
(1915, '0314', 1),
(1915, '0315', 6),
(1915, '0318', 1),
(1915, '0321', 6),
(1915, '0322', 1),
(1915, '0331', 6),
(1915, '0390', 1),
(1916, '0301', 7),
(1916, '0306', 7),
(1916, '0310', 1),
(1916, '0311', 7),
(1916, '0313', 9),
(1916, '0315', 1),
(1916, '0318', 9),
(1916, '0321', 7),
(1916, '0322', 3),
(1916, '0390', 1),
(1916, '3355', 1),
(1916, '3761', 7),
(1917, '0301', 8),
(1917, '0306', 3),
(1917, '0310', 1),
(1917, '0311', 8),
(1917, '0313', 2),
(1917, '0314', 9),
(1917, '0318', 7),
(1917, '0321', 8),
(1917, '0322', 5),
(1917, '0390', 1),
(1917, '3761', 8),
(1918, '0301', 9),
(1918, '0304', 3),
(1918, '0306', 9),
(1918, '0310', 1),
(1918, '0311', 9),
(1918, '0313', 5),
(1918, '0314', 3),
(1918, '0315', 1),
(1918, '0318', 5),
(1918, '0321', 9),
(1918, '0322', 7),
(1918, '0390', 1),
(1918, '0394', 3),
(1918, '3355', 1),
(1918, '3761', 9),
(1919, '0401', 10),
(1919, '0405', 6),
(1919, '0406', 5),
(1919, '0413', 8),
(1919, '0414', 7),
(1919, '0415', 6),
(1919, '0419', 2),
(1919, '0422', 9),
(1919, '0431', 10),
(1919, '0432', 9),
(1919, '0489', 2),
(1919, '4232', 9),
(1919, '4745', 6),
(1920, '0401', 1),
(1920, '0404', 1),
(1920, '0405', 1),
(1920, '0406', 1),
(1920, '0413', 1),
(1920, '0414', 1),
(1920, '0415', 1),
(1920, '0419', 1),
(1920, '0422', 1),
(1920, '0431', 1),
(1920, '0432', 1),
(1920, '0489', 1),
(1920, '0490', 1),
(1920, '0494', 1),
(1920, '4232', 1),
(1920, '4745', 1),
(1922, '0113', 7),
(1922, '0401', 3),
(1922, '0404', 9),
(1922, '0405', 1),
(1922, '0406', 3),
(1922, '0410', 1),
(1922, '0411', 3),
(1922, '0413', 7),
(1922, '0414', 9),
(1922, '0415', 1),
(1922, '0418', 7),
(1922, '0422', 5),
(1922, '0464', 9),
(1922, '0489', 9),
(1922, '4480', 1),
(1922, '4481', 3),
(1923, '0401', 4),
(1923, '0405', 6),
(1923, '0406', 9),
(1923, '0413', 10),
(1923, '0414', 3),
(1923, '0415', 6),
(1923, '0418', 5),
(1923, '0422', 7),
(1923, '0431', 4),
(1923, '0489', 8),
(1923, '0494', 3),
(1923, '0495', 6),
(1923, '4232', 7),
(1924, '0101', 5),
(1924, '0106', 5),
(1924, '0114', 7),
(1924, '0118', 3),
(1924, '0122', 9),
(1924, '0128', 3),
(1924, '0131', 5),
(1924, '0132', 9),
(1924, '0194', 7),
(1924, '1232', 9),
(1927, '0101', 8),
(1927, '0114', 9),
(1927, '0122', 5),
(1927, '0128', 7),
(1927, '0131', 8),
(1927, '0194', 9),
(1927, '1021', 8),
(1927, '1234', 9),
(1929, '0201', 10),
(1929, '0206', 5),
(1929, '0212', 9),
(1929, '0215', 6),
(1929, '0218', 3),
(1929, '0222', 9),
(1929, '0233', 8),
(1929, '0235', 6),
(1929, '2008', 3),
(1929, '2243', 8),
(1930, '0201', 1),
(1930, '0206', 1),
(1930, '0212', 1),
(1930, '0214', 1),
(1930, '0215', 1),
(1930, '0222', 1),
(1930, '0234', 1),
(1930, '0236', 1),
(1930, '0294', 1),
(1930, '2008', 1),
(1931, '0201', 2),
(1931, '0206', 7),
(1931, '0214', 5),
(1931, '0215', 6),
(1931, '0234', 5),
(1931, '0236', 7),
(1931, '0238', 9),
(1931, '0294', 5),
(1931, '2233', 4),
(1931, '2249', 10),
(1932, '0206', 3),
(1932, '0212', 5),
(1932, '0215', 1),
(1932, '0222', 5),
(1932, '0275', 1),
(1932, '0294', 9),
(1932, '2189', 9),
(1932, '2236', 3),
(1932, '2237', 5),
(1932, '2243', 7),
(1932, '2262', 5),
(1933, '0201', 4),
(1933, '0204', 3),
(1933, '0206', 9),
(1933, '0212', 7),
(1933, '0214', 3),
(1933, '0215', 6),
(1933, '0222', 7),
(1933, '0275', 6),
(1933, '0292', 7),
(1933, '0294', 3),
(1933, '2189', 8),
(1933, '2236', 9),
(1933, '2237', 2),
(1933, '2243', 10),
(1933, '2262', 7),
(1935, '1102', 1),
(1935, '1315', 6),
(1935, '1348', 1),
(1935, '1997', 6),
(1938, '2377', 7),
(1940, '2102', 1),
(1940, '2107', 1),
(1940, '2197', 1),
(1940, '2377', 1),
(1940, '2587', 1),
(1940, '2589', 1),
(1942, '0518', 7),
(1942, '0520', 1),
(1942, '0522', 5),
(1942, '5010', 1),
(1942, '5023', 7),
(1942, '5024', 9),
(1942, '5025', 1),
(1942, '5080', 1),
(1942, '5287', 5),
(1944, '1102', 9),
(1944, '1440', 1),
(1944, '1479', 7),
(1944, '1601', 5),
(1944, '1602', 9),
(1944, '1604', 7),
(1945, '2603', 6),
(1945, '2605', 6),
(1945, '2606', 1),
(1949, '0118', 3),
(1949, '0128', 3),
(1949, '0131', 10),
(1949, '0194', 7),
(1949, '1232', 9),
(1952, '5009', 9),
(1952, '5010', 1),
(1952, '5013', 7),
(1952, '5022', 5),
(1952, '5080', 1),
(1952, '5097', 5),
(1956, '1440', 1),
(1956, '1479', 5),
(1956, '1601', 7),
(1960, '0101', 1),
(1960, '0106', 1),
(1960, '0110', 1),
(1960, '0111', 1),
(1960, '0113', 1),
(1960, '0114', 1),
(1960, '0115', 1),
(1960, '0118', 1),
(1960, '0121', 1),
(1960, '0122', 1),
(1960, '0190', 1),
(1960, '0194', 1),
(1960, '1355', 1),
(1960, '1761', 1),
(1963, '0301', 4),
(1963, '0306', 9),
(1963, '0310', 1),
(1963, '0311', 4),
(1963, '0313', 10),
(1963, '0314', 3),
(1963, '0315', 6),
(1963, '0318', 5),
(1963, '0321', 4),
(1963, '0322', 7),
(1963, '0331', 4),
(1963, '0390', 1),
(1965, '0301', 6),
(1965, '0306', 1),
(1965, '0310', 1),
(1965, '0311', 6),
(1965, '0313', 6),
(1965, '0315', 6),
(1965, '0318', 1),
(1965, '0321', 6),
(1965, '0322', 1),
(1965, '0390', 1),
(1965, '3355', 6),
(1965, '3761', 6),
(1967, '0301', 8),
(1967, '0304', 9),
(1967, '0306', 3),
(1967, '0310', 1),
(1967, '0311', 8),
(1967, '0313', 2),
(1967, '0314', 9),
(1967, '0315', 6),
(1967, '0318', 7),
(1967, '0321', 8),
(1967, '0322', 5),
(1967, '0390', 1),
(1967, '0394', 9),
(1967, '3355', 6),
(1967, '3761', 8),
(1971, '0113', 4),
(1971, '0401', 2),
(1971, '0404', 5),
(1971, '0405', 6),
(1971, '0406', 7),
(1971, '0410', 1),
(1971, '0411', 2),
(1971, '0413', 4),
(1971, '0414', 5),
(1971, '0415', 6),
(1971, '0418', 9),
(1971, '0422', 3),
(1971, '0464', 5),
(1971, '0489', 10),
(1971, '4480', 1),
(1971, '4481', 2),
(1973, '0101', 4),
(1973, '0106', 9),
(1973, '0114', 3),
(1973, '0118', 5),
(1973, '0122', 7),
(1973, '0128', 5),
(1973, '0131', 4),
(1973, '0132', 7),
(1973, '0194', 3),
(1973, '1232', 7),
(1974, '0101', 5),
(1974, '0106', 5),
(1974, '0114', 7),
(1974, '0115', 1),
(1974, '0118', 3),
(1974, '0122', 9),
(1974, '0128', 3),
(1974, '0131', 5),
(1974, '0132', 9),
(1974, '0191', 5),
(1974, '0194', 7),
(1974, '1232', 9),
(1975, '0101', 6),
(1975, '0106', 1),
(1975, '0114', 1),
(1975, '0115', 6),
(1975, '0122', 1),
(1975, '0124', 1),
(1975, '0126', 1),
(1975, '0131', 6),
(1975, '0194', 1),
(1975, '1234', 1),
(1975, '1241', 6),
(1977, '0101', 8),
(1977, '0114', 9),
(1977, '0115', 6),
(1977, '0122', 5),
(1977, '0128', 7),
(1977, '0131', 8),
(1977, '0194', 9),
(1977, '1021', 8),
(1977, '1234', 9),
(1977, '1241', 8),
(1978, '0201', 9),
(1978, '0206', 9),
(1978, '0212', 7),
(1978, '0214', 3),
(1978, '0218', 5),
(1978, '0222', 7),
(1978, '0233', 5),
(1978, '0294', 3),
(1978, '2008', 5),
(1978, '2243', 5),
(1982, '0204', 9),
(1982, '0206', 3),
(1982, '0212', 5),
(1982, '0214', 9),
(1982, '0215', 1),
(1982, '0222', 5),
(1982, '0275', 1),
(1982, '0292', 5),
(1982, '0294', 9),
(1982, '2189', 9),
(1982, '2236', 3),
(1982, '2237', 5),
(1982, '2243', 7),
(1982, '2262', 5),
(1983, '1102', 7),
(1983, '1315', 6),
(1983, '1348', 5),
(1983, '1997', 2),
(1985, '0104', 1),
(1985, '0106', 1),
(1985, '1102', 1),
(1985, '1362', 1),
(1985, '1363', 6),
(1985, '1364', 1),
(1985, '1365', 6),
(1985, '1367', 6),
(1985, '1591', 6),
(1986, '0106', 7),
(1986, '1102', 3),
(1986, '1362', 3),
(1986, '1363', 9),
(1986, '1364', 5),
(1986, '1365', 1),
(1986, '1367', 3),
(1986, '1591', 7),
(1990, '0506', 1),
(1990, '0518', 1),
(1990, '0520', 1),
(1990, '0522', 1),
(1990, '5010', 1),
(1990, '5023', 1),
(1990, '5024', 1),
(1990, '5025', 1),
(1990, '5080', 1),
(1990, '5287', 1),
(1993, '1102', 7),
(1993, '1440', 1),
(1993, '1479', 8),
(1993, '1601', 4),
(1993, '1602', 7),
(1993, '1604', 3),
(1994, '2603', 3),
(1994, '2605', 1),
(1994, '2606', 5),
(1995, '1102', 1),
(1995, '1607', 6),
(1995, '1608', 1),
(1995, '1609', 6),
(1995, '1610', 1),
(1995, '1611', 6),
(1995, '1612', 1),
(1996, '2377', 3),
(1999, '0201', 10),
(1999, '0206', 5),
(1999, '0233', 8),
(1999, '0294', 7),
(1999, '2008', 3),
(1999, '2243', 8),
(2000, '0101', 1),
(2000, '0104', 1),
(2000, '0106', 1),
(2000, '0113', 1),
(2000, '0121', 1),
(2000, '3771', 1),
(2003, '0106', 9),
(2003, '1102', 7),
(2003, '1188', 5),
(2003, '1591', 4),
(2006, '2603', 9),
(2006, '2604', 5),
(2006, '2605', 1),
(2007, '1607', 10),
(2007, '1609', 4),
(2007, '1612', 5),
(2016, '0301', 7),
(2016, '0304', 5),
(2016, '0306', 7),
(2016, '0310', 1),
(2016, '0311', 7),
(2016, '0313', 9),
(2016, '0314', 5),
(2016, '0315', 1),
(2016, '0318', 9),
(2016, '0321', 7),
(2016, '0322', 3),
(2016, '0390', 1),
(2016, '0394', 5),
(2016, '3355', 1),
(2016, '3761', 7),
(2017, '0401', 8),
(2017, '0405', 6),
(2017, '0406', 3),
(2017, '0413', 2),
(2017, '0414', 9),
(2017, '0415', 6),
(2017, '0419', 4),
(2017, '0422', 5),
(2017, '0431', 8),
(2017, '0432', 5),
(2017, '0489', 4),
(2017, '4232', 5),
(2017, '4745', 6),
(2019, '0401', 10),
(2019, '0405', 6),
(2019, '0406', 5),
(2019, '0410', 1),
(2019, '0411', 10),
(2019, '0413', 8),
(2019, '0414', 7),
(2019, '0415', 6),
(2019, '0418', 3),
(2019, '0422', 9),
(2019, '0431', 10),
(2019, '0489', 2),
(2019, '0494', 7),
(2019, '0495', 6),
(2020, '0113', 1),
(2020, '0401', 1),
(2020, '0404', 1),
(2020, '0405', 1),
(2020, '0406', 1),
(2020, '0410', 1),
(2020, '0411', 1),
(2020, '0413', 1),
(2020, '0414', 1),
(2020, '0415', 1),
(2020, '0418', 1),
(2020, '0422', 1),
(2020, '0464', 1),
(2020, '0489', 1),
(2020, '4480', 1),
(2020, '4481', 1),
(2023, '0101', 4),
(2023, '0106', 9),
(2023, '0114', 3),
(2023, '0115', 6),
(2023, '0118', 5),
(2023, '0122', 7),
(2023, '0128', 5),
(2023, '0131', 4),
(2023, '0132', 7),
(2023, '0191', 4),
(2023, '0194', 3),
(2023, '1232', 7),
(2029, '0201', 10),
(2029, '0206', 5),
(2029, '0212', 9),
(2029, '0215', 6),
(2029, '0222', 9),
(2029, '0236', 5),
(2029, '0238', 3),
(2029, '2233', 8),
(2029, '2249', 2),
(2033, '1102', 7),
(2033, '1315', 6),
(2033, '1348', 5),
(2033, '1997', 2),
(2034, '0104', 7),
(2034, '0106', 5),
(2034, '1102', 9),
(2034, '1362', 9),
(2034, '1363', 3),
(2034, '1364', 7),
(2034, '1365', 1),
(2034, '1367', 9),
(2034, '1591', 5),
(2036, '2377', 3),
(2041, '1102', 3),
(2041, '1440', 1),
(2041, '1479', 10),
(2041, '1601', 2),
(2041, '1602', 3),
(2041, '1604', 5),
(2042, '1102', 5),
(2042, '1440', 1),
(2042, '1479', 9),
(2042, '1601', 3),
(2042, '1602', 5),
(2042, '1604', 9),
(2044, '1102', 9),
(2044, '1607', 9),
(2044, '1608', 3),
(2044, '1609', 7),
(2044, '1610', 1),
(2044, '1611', 5),
(2044, '1612', 9),
(2046, '0124', 5),
(2046, '0128', 9),
(2046, '0131', 7),
(2046, '0194', 5),
(2046, '1234', 5),
(2047, '0118', 7),
(2047, '0128', 7),
(2047, '0131', 8),
(2047, '0194', 9),
(2047, '1232', 5),
(2049, '0101', 10),
(2049, '0104', 7),
(2049, '0106', 5),
(2049, '0113', 8),
(2049, '0118', 3),
(2049, '0121', 10),
(2049, '3771', 10),
(2050, '0506', 1),
(2050, '5009', 1),
(2050, '5010', 1),
(2050, '5013', 1),
(2050, '5022', 1),
(2050, '5080', 1),
(2050, '5097', 1),
(2050, '5286', 1),
(2051, '0104', 5),
(2051, '0106', 7),
(2051, '1102', 3),
(2051, '1188', 9),
(2051, '1591', 2),
(2055, '2604', 1),
(2055, '2605', 6),
(2058, '0101', 9),
(2058, '0106', 9),
(2058, '0111', 9),
(2058, '0113', 5),
(2058, '0114', 3),
(2058, '0115', 1),
(2058, '0118', 5),
(2058, '0121', 9),
(2058, '0122', 7),
(2058, '0194', 3),
(2058, '1355', 1),
(2058, '1761', 9),
(2062, '0301', 3),
(2062, '0304', 9),
(2062, '0306', 3),
(2062, '0310', 1),
(2062, '0311', 3),
(2062, '0313', 7),
(2062, '0314', 9),
(2062, '0315', 1),
(2062, '0318', 7),
(2062, '0321', 3),
(2062, '0322', 5),
(2062, '0331', 3),
(2062, '0390', 1),
(2063, '0301', 4),
(2063, '0306', 9),
(2063, '0310', 1),
(2063, '0311', 4),
(2063, '0313', 10),
(2063, '0315', 6),
(2063, '0318', 5),
(2063, '0321', 4),
(2063, '0322', 7),
(2063, '0390', 1),
(2063, '3355', 6),
(2063, '3761', 4),
(2064, '0301', 5),
(2064, '0306', 5),
(2064, '0310', 1),
(2064, '0311', 5),
(2064, '0313', 3),
(2064, '0314', 7),
(2064, '0318', 3),
(2064, '0321', 5),
(2064, '0322', 9),
(2064, '0390', 1),
(2064, '3761', 5),
(2065, '0301', 6),
(2065, '0304', 1),
(2065, '0306', 1),
(2065, '0310', 1),
(2065, '0311', 6),
(2065, '0313', 6),
(2065, '0314', 1),
(2065, '0315', 6),
(2065, '0318', 1),
(2065, '0321', 6),
(2065, '0322', 1),
(2065, '0390', 1),
(2065, '0394', 1),
(2065, '3355', 6),
(2065, '3761', 6),
(2066, '0401', 7),
(2066, '0405', 1),
(2066, '0406', 7),
(2066, '0413', 9),
(2066, '0414', 5),
(2066, '0415', 1),
(2066, '0419', 5),
(2066, '0422', 3),
(2066, '0431', 7),
(2066, '0432', 3),
(2066, '0489', 5),
(2066, '4232', 3),
(2066, '4745', 1),
(2070, '0401', 1),
(2070, '0405', 1),
(2070, '0406', 1),
(2070, '0413', 1),
(2070, '0414', 1),
(2070, '0415', 1),
(2070, '0418', 1),
(2070, '0422', 1),
(2070, '0431', 1),
(2070, '0489', 1),
(2070, '0494', 1),
(2070, '0495', 1),
(2070, '4232', 1),
(2074, '0101', 5),
(2074, '0106', 5),
(2074, '0114', 7),
(2074, '0122', 9),
(2074, '0128', 3),
(2074, '0131', 5),
(2074, '0194', 7),
(2074, '1021', 5),
(2074, '1234', 7),
(2074, '1236', 5),
(2079, '0201', 10),
(2079, '0206', 5),
(2079, '0212', 9),
(2079, '0215', 6),
(2079, '0222', 9),
(2079, '0275', 6),
(2079, '2189', 2),
(2079, '2236', 5),
(2079, '2237', 4),
(2079, '2243', 8),
(2079, '2262', 9),
(2080, '0201', 1),
(2080, '0204', 1),
(2080, '0206', 1),
(2080, '0212', 1),
(2080, '0214', 1),
(2080, '0215', 1),
(2080, '0222', 1),
(2080, '0275', 1),
(2080, '0292', 1),
(2080, '0294', 1),
(2080, '2189', 1),
(2080, '2236', 1),
(2080, '2237', 1),
(2080, '2262', 1),
(2082, '1102', 5),
(2082, '1315', 1),
(2082, '1348', 7),
(2082, '1997', 5),
(2083, '0104', 3),
(2083, '0106', 9),
(2083, '1102', 7),
(2083, '1362', 7),
(2083, '1363', 10),
(2083, '1364', 3),
(2083, '1365', 6),
(2083, '1367', 2),
(2083, '1591', 4),
(2084, '0106', 5),
(2084, '1102', 9),
(2084, '1362', 9),
(2084, '1363', 3),
(2084, '1364', 7),
(2084, '1365', 1),
(2084, '1367', 9),
(2084, '1591', 5),
(2085, '2377', 6),
(2088, '0506', 9),
(2088, '0518', 5),
(2088, '0520', 1),
(2088, '0522', 7),
(2088, '5010', 1),
(2088, '5023', 5),
(2088, '5024', 3),
(2088, '5025', 1),
(2088, '5080', 1),
(2088, '5287', 7),
(2089, '0518', 3),
(2089, '0520', 1),
(2089, '0522', 9),
(2089, '5010', 1),
(2089, '5023', 8),
(2089, '5024', 7),
(2089, '5025', 6),
(2089, '5080', 1),
(2089, '5287', 4),
(2092, '2603', 7),
(2092, '2605', 1),
(2092, '2606', 3),
(2094, '2377', 9),
(2098, '0101', 9),
(2098, '0104', 3),
(2098, '0106', 9),
(2098, '0113', 5),
(2098, '0118', 5),
(2098, '0121', 9),
(2098, '3771', 9),
(2101, '0106', 7),
(2101, '1102', 3),
(2101, '1188', 9),
(2101, '1591', 2),
(2102, '1102', 5),
(2102, '1479', 9),
(2102, '1601', 3),
(2102, '1602', 5),
(2105, '1607', 6),
(2105, '1609', 6),
(2105, '1611', 6),
(2105, '1612', 1),
(2116, '0401', 7),
(2116, '0404', 5),
(2116, '0405', 1),
(2116, '0406', 7),
(2116, '0413', 9),
(2116, '0414', 5),
(2116, '0415', 1),
(2116, '0419', 5),
(2116, '0422', 3),
(2116, '0431', 7),
(2116, '0432', 3),
(2116, '0489', 5),
(2116, '0490', 1),
(2116, '0494', 5),
(2116, '4232', 3),
(2116, '4745', 1),
(2119, '0401', 10),
(2119, '0405', 6),
(2119, '0406', 5),
(2119, '0413', 8),
(2119, '0414', 7),
(2119, '0415', 6),
(2119, '0418', 3),
(2119, '0422', 9),
(2119, '0431', 10),
(2119, '0489', 2),
(2119, '0494', 7),
(2119, '0495', 6),
(2119, '4232', 9),
(2120, '0101', 1),
(2120, '0106', 1),
(2120, '0114', 1),
(2120, '0118', 1),
(2120, '0122', 1),
(2120, '0128', 1),
(2120, '0131', 1),
(2120, '0132', 1),
(2120, '0194', 1),
(2120, '1232', 1),
(2123, '0101', 4),
(2123, '0106', 9),
(2123, '0114', 3),
(2123, '0122', 7),
(2123, '0128', 5),
(2123, '0131', 4),
(2123, '0194', 3),
(2123, '1021', 4),
(2123, '1234', 3),
(2123, '1236', 9),
(2125, '0201', 6),
(2125, '0206', 1),
(2125, '0212', 1),
(2125, '0214', 1),
(2125, '0215', 6),
(2125, '0222', 1),
(2125, '0233', 6),
(2125, '0235', 6),
(2125, '0294', 1),
(2125, '2243', 6),
(2129, '0201', 10),
(2129, '0206', 5),
(2129, '0212', 9),
(2129, '0215', 6),
(2129, '0222', 9),
(2129, '0275', 6),
(2129, '0292', 9),
(2129, '2189', 2),
(2129, '2236', 5),
(2129, '2237', 4),
(2129, '2243', 8),
(2129, '2262', 9),
(2133, '0106', 9),
(2133, '1102', 7),
(2133, '1362', 7),
(2133, '1363', 10),
(2133, '1364', 3),
(2133, '1365', 6),
(2133, '1367', 2),
(2133, '1591', 4),
(2137, '0506', 3),
(2137, '0518', 7),
(2137, '0520', 1),
(2137, '0522', 5),
(2137, '5010', 1),
(2137, '5023', 2),
(2137, '5024', 9),
(2137, '5025', 6),
(2137, '5080', 1),
(2137, '5287', 10),
(2138, '0518', 5),
(2138, '0520', 1),
(2138, '0522', 7),
(2138, '5010', 1),
(2138, '5023', 5),
(2138, '5024', 3),
(2138, '5025', 1),
(2138, '5080', 1),
(2138, '5287', 7),
(2142, '1102', 5),
(2142, '1607', 5),
(2142, '1608', 7),
(2142, '1609', 9),
(2142, '1610', 1),
(2142, '1611', 3),
(2142, '1612', 5),
(2143, '2377', 2),
(2147, '0101', 8),
(2147, '0104', 9),
(2147, '0106', 3),
(2147, '0113', 2),
(2147, '0118', 7),
(2147, '0121', 8),
(2147, '3771', 8),
(2148, '0506', 9),
(2148, '5009', 3),
(2148, '5010', 1),
(2148, '5013', 5),
(2148, '5022', 7),
(2148, '5080', 1),
(2148, '5097', 7),
(2148, '5286', 9),
(2149, '0104', 7),
(2149, '0106', 5),
(2149, '1102', 9),
(2149, '1188', 3),
(2149, '1591', 10),
(2150, '0106', 1),
(2150, '1102', 1),
(2150, '1591', 1),
(2153, '2603', 10),
(2153, '2604', 3),
(2154, '1607', 9),
(2154, '1609', 7),
(2154, '1611', 5),
(2154, '1612', 9),
(2156, '0101', 7),
(2156, '0106', 7),
(2156, '0110', 1),
(2156, '0111', 7),
(2156, '0113', 9),
(2156, '0114', 5),
(2156, '0115', 1),
(2156, '0118', 9),
(2156, '0121', 7),
(2156, '0190', 1),
(2156, '0194', 5),
(2156, '1355', 1),
(2156, '1761', 7),
(2158, '0301', 9),
(2158, '0306', 9),
(2158, '0311', 9),
(2158, '0313', 5),
(2158, '0314', 3),
(2158, '0315', 1),
(2158, '0318', 5),
(2158, '0321', 9),
(2158, '0322', 7),
(2158, '0394', 3),
(2160, '0301', 1),
(2160, '0304', 1),
(2160, '0306', 1),
(2160, '0310', 1),
(2160, '0311', 1),
(2160, '0313', 1),
(2160, '0314', 1),
(2160, '0315', 1),
(2160, '0318', 1),
(2160, '0321', 1),
(2160, '0322', 1),
(2160, '0331', 1),
(2160, '0390', 1),
(2162, '0301', 3),
(2162, '0306', 3),
(2162, '0310', 1),
(2162, '0311', 3),
(2162, '0313', 7),
(2162, '0314', 9),
(2162, '0318', 7),
(2162, '0321', 3),
(2162, '0322', 5),
(2162, '0390', 1),
(2162, '3761', 3),
(2165, '0401', 6),
(2165, '0404', 1),
(2165, '0405', 6),
(2165, '0406', 1),
(2165, '0413', 6),
(2165, '0414', 1),
(2165, '0415', 6),
(2165, '0419', 6),
(2165, '0422', 1),
(2165, '0431', 6),
(2165, '0432', 1),
(2165, '0489', 6),
(2165, '0490', 1),
(2165, '0494', 1),
(2165, '4232', 1),
(2165, '4745', 6),
(2168, '0401', 9),
(2168, '0405', 1),
(2168, '0406', 9),
(2168, '0413', 5),
(2168, '0414', 3),
(2168, '0415', 1),
(2168, '0418', 5),
(2168, '0422', 7),
(2168, '0431', 9),
(2168, '0489', 3),
(2168, '0494', 3),
(2168, '0495', 1),
(2168, '4232', 7),
(2169, '0101', 10),
(2169, '0106', 5),
(2169, '0114', 7),
(2169, '0118', 3),
(2169, '0122', 9),
(2169, '0128', 3),
(2169, '0131', 10),
(2169, '0132', 9),
(2169, '0194', 7),
(2169, '1232', 9),
(2170, '0101', 1),
(2170, '0106', 1),
(2170, '0114', 1),
(2170, '0115', 1),
(2170, '0118', 1),
(2170, '0122', 1),
(2170, '0128', 1),
(2170, '0131', 1),
(2170, '0132', 1),
(2170, '0191', 1),
(2170, '0194', 1),
(2170, '1232', 1),
(2171, '0101', 2),
(2171, '0106', 7),
(2171, '0114', 5),
(2171, '0115', 6),
(2171, '0122', 3),
(2171, '0124', 5),
(2171, '0126', 7),
(2171, '0128', 9),
(2171, '0131', 2),
(2171, '0194', 5),
(2171, '1234', 5),
(2171, '1241', 2),
(2172, '0101', 3),
(2172, '0106', 3),
(2172, '0114', 9),
(2172, '0122', 5),
(2172, '0128', 7),
(2172, '0131', 3),
(2172, '0194', 9),
(2172, '1021', 3),
(2172, '1234', 9),
(2172, '1236', 3),
(2174, '0201', 5),
(2174, '0206', 5),
(2174, '0212', 9),
(2174, '0214', 7),
(2174, '0215', 1),
(2174, '0218', 3),
(2174, '0222', 9),
(2174, '0233', 3),
(2174, '0235', 1),
(2174, '0294', 7),
(2174, '2008', 3),
(2174, '2243', 3),
(2176, '0201', 7),
(2176, '0206', 7),
(2176, '0212', 3),
(2176, '0214', 5),
(2176, '0215', 1),
(2176, '0222', 3),
(2176, '0234', 5),
(2176, '0236', 7),
(2176, '0238', 9),
(2176, '0294', 5),
(2176, '2233', 9),
(2176, '2249', 5),
(2177, '0201', 8),
(2177, '0212', 5),
(2177, '0215', 6),
(2177, '0222', 5),
(2177, '0275', 6),
(2177, '0294', 9),
(2177, '2189', 4),
(2177, '2237', 10),
(2177, '2243', 2),
(2177, '2262', 5),
(2178, '0201', 9),
(2178, '0204', 3),
(2178, '0206', 9),
(2178, '0212', 7),
(2178, '0214', 3),
(2178, '0222', 7),
(2178, '0292', 7),
(2178, '0294', 3),
(2178, '2189', 3),
(2178, '2236', 9),
(2178, '2237', 7),
(2178, '2243', 5),
(2178, '2262', 7),
(2179, '1102', 9),
(2179, '1315', 6),
(2179, '1348', 3),
(2179, '1997', 4),
(2180, '1102', 1),
(2180, '1315', 1),
(2180, '1348', 1),
(2180, '1997', 1),
(2181, '0104', 5),
(2181, '0106', 7),
(2181, '1363', 4),
(2181, '1364', 5),
(2181, '1365', 6),
(2181, '1367', 8),
(2181, '1591', 2),
(2183, '2377', 2),
(2184, '0104', 7),
(2184, '0106', 5),
(2184, '1188', 3),
(2184, '1367', 9),
(2184, '1588', 3),
(2184, '1591', 5),
(2184, '1993', 3),
(2187, '0518', 7),
(2187, '0520', 1),
(2187, '0522', 5),
(2187, '5010', 1),
(2187, '5023', 2),
(2187, '5024', 9),
(2187, '5025', 6),
(2187, '5080', 1),
(2187, '5287', 10),
(2190, '2603', 1),
(2190, '2605', 1),
(2190, '2606', 1),
(2191, '1102', 3),
(2191, '1607', 8),
(2191, '1608', 9),
(2191, '1609', 10),
(2191, '1610', 1),
(2191, '1611', 2),
(2191, '1612', 3),
(2192, '2377', 5),
(2193, '0124', 3),
(2193, '0128', 5),
(2193, '0131', 4),
(2193, '0194', 3),
(2193, '1234', 3),
(2194, '0118', 3),
(2194, '0128', 3),
(2194, '0131', 5),
(2194, '0194', 7),
(2194, '1232', 9),
(2196, '0101', 7),
(2196, '0104', 5),
(2196, '0106', 7),
(2196, '0113', 9),
(2196, '0118', 9),
(2196, '0121', 7),
(2196, '3771', 7),
(2198, '0104', 3),
(2198, '0106', 9),
(2198, '1102', 7),
(2198, '1188', 5),
(2198, '1591', 9),
(2200, '1102', 1),
(2200, '1479', 1),
(2200, '1601', 1),
(2200, '1602', 1),
(2205, '0101', 6),
(2205, '0106', 1),
(2205, '0110', 1),
(2205, '0111', 6),
(2205, '0114', 1),
(2205, '0115', 6),
(2205, '0118', 1),
(2205, '0121', 6),
(2205, '0122', 1),
(2205, '0190', 1),
(2205, '0194', 1),
(2205, '1355', 6),
(2205, '1761', 6),
(2206, '0201', 7),
(2206, '0206', 7),
(2206, '0210', 1),
(2206, '0211', 7),
(2206, '0213', 9),
(2206, '0214', 5),
(2206, '0215', 1),
(2206, '0218', 9),
(2206, '0221', 7),
(2206, '0290', 1),
(2206, '0294', 5),
(2206, '2355', 1),
(2206, '2761', 7),
(2207, '0306', 3),
(2207, '0310', 1),
(2207, '0313', 2),
(2207, '0314', 9),
(2207, '0315', 6),
(2207, '0318', 7),
(2207, '0322', 5),
(2207, '0390', 1),
(2207, '0394', 9),
(2210, '0301', 1),
(2210, '0306', 1),
(2210, '0310', 1),
(2210, '0311', 1),
(2210, '0313', 1),
(2210, '0315', 1),
(2210, '0318', 1),
(2210, '0321', 1),
(2210, '0322', 1),
(2210, '0390', 1),
(2210, '3355', 1),
(2210, '3761', 1),
(2211, '0301', 2),
(2211, '0306', 7),
(2211, '0310', 1),
(2211, '0311', 2),
(2211, '0313', 4),
(2211, '0314', 5),
(2211, '0318', 9),
(2211, '0321', 2),
(2211, '0322', 3),
(2211, '0390', 1),
(2211, '3761', 2),
(2212, '0301', 3),
(2212, '0304', 9),
(2212, '0306', 3),
(2212, '0310', 1),
(2212, '0311', 3),
(2212, '0313', 7),
(2212, '0314', 9),
(2212, '0315', 1),
(2212, '0318', 7),
(2212, '0321', 3),
(2212, '0322', 5),
(2212, '0390', 1),
(2212, '0394', 9),
(2212, '3355', 1),
(2212, '3761', 3),
(2216, '0113', 9),
(2216, '0401', 7),
(2216, '0404', 5),
(2216, '0405', 1),
(2216, '0406', 7),
(2216, '0410', 1),
(2216, '0411', 7),
(2216, '0413', 9),
(2216, '0414', 5),
(2216, '0415', 1),
(2216, '0418', 9),
(2216, '0422', 3),
(2216, '0464', 5),
(2216, '0489', 5),
(2216, '4480', 1),
(2216, '4481', 7),
(2218, '0101', 9),
(2218, '0106', 9),
(2218, '0114', 3),
(2218, '0118', 5),
(2218, '0122', 7),
(2218, '0128', 5),
(2218, '0131', 9),
(2218, '0132', 7),
(2218, '0194', 3),
(2218, '1232', 7),
(2219, '0101', 10),
(2219, '0106', 5),
(2219, '0114', 7),
(2219, '0115', 6),
(2219, '0118', 3),
(2219, '0122', 9),
(2219, '0128', 3),
(2219, '0131', 10),
(2219, '0132', 9),
(2219, '0191', 10),
(2219, '0194', 7),
(2219, '1232', 9),
(2220, '0101', 1),
(2220, '0106', 1),
(2220, '0114', 1),
(2220, '0115', 1),
(2220, '0122', 1),
(2220, '0124', 1),
(2220, '0126', 1),
(2220, '0128', 1),
(2220, '0131', 1),
(2220, '0194', 1),
(2220, '1234', 1),
(2220, '1241', 1),
(2223, '0201', 4),
(2223, '0206', 9),
(2223, '0212', 7),
(2223, '0214', 3),
(2223, '0215', 6),
(2223, '0218', 5),
(2223, '0222', 7),
(2223, '0233', 10),
(2223, '0235', 6),
(2223, '0294', 3),
(2223, '2008', 5),
(2223, '2243', 10),
(2225, '0201', 6),
(2225, '0206', 1),
(2225, '0212', 1),
(2225, '0214', 1),
(2225, '0215', 6),
(2225, '0222', 1),
(2225, '0234', 1),
(2225, '0236', 1),
(2225, '0294', 1),
(2225, '2233', 6),
(2225, '2249', 6),
(2226, '0201', 7),
(2226, '0206', 7),
(2226, '0212', 3),
(2226, '0215', 1),
(2226, '0222', 3),
(2226, '0275', 1),
(2226, '0294', 5),
(2226, '2189', 5),
(2226, '2236', 7),
(2226, '2243', 9),
(2226, '2262', 3),
(2230, '0104', 1),
(2230, '0106', 1),
(2230, '1102', 1),
(2230, '1362', 1),
(2230, '1364', 1),
(2230, '1365', 1),
(2230, '1367', 1),
(2230, '1591', 1),
(2234, '2102', 9),
(2234, '2107', 9),
(2234, '2197', 9),
(2234, '2377', 9),
(2234, '2587', 9),
(2234, '2589', 7),
(2235, '0506', 1),
(2235, '0518', 1),
(2235, '0520', 1),
(2235, '0522', 1),
(2235, '5010', 1),
(2235, '5023', 6),
(2235, '5024', 1),
(2235, '5025', 6),
(2235, '5080', 1),
(2235, '5287', 6),
(2238, '1102', 7),
(2238, '1440', 1),
(2238, '1479', 3),
(2238, '1601', 9),
(2238, '1602', 7),
(2238, '1604', 3),
(2242, '0124', 9),
(2242, '0128', 7),
(2242, '0131', 3),
(2242, '0194', 9),
(2242, '1234', 9),
(2243, '0118', 5),
(2243, '0128', 5),
(2243, '0131', 4),
(2243, '0194', 3),
(2243, '1232', 7),
(2246, '0506', 7),
(2246, '5009', 5),
(2246, '5010', 1),
(2246, '5013', 9),
(2246, '5022', 3),
(2246, '5080', 1),
(2246, '5097', 3),
(2246, '5286', 7),
(2247, '0104', 9),
(2247, '0106', 3),
(2247, '1102', 5),
(2247, '1188', 7),
(2247, '1591', 8),
(2251, '2603', 4),
(2251, '2604', 5),
(2251, '2605', 6),
(2253, '1102', 7),
(2253, '1608', 5),
(2253, '2610', 1),
(2254, '0101', 5),
(2254, '0106', 5),
(2254, '0110', 1),
(2254, '0111', 5),
(2254, '0113', 3),
(2254, '0115', 1),
(2254, '0118', 3),
(2254, '0121', 5),
(2254, '0122', 9),
(2254, '0190', 1),
(2254, '1355', 1),
(2254, '1761', 5),
(2256, '0301', 7),
(2256, '0306', 7),
(2256, '0310', 1),
(2256, '0311', 7),
(2256, '0313', 9),
(2256, '0314', 5),
(2256, '0315', 1),
(2256, '0318', 9),
(2256, '0321', 7),
(2256, '0390', 1),
(2256, '0394', 5),
(2257, '0306', 3),
(2257, '0310', 1),
(2257, '0313', 2);
INSERT INTO `notas` (`nExpediente`, `idAsignatura`, `nota`) VALUES
(2257, '0314', 9),
(2257, '0315', 6),
(2257, '0318', 7),
(2257, '0322', 5),
(2257, '0390', 1),
(2261, '0301', 2),
(2261, '0304', 5),
(2261, '0306', 7),
(2261, '0310', 1),
(2261, '0311', 2),
(2261, '0313', 4),
(2261, '0314', 5),
(2261, '0315', 6),
(2261, '0318', 9),
(2261, '0321', 2),
(2261, '0322', 3),
(2261, '0390', 1),
(2261, '0394', 5),
(2261, '3355', 6),
(2261, '3761', 2),
(2267, '0101', 8),
(2267, '0106', 3),
(2267, '0114', 9),
(2267, '0118', 7),
(2267, '0122', 5),
(2267, '0128', 7),
(2267, '0131', 8),
(2267, '0132', 5),
(2267, '0194', 9),
(2267, '1232', 5),
(2268, '0101', 9),
(2268, '0106', 9),
(2268, '0114', 3),
(2268, '0115', 1),
(2268, '0118', 5),
(2268, '0122', 7),
(2268, '0128', 5),
(2268, '0131', 9),
(2268, '0132', 7),
(2268, '0191', 9),
(2268, '0194', 3),
(2268, '1232', 7),
(2269, '0101', 10),
(2269, '0106', 5),
(2269, '0114', 7),
(2269, '0115', 6),
(2269, '0122', 9),
(2269, '0124', 7),
(2269, '0126', 5),
(2269, '0128', 3),
(2269, '0131', 10),
(2269, '0194', 7),
(2269, '1234', 7),
(2269, '1241', 10),
(2270, '0101', 1),
(2270, '0106', 1),
(2270, '0114', 1),
(2270, '0122', 1),
(2270, '0128', 1),
(2270, '0131', 1),
(2270, '0194', 1),
(2270, '1021', 1),
(2270, '1234', 1),
(2270, '1236', 1),
(2275, '0201', 6),
(2275, '0206', 1),
(2275, '0212', 1),
(2275, '0215', 6),
(2275, '0222', 1),
(2275, '0275', 6),
(2275, '0294', 1),
(2275, '2189', 6),
(2275, '2236', 1),
(2275, '2237', 6),
(2275, '2243', 6),
(2275, '2262', 1),
(2277, '1102', 5),
(2277, '1315', 6),
(2277, '1348', 7),
(2277, '1997', 10),
(2278, '1102', 7),
(2278, '1348', 5),
(2278, '1997', 7),
(2279, '0106', 5),
(2279, '1102', 9),
(2279, '1362', 9),
(2279, '1363', 8),
(2279, '1365', 6),
(2279, '1367', 4),
(2279, '1591', 10),
(2280, '0106', 1),
(2280, '1102', 1),
(2280, '1362', 1),
(2280, '1364', 1),
(2280, '1365', 1),
(2280, '1367', 1),
(2280, '1591', 1),
(2281, '2377', 8),
(2282, '0104', 9),
(2282, '0106', 3),
(2282, '1188', 7),
(2282, '1367', 5),
(2282, '1588', 7),
(2282, '1993', 7),
(2283, '2102', 7),
(2283, '2107', 2),
(2283, '2197', 2),
(2283, '2377', 2),
(2283, '2587', 2),
(2283, '2589', 8),
(2285, '0518', 1),
(2285, '0520', 1),
(2285, '0522', 1),
(2285, '5010', 1),
(2285, '5023', 6),
(2285, '5024', 1),
(2285, '5025', 6),
(2285, '5080', 1),
(2285, '5287', 6),
(2297, '0106', 3),
(2297, '1102', 5),
(2297, '1188', 7),
(2297, '1591', 8),
(2298, '1102', 7),
(2298, '1479', 3),
(2298, '1601', 9),
(2298, '1602', 7),
(2299, '1440', 1),
(2299, '1601', 10),
(2299, '1602', 9),
(2300, '2603', 1),
(2300, '2604', 1),
(2300, '2605', 1),
(2306, '0301', 7),
(2306, '0306', 7),
(2306, '0310', 1),
(2306, '0311', 7),
(2306, '0313', 9),
(2306, '0314', 5),
(2306, '0315', 1),
(2306, '0318', 9),
(2306, '0321', 7),
(2306, '0331', 7),
(2306, '0390', 1),
(2310, '0301', 1),
(2310, '0304', 1),
(2310, '0306', 1),
(2310, '0310', 1),
(2310, '0311', 1),
(2310, '0313', 1),
(2310, '0314', 1),
(2310, '0315', 1),
(2310, '0318', 1),
(2310, '0321', 1),
(2310, '0322', 1),
(2310, '0390', 1),
(2310, '0394', 1),
(2310, '3355', 1),
(2310, '3761', 1),
(2311, '0401', 2),
(2311, '0405', 6),
(2311, '0406', 7),
(2311, '0413', 4),
(2311, '0414', 5),
(2311, '0415', 6),
(2311, '0419', 10),
(2311, '0422', 3),
(2311, '0431', 2),
(2311, '0432', 3),
(2311, '0489', 10),
(2311, '4232', 3),
(2311, '4745', 6),
(2319, '0101', 10),
(2319, '0106', 5),
(2319, '0114', 7),
(2319, '0122', 9),
(2319, '0128', 3),
(2319, '0131', 10),
(2319, '0194', 7),
(2319, '1021', 10),
(2319, '1234', 7),
(2319, '1236', 5),
(2321, '0201', 2),
(2321, '0206', 7),
(2321, '0212', 3),
(2321, '0214', 5),
(2321, '0215', 6),
(2321, '0218', 9),
(2321, '0222', 3),
(2321, '0233', 4),
(2321, '0235', 6),
(2321, '0294', 5),
(2321, '2008', 9),
(2321, '2243', 4),
(2322, '0201', 3),
(2322, '0206', 3),
(2322, '0212', 5),
(2322, '0214', 9),
(2322, '0215', 1),
(2322, '0222', 5),
(2322, '0234', 9),
(2322, '0236', 3),
(2322, '0294', 9),
(2322, '2008', 7),
(2322, '2233', 7),
(2322, '2243', 7),
(2326, '1102', 3),
(2326, '1315', 1),
(2326, '1348', 9),
(2327, '1102', 5),
(2327, '1315', 6),
(2327, '1348', 7),
(2327, '1997', 10),
(2328, '0104', 3),
(2328, '0106', 9),
(2328, '1102', 7),
(2328, '1362', 7),
(2328, '1363', 5),
(2328, '1364', 3),
(2328, '1367', 7),
(2328, '1591', 9),
(2329, '0106', 5),
(2329, '1102', 9),
(2329, '1362', 9),
(2329, '1363', 8),
(2329, '1365', 6),
(2329, '1367', 4),
(2329, '1591', 10),
(2330, '2377', 1),
(2331, '0104', 5),
(2331, '0106', 7),
(2331, '1188', 9),
(2331, '1367', 8),
(2331, '1588', 9),
(2331, '1591', 2),
(2331, '1993', 4),
(2332, '2102', 5),
(2332, '2107', 5),
(2332, '2197', 5),
(2332, '2377', 5),
(2332, '2587', 5),
(2332, '2589', 9),
(2333, '0506', 9),
(2333, '0518', 5),
(2333, '0522', 7),
(2333, '5023', 10),
(2333, '5024', 3),
(2333, '5025', 6),
(2333, '5287', 2),
(2334, '0518', 3),
(2334, '0520', 1),
(2334, '0522', 9),
(2334, '5010', 1),
(2334, '5023', 3),
(2334, '5024', 7),
(2334, '5025', 1),
(2334, '5080', 1),
(2334, '5287', 9),
(2335, '1102', 1),
(2335, '1440', 1),
(2335, '1479', 6),
(2335, '1601', 6),
(2335, '1602', 1),
(2335, '1604', 1),
(2336, '1102', 3),
(2336, '1440', 1),
(2336, '1479', 5),
(2336, '1601', 7),
(2336, '1602', 3),
(2336, '1604', 5),
(2338, '1102', 7),
(2338, '1607', 7),
(2338, '1608', 5),
(2338, '1609', 3),
(2338, '1610', 1),
(2338, '1611', 9),
(2338, '1612', 7),
(2339, '2377', 4),
(2340, '0124', 1),
(2340, '0128', 1),
(2340, '0131', 1),
(2340, '0194', 1),
(2340, '1234', 1),
(2341, '0118', 9),
(2341, '0128', 9),
(2341, '0131', 2),
(2341, '0194', 5),
(2341, '1232', 3),
(2342, '0201', 3),
(2342, '0206', 3),
(2342, '0233', 7),
(2342, '0294', 9),
(2342, '2008', 7),
(2342, '2243', 7),
(2343, '0101', 4),
(2343, '0104', 3),
(2343, '0106', 9),
(2343, '0113', 10),
(2343, '0118', 5),
(2343, '0121', 4),
(2343, '3771', 4),
(2345, '0104', 1),
(2345, '0106', 1),
(2345, '1102', 1),
(2345, '1188', 1),
(2345, '1591', 6),
(2353, '0201', 4),
(2353, '0206', 9),
(2353, '0210', 1),
(2353, '0211', 4),
(2353, '0213', 10),
(2353, '0214', 3),
(2353, '0218', 5),
(2353, '0221', 4),
(2353, '0222', 7),
(2353, '0290', 1),
(2353, '0294', 3),
(2353, '2761', 4),
(2354, '0301', 5),
(2354, '0306', 5),
(2354, '0310', 1),
(2354, '0311', 5),
(2354, '0313', 3),
(2354, '0315', 1),
(2354, '0318', 3),
(2354, '0321', 5),
(2354, '0322', 9),
(2354, '0390', 1),
(2355, '0301', 6),
(2355, '0306', 1),
(2355, '0310', 1),
(2355, '0311', 6),
(2355, '0314', 1),
(2355, '0315', 6),
(2355, '0318', 1),
(2355, '0321', 6),
(2355, '0322', 1),
(2355, '0331', 6),
(2355, '0390', 1),
(2356, '0301', 7),
(2356, '0304', 5),
(2356, '0306', 7),
(2356, '0310', 1),
(2356, '0311', 7),
(2356, '0313', 9),
(2356, '0314', 5),
(2356, '0315', 1),
(2356, '0318', 9),
(2356, '0321', 7),
(2356, '0331', 7),
(2356, '0390', 1),
(2357, '0306', 3),
(2357, '0310', 1),
(2357, '0313', 2),
(2357, '0315', 6),
(2357, '0318', 7),
(2357, '0322', 5),
(2357, '0390', 1),
(2357, '3355', 6),
(2360, '0401', 1),
(2360, '0405', 1),
(2360, '0406', 1),
(2360, '0413', 1),
(2360, '0414', 1),
(2360, '0415', 1),
(2360, '0419', 1),
(2360, '0422', 1),
(2360, '0431', 1),
(2360, '0432', 1),
(2360, '0489', 1),
(2360, '4232', 1),
(2360, '4745', 1),
(2361, '0401', 2),
(2361, '0404', 5),
(2361, '0405', 6),
(2361, '0406', 7),
(2361, '0413', 4),
(2361, '0414', 5),
(2361, '0415', 6),
(2361, '0419', 10),
(2361, '0422', 3),
(2361, '0431', 2),
(2361, '0432', 3),
(2361, '0489', 10),
(2361, '0490', 1),
(2361, '0494', 5),
(2361, '4232', 3),
(2361, '4745', 6),
(2362, '0401', 3),
(2362, '0405', 1),
(2362, '0406', 3),
(2362, '0410', 1),
(2362, '0411', 3),
(2362, '0413', 7),
(2362, '0414', 9),
(2362, '0415', 1),
(2362, '0418', 7),
(2362, '0422', 5),
(2362, '0431', 3),
(2362, '0489', 9),
(2362, '0494', 9),
(2362, '0495', 1),
(2363, '0113', 10),
(2363, '0401', 4),
(2363, '0404', 3),
(2363, '0405', 6),
(2363, '0406', 9),
(2363, '0410', 1),
(2363, '0411', 4),
(2363, '0413', 10),
(2363, '0414', 3),
(2363, '0415', 6),
(2363, '0418', 5),
(2363, '0422', 7),
(2363, '0464', 3),
(2363, '0489', 8),
(2363, '4480', 1),
(2363, '4481', 4),
(2364, '0401', 5),
(2364, '0405', 1),
(2364, '0406', 5),
(2364, '0413', 3),
(2364, '0414', 7),
(2364, '0415', 1),
(2364, '0418', 3),
(2364, '0422', 9),
(2364, '0431', 5),
(2364, '0489', 7),
(2364, '0494', 7),
(2364, '0495', 1),
(2364, '4232', 9),
(2365, '0101', 6),
(2365, '0106', 1),
(2365, '0114', 1),
(2365, '0118', 1),
(2365, '0122', 1),
(2365, '0128', 1),
(2365, '0131', 6),
(2365, '0132', 1),
(2365, '0194', 1),
(2365, '1232', 1),
(2366, '0101', 7),
(2366, '0106', 7),
(2366, '0114', 5),
(2366, '0115', 1),
(2366, '0118', 9),
(2366, '0122', 3),
(2366, '0128', 9),
(2366, '0131', 7),
(2366, '0132', 3),
(2366, '0191', 7),
(2366, '0194', 5),
(2366, '1232', 3),
(2370, '0201', 1),
(2370, '0206', 1),
(2370, '0212', 1),
(2370, '0214', 1),
(2370, '0215', 1),
(2370, '0218', 1),
(2370, '0222', 1),
(2370, '0233', 1),
(2370, '0235', 1),
(2370, '0294', 1),
(2370, '2008', 1),
(2370, '2243', 1),
(2371, '0201', 2),
(2371, '0206', 7),
(2371, '0212', 3),
(2371, '0214', 5),
(2371, '0215', 6),
(2371, '0222', 3),
(2371, '0234', 5),
(2371, '0236', 7),
(2371, '0294', 5),
(2371, '2008', 9),
(2371, '2233', 4),
(2371, '2243', 4),
(2372, '0201', 3),
(2372, '0206', 3),
(2372, '0212', 5),
(2372, '0214', 9),
(2372, '0215', 1),
(2372, '0222', 5),
(2372, '0234', 9),
(2372, '0236', 3),
(2372, '0238', 7),
(2372, '0294', 9),
(2372, '2233', 7),
(2372, '2249', 9),
(2389, '0124', 7),
(2389, '0128', 3),
(2389, '0131', 10),
(2389, '0194', 7),
(2389, '1234', 7),
(2390, '0118', 1),
(2390, '0128', 1),
(2390, '0131', 1),
(2390, '0194', 1),
(2390, '1232', 1),
(2409, '0401', 10),
(2409, '0405', 6),
(2409, '0406', 5),
(2409, '0413', 8),
(2409, '0414', 7),
(2409, '0415', 6),
(2409, '0419', 2),
(2409, '0422', 9),
(2409, '0431', 10),
(2409, '0432', 9),
(2409, '0489', 2),
(2409, '4232', 9),
(2409, '4745', 6),
(2417, '0101', 8),
(2417, '0106', 3),
(2417, '0114', 9),
(2417, '0122', 5),
(2417, '0128', 7),
(2417, '0131', 8),
(2417, '0194', 9),
(2417, '1021', 8),
(2417, '1234', 9),
(2417, '1236', 3),
(2418, '0101', 9),
(2418, '0106', 9),
(2418, '0114', 3),
(2418, '0115', 1),
(2418, '0122', 7),
(2418, '0128', 5),
(2418, '0131', 9),
(2418, '0194', 3),
(2418, '1021', 9),
(2418, '1234', 3),
(2418, '1236', 9),
(2418, '1241', 9),
(2419, '0201', 10),
(2419, '0206', 5),
(2419, '0212', 9),
(2419, '0214', 7),
(2419, '0215', 6),
(2419, '0218', 3),
(2419, '0222', 9),
(2419, '0233', 8),
(2419, '0235', 6),
(2419, '0294', 7),
(2419, '2008', 3),
(2419, '2243', 8),
(2420, '0201', 1),
(2420, '0206', 1),
(2420, '0212', 1),
(2420, '0214', 1),
(2420, '0215', 1),
(2420, '0222', 1),
(2420, '0234', 1),
(2420, '0236', 1),
(2420, '0294', 1),
(2420, '2008', 1),
(2420, '2233', 1),
(2420, '2243', 1),
(2422, '0201', 3),
(2422, '0206', 3),
(2422, '0212', 5),
(2422, '0215', 1),
(2422, '0222', 5),
(2422, '0275', 1),
(2422, '0294', 9),
(2422, '2189', 9),
(2422, '2236', 3),
(2422, '2237', 5),
(2422, '2243', 7),
(2422, '2262', 5),
(2423, '0201', 4),
(2423, '0204', 3),
(2423, '0206', 9),
(2423, '0212', 7),
(2423, '0214', 3),
(2423, '0215', 6),
(2423, '0222', 7),
(2423, '0275', 6),
(2423, '0292', 7),
(2423, '0294', 3),
(2423, '2189', 8),
(2423, '2236', 9),
(2423, '2237', 2),
(2423, '2243', 10),
(2423, '2262', 7),
(2424, '1102', 9),
(2424, '1315', 1),
(2424, '1348', 3),
(2424, '1997', 9),
(2425, '1102', 1),
(2425, '1315', 6),
(2425, '1997', 6),
(2426, '0104', 5),
(2426, '0106', 7),
(2426, '1102', 3),
(2426, '1362', 3),
(2426, '1363', 9),
(2426, '1364', 5),
(2426, '1365', 1),
(2426, '1591', 7),
(2427, '1102', 5),
(2427, '1362', 5),
(2427, '1363', 2),
(2427, '1364', 9),
(2427, '1365', 6),
(2427, '1367', 10),
(2427, '1591', 8),
(2430, '2102', 1),
(2430, '2107', 1),
(2430, '2197', 1),
(2430, '2377', 1),
(2430, '2587', 1),
(2430, '2589', 1),
(2431, '0506', 7),
(2431, '0518', 9),
(2431, '0520', 1),
(2431, '5010', 1),
(2431, '5023', 4),
(2431, '5024', 5),
(2431, '5025', 6),
(2431, '5080', 1),
(2431, '5287', 8),
(2432, '0518', 7),
(2432, '0520', 1),
(2432, '0522', 5),
(2432, '5010', 1),
(2432, '5023', 7),
(2432, '5024', 9),
(2432, '5025', 1),
(2432, '5080', 1),
(2432, '5287', 5),
(2433, '1102', 7),
(2433, '1479', 8),
(2433, '1601', 4),
(2433, '1602', 7),
(2433, '1604', 3),
(2434, '1102', 9),
(2434, '1440', 1),
(2434, '1479', 7),
(2434, '1601', 5),
(2434, '1602', 9),
(2434, '1604', 7),
(2435, '2603', 6),
(2435, '2605', 6),
(2435, '2606', 1),
(2438, '0124', 3),
(2438, '0128', 5),
(2438, '0131', 9),
(2438, '0194', 3),
(2438, '1234', 3),
(2439, '0118', 3),
(2439, '0128', 3),
(2439, '0131', 10),
(2439, '0194', 7),
(2439, '1232', 9),
(2440, '0201', 1),
(2440, '0206', 1),
(2440, '0233', 1),
(2440, '0294', 1),
(2440, '2008', 1),
(2440, '2243', 1),
(2441, '0101', 2),
(2441, '0104', 5),
(2441, '0106', 7),
(2441, '0113', 4),
(2441, '0118', 9),
(2441, '0121', 2),
(2441, '3771', 2),
(2442, '0506', 3),
(2442, '5009', 9),
(2442, '5010', 1),
(2442, '5013', 7),
(2442, '5022', 5),
(2442, '5080', 1),
(2442, '5097', 5),
(2442, '5286', 3),
(2443, '0104', 3),
(2443, '0106', 9),
(2443, '1102', 7),
(2443, '1188', 5),
(2443, '1591', 4),
(2444, '0106', 5),
(2444, '1102', 9),
(2444, '1188', 3),
(2444, '1591', 5),
(2445, '1102', 1),
(2445, '1479', 6),
(2445, '1601', 6),
(2445, '1602', 1),
(2447, '2603', 2),
(2447, '2604', 9),
(2447, '2605', 6),
(2448, '1607', 7),
(2448, '1609', 3),
(2448, '1611', 9),
(2448, '1612', 7),
(2454, '0301', 5),
(2454, '0306', 5),
(2454, '0310', 1),
(2454, '0311', 5),
(2454, '0313', 3),
(2454, '0315', 1),
(2454, '0318', 3),
(2454, '0321', 5),
(2454, '0322', 9),
(2454, '0331', 5),
(2454, '0390', 1),
(2455, '0301', 6),
(2455, '0306', 1),
(2455, '0310', 1),
(2455, '0311', 6),
(2455, '0315', 6),
(2455, '0318', 1),
(2455, '0321', 6),
(2455, '0322', 1),
(2455, '0390', 1),
(2455, '3355', 6),
(2455, '3761', 6),
(2457, '0304', 9),
(2457, '0306', 3),
(2457, '0310', 1),
(2457, '0313', 2),
(2457, '0314', 9),
(2457, '0315', 6),
(2457, '0318', 7),
(2457, '0322', 5),
(2457, '0390', 1),
(2457, '0394', 9),
(2457, '3355', 6),
(2458, '0401', 9),
(2458, '0405', 1),
(2458, '0406', 9),
(2458, '0413', 5),
(2458, '0414', 3),
(2458, '0415', 1),
(2458, '0419', 3),
(2458, '0422', 7),
(2458, '0431', 9),
(2458, '0432', 7),
(2458, '0489', 3),
(2458, '4232', 7),
(2458, '4745', 1),
(2465, '0101', 6),
(2465, '0106', 1),
(2465, '0114', 1),
(2465, '0115', 6),
(2465, '0122', 1),
(2465, '0124', 1),
(2465, '0126', 1),
(2465, '0128', 1),
(2465, '0131', 6),
(2465, '0194', 1),
(2465, '1234', 1),
(2465, '1241', 6),
(2466, '0101', 7),
(2466, '0106', 7),
(2466, '0114', 5),
(2466, '0122', 3),
(2466, '0128', 9),
(2466, '0131', 7),
(2466, '0194', 5),
(2466, '1021', 7),
(2466, '1234', 5),
(2466, '1236', 7),
(2467, '0101', 8),
(2467, '0106', 3),
(2467, '0114', 9),
(2467, '0115', 6),
(2467, '0122', 5),
(2467, '0128', 7),
(2467, '0131', 8),
(2467, '0194', 9),
(2467, '1021', 8),
(2467, '1234', 9),
(2467, '1236', 3),
(2467, '1241', 8),
(2469, '0201', 10),
(2469, '0206', 5),
(2469, '0212', 9),
(2469, '0214', 7),
(2469, '0215', 6),
(2469, '0222', 9),
(2469, '0234', 7),
(2469, '0236', 5),
(2469, '0294', 7),
(2469, '2008', 3),
(2469, '2233', 8),
(2469, '2243', 8),
(2471, '0201', 2),
(2471, '0206', 7),
(2471, '0212', 3),
(2471, '0215', 6),
(2471, '0222', 3),
(2471, '0275', 6),
(2471, '0294', 5),
(2471, '2189', 10),
(2471, '2236', 7),
(2471, '2237', 8),
(2471, '2243', 4),
(2471, '2262', 3),
(2472, '0201', 3),
(2472, '0204', 9),
(2472, '0206', 3),
(2472, '0212', 5),
(2472, '0214', 9),
(2472, '0215', 1),
(2472, '0222', 5),
(2472, '0275', 1),
(2472, '0292', 5),
(2472, '0294', 9),
(2472, '2189', 9),
(2472, '2236', 3),
(2472, '2237', 5),
(2472, '2243', 7),
(2472, '2262', 5),
(2473, '1102', 7),
(2473, '1315', 6),
(2473, '1348', 5),
(2473, '1997', 2),
(2474, '1102', 9),
(2474, '1315', 1),
(2474, '1348', 3),
(2474, '1997', 9),
(2475, '0104', 1),
(2475, '0106', 1),
(2475, '1102', 1),
(2475, '1362', 1),
(2475, '1363', 6),
(2475, '1364', 1),
(2475, '1365', 6),
(2475, '1367', 6),
(2475, '1591', 6),
(2477, '2377', 10),
(2479, '2102', 9),
(2479, '2107', 4),
(2479, '2197', 4),
(2479, '2377', 4),
(2479, '2587', 4),
(2479, '2589', 2),
(2480, '0506', 1),
(2480, '0518', 1),
(2480, '0520', 1),
(2480, '0522', 1),
(2480, '5010', 1),
(2480, '5024', 1),
(2480, '5025', 1),
(2480, '5080', 1),
(2480, '5287', 1),
(2482, '1102', 5),
(2482, '1440', 1),
(2482, '1479', 9),
(2482, '1602', 5),
(2482, '1604', 9),
(2485, '1102', 1),
(2485, '1607', 6),
(2485, '1608', 1),
(2485, '1609', 6),
(2485, '1610', 1),
(2485, '1611', 6),
(2485, '1612', 1),
(2486, '2377', 3),
(2489, '0201', 10),
(2489, '0206', 5),
(2489, '0233', 8),
(2489, '0294', 7),
(2489, '2008', 3),
(2489, '2243', 8),
(2492, '0104', 9),
(2492, '0106', 3),
(2492, '1102', 5),
(2492, '1188', 7),
(2492, '1591', 3),
(2493, '0106', 9),
(2493, '1102', 7),
(2493, '1188', 5),
(2493, '1591', 4),
(2494, '1102', 9),
(2494, '1479', 7),
(2494, '1601', 5),
(2494, '1602', 9),
(2495, '1440', 1),
(2495, '1479', 6),
(2495, '1601', 6),
(2495, '1602', 1),
(2496, '2603', 9),
(2496, '2604', 5),
(2496, '2605', 1),
(2497, '1607', 10),
(2497, '1609', 4),
(2497, '1611', 8),
(2497, '1612', 5),
(2499, '0101', 10),
(2499, '0106', 5),
(2499, '0110', 1),
(2499, '0111', 10),
(2499, '0113', 8),
(2499, '0114', 7),
(2499, '0115', 6),
(2499, '0118', 3),
(2499, '0121', 10),
(2499, '0122', 9),
(2499, '0190', 1),
(2499, '0194', 7),
(2499, '1355', 6),
(2499, '1761', 10),
(2501, '0301', 2),
(2501, '0306', 7),
(2501, '0310', 1),
(2501, '0311', 2),
(2501, '0313', 4),
(2501, '0314', 5),
(2501, '0315', 6),
(2501, '0318', 9),
(2501, '0321', 2),
(2501, '0322', 3),
(2501, '0390', 1),
(2501, '0394', 5),
(2502, '0301', 3),
(2502, '0310', 1),
(2502, '0311', 3),
(2502, '0313', 7),
(2502, '0314', 9),
(2502, '0315', 1),
(2502, '0318', 7),
(2502, '0321', 3),
(2502, '0322', 5),
(2502, '0331', 3),
(2502, '0390', 1),
(2503, '0301', 4),
(2503, '0304', 3),
(2503, '0306', 9),
(2503, '0310', 1),
(2503, '0311', 4),
(2503, '0313', 10),
(2503, '0314', 3),
(2503, '0318', 5),
(2503, '0321', 4),
(2503, '0322', 7),
(2503, '0331', 4),
(2503, '0390', 1),
(2505, '0301', 6),
(2505, '0306', 1),
(2505, '0310', 1),
(2505, '0311', 6),
(2505, '0314', 1),
(2505, '0318', 1),
(2505, '0321', 6),
(2505, '0322', 1),
(2505, '0390', 1),
(2505, '3761', 6),
(2506, '0301', 7),
(2506, '0304', 5),
(2506, '0306', 7),
(2506, '0310', 1),
(2506, '0311', 7),
(2506, '0313', 9),
(2506, '0314', 5),
(2506, '0315', 1),
(2506, '0318', 9),
(2506, '0321', 7),
(2506, '0390', 1),
(2506, '0394', 5),
(2506, '3355', 1),
(2506, '3761', 7),
(2509, '0401', 10),
(2509, '0405', 6),
(2509, '0406', 5),
(2509, '0410', 1),
(2509, '0411', 10),
(2509, '0413', 8),
(2509, '0414', 7),
(2509, '0415', 6),
(2509, '0418', 3),
(2509, '0422', 9),
(2509, '0431', 10),
(2509, '0489', 2),
(2509, '0494', 7),
(2509, '0495', 6),
(2511, '0401', 2),
(2511, '0405', 6),
(2511, '0406', 7),
(2511, '0413', 4),
(2511, '0414', 5),
(2511, '0415', 6),
(2511, '0418', 9),
(2511, '0422', 3),
(2511, '0431', 2),
(2511, '0489', 10),
(2511, '0494', 5),
(2511, '0495', 6),
(2511, '4232', 3),
(2513, '0101', 4),
(2513, '0106', 9),
(2513, '0114', 3),
(2513, '0115', 6),
(2513, '0118', 5),
(2513, '0122', 7),
(2513, '0128', 5),
(2513, '0131', 4),
(2513, '0132', 7),
(2513, '0191', 4),
(2513, '0194', 3),
(2513, '1232', 7),
(2515, '0101', 6),
(2515, '0106', 1),
(2515, '0114', 1),
(2515, '0122', 1),
(2515, '0128', 1),
(2515, '0131', 6),
(2515, '0194', 1),
(2515, '1021', 6),
(2515, '1234', 1),
(2515, '1236', 1),
(2520, '0201', 1),
(2520, '0206', 1),
(2520, '0212', 1),
(2520, '0215', 1),
(2520, '0222', 1),
(2520, '0275', 1),
(2520, '0294', 1),
(2520, '2189', 1),
(2520, '2236', 1),
(2520, '2237', 1),
(2520, '2243', 1),
(2520, '2262', 1),
(2522, '1102', 5),
(2522, '1315', 1),
(2522, '1348', 7),
(2522, '1997', 5),
(2523, '1102', 7),
(2523, '1315', 6),
(2523, '1348', 5),
(2523, '1997', 2),
(2528, '2102', 7),
(2528, '2107', 7),
(2528, '2197', 7),
(2528, '2377', 7),
(2528, '2587', 7),
(2528, '2589', 3),
(2529, '0506', 5),
(2529, '0518', 3),
(2529, '0520', 1),
(2529, '0522', 9),
(2529, '5010', 1),
(2529, '5023', 8),
(2529, '5025', 6),
(2529, '5080', 1),
(2529, '5287', 4),
(2531, '1440', 1),
(2531, '1479', 10),
(2531, '1601', 2),
(2531, '1604', 5),
(2534, '1102', 9),
(2534, '1607', 9),
(2534, '1608', 3),
(2534, '1609', 7),
(2534, '1610', 1),
(2534, '1611', 5),
(2534, '1612', 9),
(2536, '0124', 5),
(2536, '0128', 9),
(2536, '0131', 7),
(2536, '0194', 5),
(2536, '1234', 5),
(2537, '0118', 7),
(2537, '0128', 7),
(2537, '0131', 8),
(2537, '0194', 9),
(2537, '1232', 5),
(2539, '0101', 10),
(2539, '0104', 7),
(2539, '0106', 5),
(2539, '0113', 8),
(2539, '0118', 3),
(2539, '0121', 10),
(2539, '3771', 10),
(2540, '0506', 1),
(2540, '5009', 1),
(2540, '5010', 1),
(2540, '5013', 1),
(2540, '5022', 1),
(2540, '5080', 1),
(2540, '5097', 1),
(2540, '5286', 1),
(2541, '0104', 5),
(2541, '0106', 7),
(2541, '1102', 3),
(2541, '1188', 9),
(2541, '1591', 2),
(2542, '0106', 3),
(2542, '1102', 5),
(2542, '1188', 7),
(2542, '1591', 3),
(2543, '1102', 7),
(2543, '1479', 8),
(2543, '1601', 4),
(2543, '1602', 7),
(2545, '2603', 6),
(2545, '2604', 1),
(2545, '2605', 6),
(2549, '0201', 10),
(2549, '0206', 5),
(2549, '0210', 1),
(2549, '0211', 10),
(2549, '0213', 8),
(2549, '0214', 7),
(2549, '0215', 6),
(2549, '0218', 3),
(2549, '0221', 10),
(2549, '0222', 9),
(2549, '0290', 1),
(2549, '0294', 7),
(2549, '2355', 6),
(2549, '2761', 10),
(2554, '0301', 5),
(2554, '0306', 5),
(2554, '0310', 1),
(2554, '0311', 5),
(2554, '0313', 3),
(2554, '0318', 3),
(2554, '0321', 5),
(2554, '0322', 9),
(2554, '0390', 1),
(2554, '3761', 5),
(2559, '0113', 8),
(2559, '0401', 10),
(2559, '0404', 7),
(2559, '0405', 6),
(2559, '0406', 5),
(2559, '0410', 1),
(2559, '0411', 10),
(2559, '0413', 8),
(2559, '0414', 7),
(2559, '0415', 6),
(2559, '0418', 3),
(2559, '0422', 9),
(2559, '0464', 7),
(2559, '0489', 2),
(2559, '4480', 1),
(2559, '4481', 10),
(2560, '0401', 1),
(2560, '0405', 1),
(2560, '0406', 1),
(2560, '0413', 1),
(2560, '0414', 1),
(2560, '0415', 1),
(2560, '0418', 1),
(2560, '0422', 1),
(2560, '0431', 1),
(2560, '0489', 1),
(2560, '0494', 1),
(2560, '0495', 1),
(2560, '4232', 1),
(2561, '0101', 2),
(2561, '0106', 7),
(2561, '0114', 5),
(2561, '0118', 9),
(2561, '0122', 3),
(2561, '0128', 9),
(2561, '0131', 2),
(2561, '0132', 3),
(2561, '0194', 5),
(2561, '1232', 3),
(2563, '0101', 4),
(2563, '0106', 9),
(2563, '0114', 3),
(2563, '0115', 6),
(2563, '0122', 7),
(2563, '0124', 3),
(2563, '0126', 9),
(2563, '0128', 5),
(2563, '0131', 4),
(2563, '0194', 3),
(2563, '1234', 3),
(2563, '1241', 4),
(2564, '0101', 5),
(2564, '0106', 5),
(2564, '0114', 7),
(2564, '0122', 9),
(2564, '0128', 3),
(2564, '0131', 5),
(2564, '0194', 7),
(2564, '1021', 5),
(2564, '1234', 7),
(2564, '1236', 5),
(2569, '0201', 10),
(2569, '0206', 5),
(2569, '0212', 9),
(2569, '0215', 6),
(2569, '0222', 9),
(2569, '0275', 6),
(2569, '0294', 7),
(2569, '2189', 2),
(2569, '2236', 5),
(2569, '2237', 4),
(2569, '2243', 8),
(2569, '2262', 9),
(2572, '1102', 5),
(2572, '1315', 1),
(2572, '1348', 7),
(2572, '1997', 5),
(2573, '0104', 3),
(2573, '0106', 9),
(2573, '1102', 7),
(2573, '1362', 7),
(2573, '1363', 10),
(2573, '1364', 3),
(2573, '1365', 6),
(2573, '1367', 2),
(2573, '1591', 4),
(2574, '0106', 5),
(2574, '1102', 9),
(2574, '1362', 9),
(2574, '1363', 3),
(2574, '1364', 7),
(2574, '1365', 1),
(2574, '1367', 9),
(2574, '1591', 5),
(2576, '0104', 5),
(2576, '0106', 7),
(2576, '1188', 9),
(2576, '1588', 9),
(2576, '1591', 7),
(2576, '1993', 9),
(2577, '2102', 5),
(2577, '2107', 10),
(2577, '2197', 10),
(2577, '2377', 10),
(2577, '2587', 10),
(2577, '2589', 4),
(2583, '1102', 7),
(2583, '1607', 2),
(2583, '1608', 5),
(2583, '1609', 8),
(2583, '1611', 4),
(2583, '1612', 7),
(2584, '2377', 9),
(2585, '0124', 1),
(2585, '0128', 1),
(2585, '0131', 6),
(2585, '0194', 1),
(2585, '1234', 1),
(2586, '0118', 9),
(2586, '0128', 9),
(2586, '0131', 7),
(2586, '0194', 5),
(2586, '1232', 3),
(2587, '0201', 8),
(2587, '0206', 3),
(2587, '0233', 2),
(2587, '0294', 9),
(2587, '2008', 7),
(2587, '2243', 2),
(2590, '0104', 1),
(2590, '0106', 1),
(2590, '1102', 1),
(2590, '1188', 1),
(2590, '1591', 1),
(2591, '0106', 7),
(2591, '1102', 3),
(2591, '1188', 9),
(2591, '1591', 2),
(2593, '1440', 1),
(2593, '1479', 8),
(2593, '1601', 4),
(2593, '1602', 7),
(2594, '2603', 3),
(2594, '2604', 7),
(2594, '2605', 1),
(2595, '1607', 6),
(2595, '1609', 6),
(2595, '1611', 6),
(2595, '1612', 1),
(2596, '1102', 3),
(2596, '1608', 9),
(2596, '2610', 1),
(2597, '0101', 8),
(2597, '0106', 3),
(2597, '0110', 1),
(2597, '0111', 8),
(2597, '0113', 2),
(2597, '0114', 9),
(2597, '0115', 6),
(2597, '0118', 7),
(2597, '0121', 8),
(2597, '0122', 5),
(2597, '0190', 1),
(2597, '0194', 9),
(2597, '1355', 6),
(2597, '1761', 8),
(2600, '0301', 1),
(2600, '0306', 1),
(2600, '0310', 1),
(2600, '0311', 1),
(2600, '0313', 1),
(2600, '0314', 1),
(2600, '0315', 1),
(2600, '0321', 1),
(2600, '0322', 1),
(2600, '0331', 1),
(2600, '0390', 1),
(2602, '0301', 3),
(2602, '0310', 1),
(2602, '0311', 3),
(2602, '0313', 7),
(2602, '0315', 1),
(2602, '0318', 7),
(2602, '0321', 3),
(2602, '0322', 5),
(2602, '0390', 1),
(2602, '3355', 1),
(2602, '3761', 3),
(2603, '0301', 4),
(2603, '0306', 9),
(2603, '0310', 1),
(2603, '0311', 4),
(2603, '0313', 10),
(2603, '0314', 3),
(2603, '0318', 5),
(2603, '0321', 4),
(2603, '0322', 7),
(2603, '0390', 1),
(2603, '3761', 4),
(2606, '0401', 7),
(2606, '0404', 5),
(2606, '0405', 1),
(2606, '0406', 7),
(2606, '0413', 9),
(2606, '0414', 5),
(2606, '0415', 1),
(2606, '0419', 5),
(2606, '0431', 7),
(2606, '0489', 5),
(2606, '0490', 1),
(2606, '0494', 5),
(2606, '4745', 1),
(2607, '0405', 6),
(2607, '0406', 3),
(2607, '0410', 1),
(2607, '0413', 2),
(2607, '0414', 9),
(2607, '0415', 6),
(2607, '0418', 7),
(2607, '0422', 5),
(2607, '0489', 4),
(2607, '0494', 9),
(2607, '0495', 6),
(2610, '0101', 1),
(2610, '0106', 1),
(2610, '0114', 1),
(2610, '0118', 1),
(2610, '0122', 1),
(2610, '0128', 1),
(2610, '0131', 1),
(2610, '0132', 1),
(2610, '0194', 1),
(2610, '1232', 1),
(2612, '0101', 3),
(2612, '0106', 3),
(2612, '0114', 9),
(2612, '0115', 1),
(2612, '0122', 5),
(2612, '0124', 9),
(2612, '0126', 3),
(2612, '0128', 7),
(2612, '0131', 3),
(2612, '0194', 9),
(2612, '1234', 9),
(2612, '1241', 3),
(2613, '0101', 4),
(2613, '0106', 9),
(2613, '0114', 3),
(2613, '0122', 7),
(2613, '0128', 5),
(2613, '0131', 4),
(2613, '0194', 3),
(2613, '1021', 4),
(2613, '1234', 3),
(2613, '1236', 9),
(2614, '0101', 5),
(2614, '0106', 5),
(2614, '0114', 7),
(2614, '0115', 1),
(2614, '0122', 9),
(2614, '0128', 3),
(2614, '0131', 5),
(2614, '0194', 7),
(2614, '1021', 5),
(2614, '1234', 7),
(2614, '1236', 5),
(2614, '1241', 5),
(2616, '0201', 7),
(2616, '0206', 7),
(2616, '0212', 3),
(2616, '0214', 5),
(2616, '0215', 1),
(2616, '0222', 3),
(2616, '0234', 5),
(2616, '0236', 7),
(2616, '0294', 5),
(2616, '2008', 9),
(2616, '2233', 9),
(2616, '2243', 9),
(2617, '0201', 8),
(2617, '0206', 3),
(2617, '0212', 5),
(2617, '0214', 9),
(2617, '0215', 6),
(2617, '0222', 5),
(2617, '0234', 9),
(2617, '0236', 3),
(2617, '0238', 7),
(2617, '0294', 9),
(2617, '2233', 2),
(2617, '2249', 4),
(2625, '0104', 1),
(2625, '0106', 1),
(2625, '1367', 6),
(2625, '1591', 6),
(2625, '1993', 6),
(2626, '2102', 3),
(2626, '2589', 5),
(2628, '0518', 5),
(2628, '0520', 1),
(2628, '0522', 7),
(2628, '5010', 1),
(2628, '5023', 5),
(2628, '5024', 3),
(2628, '5080', 1),
(2628, '5287', 7),
(2629, '1102', 9),
(2629, '1440', 1),
(2629, '1479', 2),
(2629, '1601', 10),
(2629, '1602', 9),
(2630, '1102', 1),
(2630, '1440', 1),
(2630, '1479', 1),
(2630, '1601', 1),
(2630, '1602', 1),
(2630, '1604', 1),
(2632, '1102', 5),
(2632, '1607', 5),
(2632, '1608', 7),
(2632, '1609', 9),
(2632, '1610', 1),
(2632, '1612', 5),
(2633, '2377', 2),
(2634, '0124', 7),
(2634, '0128', 3),
(2634, '0131', 5),
(2634, '0194', 7),
(2634, '1234', 7),
(2639, '0104', 7),
(2639, '0106', 5),
(2639, '1102', 9),
(2639, '1188', 3),
(2639, '1591', 10),
(2640, '0106', 1),
(2640, '1102', 1),
(2640, '1188', 1),
(2640, '1591', 1),
(2641, '1102', 3),
(2641, '1479', 10),
(2641, '1601', 2),
(2641, '1602', 3),
(2642, '1440', 1),
(2642, '1479', 9),
(2642, '1601', 3),
(2642, '1602', 5),
(2643, '2603', 10),
(2643, '2604', 3),
(2643, '2605', 6),
(2647, '0201', 8),
(2647, '0206', 3),
(2647, '0210', 1),
(2647, '0211', 8),
(2647, '0213', 2),
(2647, '0214', 9),
(2647, '0215', 6),
(2647, '0218', 7),
(2647, '0221', 8),
(2647, '0222', 5),
(2647, '0290', 1),
(2647, '0294', 9),
(2647, '2355', 6),
(2647, '2761', 8),
(2649, '0301', 10),
(2649, '0306', 5),
(2649, '0310', 1),
(2649, '0311', 10),
(2649, '0313', 8),
(2649, '0314', 7),
(2649, '0315', 6),
(2649, '0318', 3),
(2649, '0321', 10),
(2649, '0322', 9),
(2649, '0331', 10),
(2649, '0390', 1),
(2650, '0301', 1),
(2650, '0304', 1),
(2650, '0306', 1),
(2650, '0310', 1),
(2650, '0311', 1),
(2650, '0313', 1),
(2650, '0314', 1),
(2650, '0315', 1),
(2650, '0321', 1),
(2650, '0322', 1),
(2650, '0331', 1),
(2650, '0390', 1),
(2651, '0301', 2),
(2651, '0306', 7),
(2651, '0310', 1),
(2651, '0311', 2),
(2651, '0313', 4),
(2651, '0315', 6),
(2651, '0318', 9),
(2651, '0321', 2),
(2651, '0322', 3),
(2651, '0390', 1),
(2651, '3355', 6),
(2651, '3761', 2),
(2654, '0401', 5),
(2654, '0405', 1),
(2654, '0406', 5),
(2654, '0413', 3),
(2654, '0415', 1),
(2654, '0419', 7),
(2654, '0422', 9),
(2654, '0431', 5),
(2654, '0432', 9),
(2654, '0489', 7),
(2654, '4232', 9),
(2654, '4745', 1),
(2655, '0401', 6),
(2655, '0404', 1),
(2655, '0405', 6),
(2655, '0406', 1),
(2655, '0414', 1),
(2655, '0415', 6),
(2655, '0419', 6),
(2655, '0422', 1),
(2655, '0431', 6),
(2655, '0432', 1),
(2655, '0489', 6),
(2655, '0490', 1),
(2655, '0494', 1),
(2655, '4232', 1),
(2655, '4745', 6),
(2659, '0101', 10),
(2659, '0106', 5),
(2659, '0114', 7),
(2659, '0118', 3),
(2659, '0122', 9),
(2659, '0128', 3),
(2659, '0131', 10),
(2659, '0132', 9),
(2659, '0194', 7),
(2659, '1232', 9),
(2660, '0101', 1),
(2660, '0106', 1),
(2660, '0114', 1),
(2660, '0115', 1),
(2660, '0118', 1),
(2660, '0122', 1),
(2660, '0128', 1),
(2660, '0131', 1),
(2660, '0132', 1),
(2660, '0191', 1),
(2660, '0194', 1),
(2660, '1232', 1),
(2662, '0101', 3),
(2662, '0106', 3),
(2662, '0114', 9),
(2662, '0122', 5),
(2662, '0128', 7),
(2662, '0131', 3),
(2662, '0194', 9),
(2662, '1021', 3),
(2662, '1234', 9),
(2662, '1236', 3),
(2668, '0201', 9),
(2668, '0204', 3),
(2668, '0206', 9),
(2668, '0212', 7),
(2668, '0214', 3),
(2668, '0215', 1),
(2668, '0222', 7),
(2668, '0275', 1),
(2668, '0292', 7),
(2668, '0294', 3),
(2668, '2189', 3),
(2668, '2236', 9),
(2668, '2237', 7),
(2668, '2243', 5),
(2668, '2262', 7),
(2669, '1102', 9),
(2669, '1315', 6),
(2669, '1348', 3),
(2669, '1997', 4),
(2670, '1102', 1),
(2670, '1315', 1),
(2670, '1348', 1),
(2670, '1997', 1),
(2673, '2377', 2),
(2675, '2102', 1),
(2675, '2107', 6),
(2675, '2197', 6),
(2675, '2377', 6),
(2675, '2587', 6),
(2675, '2589', 6),
(2678, '1102', 7),
(2678, '1440', 1),
(2678, '1479', 3),
(2678, '1601', 9),
(2678, '1602', 7),
(2678, '1604', 3),
(2679, '1102', 9),
(2679, '1440', 1),
(2679, '1479', 2),
(2679, '1601', 10),
(2679, '1602', 9),
(2680, '2605', 1),
(2680, '2606', 1),
(2681, '1607', 8),
(2681, '1608', 9),
(2681, '1609', 10),
(2681, '1610', 1),
(2681, '1611', 2),
(2685, '0201', 6),
(2685, '0206', 1),
(2685, '0233', 6),
(2685, '0294', 1),
(2685, '2008', 1),
(2685, '2243', 6),
(2689, '0106', 5),
(2689, '1102', 9),
(2689, '1188', 3),
(2689, '1591', 10),
(2691, '1440', 1),
(2691, '1479', 10),
(2691, '1601', 2),
(2691, '1602', 3),
(2692, '2603', 7),
(2692, '2604', 9),
(2692, '2605', 1),
(2696, '0201', 7),
(2696, '0206', 7),
(2696, '0210', 1),
(2696, '0211', 7),
(2696, '0213', 9),
(2696, '0214', 5),
(2696, '0215', 1),
(2696, '0218', 9),
(2696, '0221', 7),
(2696, '0222', 3),
(2696, '0290', 1),
(2696, '0294', 5),
(2696, '2355', 1),
(2696, '2761', 7),
(2700, '0301', 1),
(2700, '0306', 1),
(2700, '0310', 1),
(2700, '0311', 1),
(2700, '0313', 1),
(2700, '0315', 1),
(2700, '0321', 1),
(2700, '0322', 1),
(2700, '0390', 1),
(2700, '3355', 1),
(2700, '3761', 1),
(2704, '0401', 5),
(2704, '0405', 1),
(2704, '0406', 5),
(2704, '0413', 3),
(2704, '0415', 1),
(2704, '0419', 7),
(2704, '0422', 9),
(2704, '0431', 5),
(2704, '0432', 9),
(2704, '0489', 7),
(2704, '0490', 1),
(2704, '4232', 9),
(2704, '4745', 1),
(2706, '0113', 9),
(2706, '0401', 7),
(2706, '0404', 5),
(2706, '0405', 1),
(2706, '0406', 7),
(2706, '0410', 1),
(2706, '0411', 7),
(2706, '0413', 9),
(2706, '0414', 5),
(2706, '0415', 1),
(2706, '0418', 9),
(2706, '0464', 5),
(2706, '0489', 5),
(2706, '4480', 1),
(2706, '4481', 7),
(2707, '0405', 6),
(2707, '0406', 3),
(2707, '0413', 2),
(2707, '0414', 9),
(2707, '0415', 6),
(2707, '0418', 7),
(2707, '0422', 5),
(2707, '0489', 4),
(2707, '0494', 9),
(2707, '0495', 6),
(2707, '4232', 5),
(2708, '0101', 9),
(2708, '0106', 9),
(2708, '0114', 3),
(2708, '0118', 5),
(2708, '0122', 7),
(2708, '0128', 5),
(2708, '0131', 9),
(2708, '0132', 7),
(2708, '0194', 3),
(2708, '1232', 7),
(2709, '0101', 10),
(2709, '0106', 5),
(2709, '0114', 7),
(2709, '0115', 6),
(2709, '0118', 3),
(2709, '0122', 9),
(2709, '0128', 3),
(2709, '0131', 10),
(2709, '0132', 9),
(2709, '0191', 10),
(2709, '0194', 7),
(2709, '1232', 9),
(2710, '0101', 1),
(2710, '0106', 1),
(2710, '0114', 1),
(2710, '0115', 1),
(2710, '0122', 1),
(2710, '0124', 1),
(2710, '0126', 1),
(2710, '0128', 1),
(2710, '0131', 1),
(2710, '0194', 1),
(2710, '1234', 1),
(2710, '1241', 1),
(2712, '0101', 3),
(2712, '0106', 3),
(2712, '0114', 9),
(2712, '0115', 1),
(2712, '0122', 5),
(2712, '0128', 7),
(2712, '0131', 3),
(2712, '0194', 9),
(2712, '1021', 3),
(2712, '1234', 9),
(2712, '1236', 3),
(2712, '1241', 3),
(2713, '0201', 4),
(2713, '0206', 9),
(2713, '0212', 7),
(2713, '0214', 3),
(2713, '0215', 6),
(2713, '0218', 5),
(2713, '0222', 7),
(2713, '0233', 10),
(2713, '0235', 6),
(2713, '0294', 3),
(2713, '2008', 5),
(2713, '2243', 10),
(2717, '0201', 8),
(2717, '0204', 9),
(2717, '0206', 3),
(2717, '0212', 5),
(2717, '0214', 9),
(2717, '0215', 6),
(2717, '0222', 5),
(2717, '0275', 6),
(2717, '0292', 5),
(2717, '0294', 9),
(2717, '2189', 4),
(2717, '2236', 3),
(2717, '2237', 10),
(2717, '2243', 2),
(2717, '2262', 5),
(2718, '1102', 7),
(2718, '1315', 1),
(2718, '1348', 5),
(2718, '1997', 7),
(2723, '0104', 3),
(2723, '0106', 9),
(2723, '1188', 5),
(2723, '1367', 2),
(2723, '1588', 5),
(2723, '1591', 4),
(2723, '1993', 10),
(2725, '0506', 1),
(2725, '0520', 1),
(2725, '0522', 1),
(2725, '5010', 1),
(2725, '5023', 6),
(2725, '5024', 1),
(2725, '5025', 6),
(2725, '5080', 1),
(2725, '5287', 6),
(2729, '2603', 8),
(2729, '2605', 6),
(2729, '2606', 5),
(2731, '2377', 8),
(2738, '0106', 9),
(2738, '1102', 7),
(2738, '1188', 5),
(2738, '1591', 9),
(2739, '1102', 9),
(2739, '1479', 2),
(2739, '1601', 10),
(2739, '1602', 9),
(2741, '2603', 4),
(2741, '2604', 5),
(2741, '2605', 6),
(2748, '0301', 9),
(2748, '0304', 3),
(2748, '0306', 9),
(2748, '0310', 1),
(2748, '0311', 9),
(2748, '0313', 5),
(2748, '0314', 3),
(2748, '0315', 1),
(2748, '0318', 5),
(2748, '0321', 9),
(2748, '0322', 7),
(2748, '0331', 9),
(2748, '0390', 1),
(2749, '0301', 10),
(2749, '0306', 5),
(2749, '0310', 1),
(2749, '0311', 10),
(2749, '0313', 8),
(2749, '0315', 6),
(2749, '0318', 3),
(2749, '0321', 10),
(2749, '0322', 9),
(2749, '0390', 1),
(2749, '3355', 6),
(2749, '3761', 10),
(2750, '0301', 1),
(2750, '0306', 1),
(2750, '0310', 1),
(2750, '0311', 1),
(2750, '0313', 1),
(2750, '0314', 1),
(2750, '0321', 1),
(2750, '0322', 1),
(2750, '0390', 1),
(2750, '3761', 1),
(2753, '0401', 4),
(2753, '0404', 3),
(2753, '0406', 9),
(2753, '0413', 10),
(2753, '0414', 3),
(2753, '0419', 8),
(2753, '0422', 7),
(2753, '0431', 4),
(2753, '0432', 7),
(2753, '0489', 8),
(2753, '0490', 1),
(2753, '0494', 3),
(2753, '4232', 7),
(2757, '0106', 3),
(2757, '0114', 9),
(2757, '0118', 7),
(2757, '0122', 5),
(2757, '0128', 7),
(2757, '0132', 5),
(2757, '0194', 9),
(2757, '1232', 5),
(2759, '0101', 10),
(2759, '0106', 5),
(2759, '0114', 7),
(2759, '0115', 6),
(2759, '0122', 9),
(2759, '0124', 7),
(2759, '0126', 5),
(2759, '0128', 3),
(2759, '0131', 10),
(2759, '0194', 7),
(2759, '1234', 7),
(2759, '1241', 10),
(2774, '0506', 5),
(2774, '0518', 3),
(2774, '0520', 1),
(2774, '0522', 9),
(2774, '5010', 1),
(2774, '5023', 3),
(2774, '5024', 7),
(2774, '5025', 1),
(2774, '5080', 1),
(2774, '5287', 9),
(2775, '0520', 1),
(2775, '0522', 1),
(2775, '5010', 1),
(2775, '5023', 6),
(2775, '5024', 1),
(2775, '5025', 6),
(2775, '5080', 1),
(2775, '5287', 6),
(2776, '1102', 3),
(2776, '1440', 1),
(2776, '1479', 5),
(2776, '1601', 7),
(2776, '1602', 3),
(2776, '1604', 5),
(2778, '2603', 5),
(2778, '2606', 9),
(2779, '1102', 9),
(2779, '1607', 4),
(2779, '1608', 3),
(2779, '1609', 2),
(2779, '1610', 1),
(2779, '1611', 10),
(2779, '1612', 9),
(2781, '0124', 5),
(2781, '0128', 9),
(2781, '0131', 2),
(2781, '0194', 5),
(2781, '1234', 5),
(2782, '0118', 7),
(2782, '0128', 7),
(2782, '0194', 9),
(2782, '1232', 5),
(2784, '0101', 5),
(2784, '0104', 7),
(2784, '0106', 5),
(2784, '0113', 3),
(2784, '0118', 3),
(2784, '0121', 5),
(2784, '3771', 5),
(2787, '0106', 3),
(2787, '1102', 5),
(2787, '1188', 7),
(2787, '1591', 8),
(2788, '1102', 7),
(2788, '1479', 3),
(2788, '1601', 9),
(2788, '1602', 7),
(2789, '1440', 1),
(2789, '1479', 2),
(2789, '1601', 10),
(2789, '1602', 9),
(2790, '2603', 1),
(2790, '2604', 1),
(2790, '2605', 1),
(2791, '1607', 8),
(2791, '1609', 10),
(2791, '1611', 2),
(2791, '1612', 3),
(2792, '1102', 5),
(2792, '1608', 7),
(2792, '2610', 1),
(2793, '0101', 4),
(2793, '0106', 9),
(2793, '0110', 1),
(2793, '0111', 4),
(2793, '0113', 10),
(2793, '0114', 3),
(2793, '0115', 6),
(2793, '0118', 5),
(2793, '0121', 4),
(2793, '0122', 7),
(2793, '0190', 1),
(2793, '0194', 3),
(2793, '1355', 6),
(2793, '1761', 4),
(2796, '0301', 7),
(2796, '0306', 7),
(2796, '0310', 1),
(2796, '0311', 7),
(2796, '0313', 9),
(2796, '0314', 5),
(2796, '0315', 1),
(2796, '0318', 9),
(2796, '0321', 7),
(2796, '0322', 3),
(2796, '0331', 7),
(2796, '0390', 1),
(2797, '0301', 8),
(2797, '0304', 9),
(2797, '0306', 3),
(2797, '0310', 1),
(2797, '0311', 8),
(2797, '0313', 2),
(2797, '0314', 9),
(2797, '0315', 6),
(2797, '0318', 7),
(2797, '0321', 8),
(2797, '0322', 5),
(2797, '0331', 8),
(2797, '0390', 1),
(2802, '0401', 3),
(2802, '0404', 9),
(2802, '0405', 1),
(2802, '0413', 7),
(2802, '0414', 9),
(2802, '0415', 1),
(2802, '0419', 9),
(2802, '0422', 5),
(2802, '0431', 3),
(2802, '0432', 5),
(2802, '0489', 9),
(2802, '0490', 1),
(2802, '0494', 9),
(2802, '4232', 5),
(2802, '4745', 1),
(2805, '0401', 6),
(2805, '0405', 6),
(2805, '0406', 1),
(2805, '0414', 1),
(2805, '0415', 6),
(2805, '0418', 1),
(2805, '0422', 1),
(2805, '0431', 6),
(2805, '0489', 6),
(2805, '0494', 1),
(2805, '0495', 6),
(2805, '4232', 1),
(2806, '0101', 7),
(2806, '0106', 7),
(2806, '0114', 5),
(2806, '0118', 9),
(2806, '0128', 9),
(2806, '0131', 7),
(2806, '0194', 5),
(2807, '0106', 3),
(2807, '0114', 9),
(2807, '0115', 6),
(2807, '0118', 7),
(2807, '0122', 5),
(2807, '0128', 7),
(2807, '0132', 5),
(2807, '0194', 9),
(2807, '1232', 5),
(2808, '0101', 9),
(2808, '0106', 9),
(2808, '0114', 3),
(2808, '0115', 1),
(2808, '0122', 7),
(2808, '0124', 3),
(2808, '0126', 9),
(2808, '0128', 5),
(2808, '0131', 9),
(2808, '0194', 3),
(2808, '1234', 3),
(2808, '1241', 9),
(2809, '0101', 10),
(2809, '0106', 5),
(2809, '0114', 7),
(2809, '0122', 9),
(2809, '0128', 3),
(2809, '0131', 10),
(2809, '0194', 7),
(2809, '1021', 10),
(2809, '1234', 7),
(2809, '1236', 5),
(2811, '0201', 2),
(2811, '0206', 7),
(2811, '0212', 3),
(2811, '0214', 5),
(2811, '0215', 6),
(2811, '0218', 9),
(2811, '0222', 3),
(2811, '0233', 4),
(2811, '0235', 6),
(2811, '0294', 5),
(2811, '2008', 9),
(2811, '2243', 4),
(2812, '0201', 3),
(2812, '0206', 3),
(2812, '0212', 5),
(2812, '0214', 9),
(2812, '0215', 1),
(2812, '0222', 5),
(2812, '0234', 9),
(2812, '0236', 3),
(2812, '0294', 9),
(2812, '2008', 7),
(2812, '2233', 7),
(2812, '2243', 7),
(2813, '0201', 4),
(2813, '0206', 9),
(2813, '0212', 7),
(2813, '0214', 3),
(2813, '0215', 6),
(2813, '0222', 7),
(2813, '0234', 3),
(2813, '0236', 9),
(2813, '0238', 5),
(2813, '0294', 3),
(2813, '2233', 10),
(2813, '2249', 8),
(2814, '0201', 5),
(2814, '0206', 5),
(2814, '0212', 9),
(2814, '0215', 1),
(2814, '0222', 9),
(2814, '0275', 1),
(2814, '0294', 7),
(2814, '2189', 7),
(2814, '2236', 5),
(2814, '2237', 9),
(2814, '2243', 3),
(2814, '2262', 9),
(2816, '1102', 3),
(2816, '1315', 1),
(2816, '1348', 9),
(2816, '1997', 3),
(2822, '2102', 5),
(2822, '2107', 5),
(2822, '2197', 5),
(2822, '2377', 5),
(2822, '2587', 5),
(2822, '2589', 9),
(2823, '0506', 9),
(2823, '0518', 5),
(2823, '0520', 1),
(2823, '0522', 7),
(2823, '5010', 1),
(2823, '5023', 10),
(2823, '5024', 3),
(2823, '5025', 6),
(2823, '5080', 1),
(2823, '5287', 2),
(2825, '1102', 1),
(2825, '1440', 1),
(2825, '1479', 6),
(2825, '1601', 6),
(2825, '1602', 1),
(2825, '1604', 1),
(2829, '2377', 4),
(2831, '0118', 9),
(2831, '0128', 9),
(2831, '0131', 2),
(2831, '0194', 5),
(2832, '0206', 3),
(2832, '0233', 7),
(2832, '0294', 9),
(2832, '2008', 7),
(2832, '2243', 7),
(2833, '0101', 4),
(2833, '0104', 3),
(2833, '0106', 9),
(2833, '0113', 10),
(2833, '0118', 5),
(2833, '0121', 4),
(2833, '3771', 4),
(2834, '0506', 5),
(2834, '5009', 7),
(2834, '5010', 1),
(2834, '5013', 3),
(2834, '5022', 9),
(2834, '5080', 1),
(2834, '5097', 9),
(2834, '5286', 5),
(2837, '1102', 5),
(2837, '1479', 4),
(2837, '1601', 8),
(2837, '1602', 5),
(2839, '2603', 8),
(2839, '2604', 7),
(2839, '2605', 6),
(2841, '1102', 3),
(2841, '1608', 9),
(2841, '2610', 1),
(2842, '0101', 3),
(2842, '0106', 3),
(2842, '0110', 1),
(2842, '0111', 3),
(2842, '0113', 7),
(2842, '0114', 9),
(2842, '0115', 1),
(2842, '0118', 7),
(2842, '0121', 3),
(2842, '0122', 5),
(2842, '0190', 1),
(2842, '0194', 9),
(2842, '1355', 1),
(2842, '1761', 3),
(2844, '0301', 5),
(2844, '0306', 5),
(2844, '0310', 1),
(2844, '0311', 5),
(2844, '0313', 3),
(2844, '0314', 7),
(2844, '0315', 1),
(2844, '0318', 3),
(2844, '0321', 5),
(2844, '0322', 9),
(2844, '0390', 1),
(2844, '0394', 7),
(2845, '0301', 6),
(2845, '0306', 1),
(2845, '0310', 1),
(2845, '0311', 6),
(2845, '0313', 6),
(2845, '0314', 1),
(2845, '0315', 6),
(2845, '0318', 1),
(2845, '0321', 6),
(2845, '0322', 1),
(2845, '0331', 6),
(2845, '0390', 1),
(2848, '0301', 9),
(2848, '0306', 9),
(2848, '0310', 1),
(2848, '0311', 9),
(2848, '0313', 5),
(2848, '0314', 3),
(2848, '0318', 5),
(2848, '0321', 9),
(2848, '0322', 7),
(2848, '0390', 1),
(2848, '3761', 9),
(2849, '0301', 10),
(2849, '0304', 7),
(2849, '0306', 5),
(2849, '0310', 1),
(2849, '0311', 10),
(2849, '0313', 8),
(2849, '0314', 7),
(2849, '0315', 6),
(2849, '0318', 3),
(2849, '0321', 10),
(2849, '0322', 9),
(2849, '0390', 1),
(2849, '0394', 7),
(2849, '3355', 6),
(2849, '3761', 10),
(2850, '0401', 1),
(2850, '0405', 1),
(2850, '0406', 1),
(2850, '0413', 1),
(2850, '0414', 1),
(2850, '0415', 1),
(2850, '0419', 1),
(2850, '0422', 1),
(2850, '0431', 1),
(2850, '0432', 1),
(2850, '0489', 1),
(2850, '4232', 1),
(2850, '4745', 1),
(2854, '0401', 5),
(2854, '0405', 1),
(2854, '0406', 5),
(2854, '0413', 3),
(2854, '0415', 1),
(2854, '0418', 3),
(2854, '0422', 9),
(2854, '0431', 5),
(2854, '0489', 7),
(2854, '0495', 1),
(2854, '4232', 9),
(2855, '0101', 6),
(2855, '0106', 1),
(2855, '0114', 1),
(2855, '0118', 1),
(2855, '0122', 1),
(2855, '0128', 1),
(2855, '0131', 6),
(2855, '0132', 1),
(2855, '0194', 1),
(2855, '1232', 1),
(2857, '0106', 3),
(2857, '0114', 9),
(2857, '0115', 6),
(2857, '0122', 5),
(2857, '0124', 9),
(2857, '0126', 3),
(2857, '0128', 7),
(2857, '0194', 9),
(2857, '1234', 9),
(2858, '0101', 9),
(2858, '0106', 9),
(2858, '0114', 3),
(2858, '0122', 7),
(2858, '0128', 5),
(2858, '0131', 9),
(2858, '0194', 3),
(2858, '1021', 9),
(2858, '1234', 3),
(2858, '1236', 9),
(2861, '0201', 2),
(2861, '0206', 7),
(2861, '0212', 3),
(2861, '0214', 5),
(2861, '0215', 6),
(2861, '0222', 3),
(2861, '0234', 5),
(2861, '0236', 7),
(2861, '0294', 5),
(2861, '2008', 9),
(2861, '2233', 4),
(2861, '2243', 4),
(2863, '0201', 4),
(2863, '0206', 9),
(2863, '0212', 7),
(2863, '0215', 6),
(2863, '0222', 7),
(2863, '0275', 6),
(2863, '0294', 3),
(2863, '2189', 8),
(2863, '2236', 9),
(2863, '2237', 2),
(2863, '2243', 10),
(2863, '2262', 7),
(2869, '2377', 4),
(2871, '2102', 3),
(2871, '2107', 8),
(2871, '2197', 8),
(2871, '2377', 8),
(2871, '2587', 8),
(2871, '2589', 10),
(2875, '1102', 1),
(2875, '1440', 1),
(2875, '1479', 6),
(2875, '1601', 6),
(2875, '1602', 1),
(2875, '1604', 1),
(2876, '2603', 9),
(2876, '2605', 1),
(2876, '2606', 7),
(2877, '1102', 5),
(2877, '1607', 10),
(2877, '1608', 7),
(2877, '1609', 4),
(2877, '1610', 1),
(2877, '1611', 8),
(2877, '1612', 5),
(2878, '2377', 7),
(2882, '0104', 9),
(2882, '0106', 3),
(2882, '0113', 7),
(2882, '0118', 7),
(2883, '0506', 9),
(2883, '5009', 8),
(2883, '5013', 10),
(2883, '5022', 7),
(2883, '5097', 2),
(2883, '5286', 9),
(2884, '0104', 7),
(2884, '0106', 5),
(2884, '1102', 9),
(2884, '1188', 3),
(2884, '1591', 5),
(2885, '0106', 1),
(2885, '1102', 1),
(2885, '1188', 1),
(2885, '1591', 6),
(2887, '1440', 1),
(2887, '1479', 4),
(2887, '1601', 8),
(2887, '1602', 5),
(2892, '0201', 3),
(2892, '0206', 3),
(2892, '0210', 1),
(2892, '0211', 3),
(2892, '0213', 7),
(2892, '0214', 9),
(2892, '0215', 1),
(2892, '0218', 7),
(2892, '0221', 3),
(2892, '0222', 5),
(2892, '0290', 1),
(2892, '0294', 9),
(2892, '2355', 1),
(2892, '2761', 3),
(2894, '0301', 5),
(2894, '0306', 5),
(2894, '0310', 1),
(2894, '0311', 5),
(2894, '0313', 3),
(2894, '0314', 7),
(2894, '0315', 1),
(2894, '0318', 3),
(2894, '0321', 5),
(2894, '0322', 9),
(2894, '0331', 5),
(2894, '0390', 1),
(2896, '0301', 7),
(2896, '0306', 7),
(2896, '0310', 1),
(2896, '0311', 7),
(2896, '0313', 9),
(2896, '0315', 1),
(2896, '0318', 9),
(2896, '0321', 7),
(2896, '0322', 3),
(2896, '0390', 1),
(2896, '3355', 1),
(2896, '3761', 7),
(2897, '0301', 8),
(2897, '0306', 3),
(2897, '0310', 1),
(2897, '0311', 8),
(2897, '0313', 2),
(2897, '0314', 9),
(2897, '0318', 7),
(2897, '0321', 8),
(2897, '0322', 5),
(2897, '0390', 1),
(2897, '3761', 8),
(2901, '0401', 2),
(2901, '0405', 6),
(2901, '0406', 7),
(2901, '0410', 1),
(2901, '0411', 2),
(2901, '0413', 4),
(2901, '0414', 5),
(2901, '0415', 6),
(2901, '0418', 9),
(2901, '0422', 3),
(2901, '0431', 2),
(2901, '0489', 10),
(2901, '0494', 5),
(2901, '0495', 6),
(2902, '0113', 7),
(2902, '0401', 3),
(2902, '0404', 9),
(2902, '0405', 1),
(2902, '0410', 1),
(2902, '0411', 3),
(2902, '0413', 7),
(2902, '0414', 9),
(2902, '0415', 1),
(2902, '0418', 7),
(2902, '0422', 5),
(2902, '0464', 9),
(2902, '0489', 9),
(2902, '4480', 1),
(2902, '4481', 3),
(2904, '0101', 5),
(2904, '0106', 5),
(2904, '0118', 3),
(2904, '0122', 9),
(2904, '0128', 3),
(2904, '0131', 5),
(2904, '0132', 9),
(2904, '1232', 9),
(2907, '0106', 3),
(2907, '0114', 9),
(2907, '0122', 5),
(2907, '0128', 7),
(2907, '0194', 9),
(2907, '1234', 9),
(2907, '1236', 3),
(2908, '0101', 9),
(2908, '0106', 9),
(2908, '0114', 3),
(2908, '0115', 1),
(2908, '0122', 7),
(2908, '0128', 5),
(2908, '0131', 9),
(2908, '0194', 3),
(2908, '1021', 9),
(2908, '1234', 3),
(2908, '1236', 9),
(2908, '1241', 9),
(2909, '0201', 10),
(2909, '0206', 5),
(2909, '0212', 9),
(2909, '0214', 7),
(2909, '0215', 6),
(2909, '0218', 3),
(2909, '0222', 9),
(2909, '0233', 8),
(2909, '0235', 6),
(2909, '0294', 7),
(2909, '2008', 3),
(2909, '2243', 8),
(2910, '0201', 1),
(2910, '0206', 1),
(2910, '0212', 1),
(2910, '0214', 1),
(2910, '0215', 1),
(2910, '0222', 1),
(2910, '0234', 1),
(2910, '0236', 1),
(2910, '0294', 1),
(2910, '2008', 1),
(2910, '2233', 1),
(2910, '2243', 1),
(2911, '0201', 2),
(2911, '0206', 7),
(2911, '0212', 3),
(2911, '0214', 5),
(2911, '0215', 6),
(2911, '0222', 3),
(2911, '0234', 5),
(2911, '0236', 7),
(2911, '0238', 9),
(2911, '0294', 5),
(2911, '2233', 4),
(2911, '2249', 10),
(2912, '0201', 3),
(2912, '0206', 3),
(2912, '0212', 5),
(2912, '0215', 1),
(2912, '0222', 5),
(2912, '0275', 1),
(2912, '0294', 9),
(2912, '2189', 9),
(2912, '2236', 3),
(2912, '2237', 5),
(2912, '2243', 7),
(2912, '2262', 5),
(2913, '0201', 4),
(2913, '0204', 3),
(2913, '0206', 9),
(2913, '0212', 7),
(2913, '0214', 3),
(2913, '0215', 6),
(2913, '0222', 7),
(2913, '0275', 6),
(2913, '0292', 7),
(2913, '0294', 3),
(2913, '2189', 8),
(2913, '2236', 9),
(2913, '2237', 2),
(2913, '2243', 10),
(2913, '2262', 7),
(2914, '1102', 9),
(2914, '1315', 1),
(2914, '1348', 3),
(2914, '1997', 9),
(2915, '1102', 1),
(2915, '1315', 6),
(2915, '1348', 1),
(2915, '1997', 6),
(2916, '0104', 5),
(2916, '0106', 7),
(2916, '1102', 3),
(2916, '1362', 3),
(2916, '1363', 9),
(2916, '1364', 5),
(2916, '1365', 1),
(2916, '1367', 3),
(2916, '1591', 7),
(2917, '0106', 3),
(2917, '1102', 5),
(2917, '1362', 5),
(2917, '1363', 2),
(2917, '1364', 9),
(2917, '1365', 6),
(2917, '1367', 10),
(2917, '1591', 8),
(2918, '2377', 7),
(2920, '2102', 1),
(2920, '2107', 1),
(2920, '2197', 1),
(2920, '2377', 1),
(2920, '2587', 1),
(2920, '2589', 1),
(2921, '0506', 7),
(2921, '0518', 9),
(2921, '0520', 1),
(2921, '0522', 3),
(2921, '5010', 1),
(2921, '5023', 4),
(2921, '5024', 5),
(2921, '5025', 6),
(2921, '5080', 1),
(2921, '5287', 8),
(2925, '2603', 6),
(2925, '2605', 6),
(2925, '2606', 1),
(2930, '0201', 1),
(2930, '0206', 1),
(2930, '0294', 1),
(2930, '2008', 1),
(2934, '0106', 5),
(2934, '1102', 9),
(2934, '1188', 3),
(2934, '1591', 5),
(2939, '1102', 9),
(2939, '1608', 3),
(2939, '2610', 1),
(2940, '0101', 1),
(2940, '0106', 1),
(2940, '0110', 1),
(2940, '0111', 1),
(2940, '0113', 1),
(2940, '0114', 1),
(2940, '0115', 1),
(2940, '0118', 1),
(2940, '0121', 1),
(2940, '0122', 1),
(2940, '0190', 1),
(2940, '0194', 1),
(2940, '1355', 1),
(2940, '1761', 1),
(2941, '0201', 2),
(2941, '0206', 7),
(2941, '0210', 1),
(2941, '0211', 2),
(2941, '0213', 4),
(2941, '0214', 5),
(2941, '0215', 6),
(2941, '0218', 9),
(2941, '0221', 2),
(2941, '0222', 3),
(2941, '0290', 1),
(2941, '0294', 5),
(2941, '2355', 6),
(2941, '2761', 2),
(2943, '0301', 4),
(2943, '0306', 9),
(2943, '0310', 1),
(2943, '0311', 4),
(2943, '0313', 10),
(2943, '0314', 3),
(2943, '0315', 6),
(2943, '0318', 5),
(2943, '0321', 4),
(2943, '0322', 7),
(2943, '0331', 4),
(2943, '0390', 1),
(2947, '0301', 8),
(2947, '0304', 9),
(2947, '0306', 3),
(2947, '0310', 1),
(2947, '0311', 8),
(2947, '0313', 2),
(2947, '0314', 9),
(2947, '0315', 6),
(2947, '0318', 7),
(2947, '0321', 8),
(2947, '0322', 5),
(2947, '0390', 1),
(2947, '0394', 9),
(2947, '3355', 6),
(2947, '3761', 8),
(2949, '0401', 10),
(2949, '0404', 7),
(2949, '0405', 6),
(2949, '0406', 5),
(2949, '0413', 8),
(2949, '0414', 7),
(2949, '0415', 6),
(2949, '0422', 9),
(2949, '0431', 10),
(2949, '0432', 9),
(2949, '0490', 1),
(2949, '0494', 7),
(2949, '4232', 9),
(2949, '4745', 6),
(2950, '0401', 1),
(2950, '0405', 1),
(2950, '0406', 1),
(2950, '0410', 1),
(2950, '0411', 1),
(2950, '0413', 1),
(2950, '0414', 1),
(2950, '0415', 1),
(2950, '0422', 1),
(2950, '0431', 1),
(2950, '0489', 1),
(2950, '0494', 1),
(2950, '0495', 1),
(2951, '0113', 4),
(2951, '0401', 2),
(2951, '0404', 5),
(2951, '0405', 6),
(2951, '0406', 7),
(2951, '0410', 1),
(2951, '0411', 2),
(2951, '0413', 4),
(2951, '0414', 5),
(2951, '0415', 6),
(2951, '0418', 9),
(2951, '0422', 3),
(2951, '0464', 5),
(2951, '0489', 10),
(2951, '4480', 1),
(2951, '4481', 2),
(2952, '0401', 3),
(2952, '0405', 1),
(2952, '0413', 7),
(2952, '0414', 9),
(2952, '0415', 1),
(2952, '0418', 7),
(2952, '0422', 5),
(2952, '0431', 3),
(2952, '0489', 9),
(2952, '0494', 9),
(2952, '0495', 1),
(2952, '4232', 5),
(2953, '0101', 4),
(2953, '0106', 9),
(2953, '0114', 3),
(2953, '0118', 5),
(2953, '0122', 7),
(2953, '0128', 5),
(2953, '0131', 4),
(2953, '0132', 7),
(2953, '0194', 3),
(2953, '1232', 7),
(2954, '0101', 5),
(2954, '0106', 5),
(2954, '0115', 1),
(2954, '0118', 3),
(2954, '0122', 9),
(2954, '0128', 3),
(2954, '0131', 5),
(2954, '0132', 9),
(2954, '0191', 5),
(2954, '1232', 9),
(2959, '0201', 10),
(2959, '0206', 5),
(2959, '0212', 9),
(2959, '0214', 7),
(2959, '0215', 6),
(2959, '0222', 9),
(2959, '0234', 7),
(2959, '0236', 5),
(2959, '0294', 7),
(2959, '2008', 3),
(2959, '2233', 8),
(2959, '2243', 8),
(2960, '0201', 1),
(2960, '0206', 1),
(2960, '0212', 1),
(2960, '0214', 1),
(2960, '0215', 1),
(2960, '0222', 1),
(2960, '0234', 1),
(2960, '0236', 1),
(2960, '0238', 1),
(2960, '0294', 1),
(2960, '2233', 1),
(2960, '2249', 1),
(2961, '0201', 2),
(2961, '0206', 7),
(2961, '0212', 3),
(2961, '0215', 6),
(2961, '0222', 3),
(2961, '0275', 6),
(2961, '0294', 5),
(2961, '2189', 10),
(2961, '2236', 7),
(2961, '2237', 8),
(2961, '2243', 4),
(2961, '2262', 3),
(2963, '1102', 7),
(2963, '1315', 6),
(2963, '1348', 5),
(2963, '1997', 2),
(2964, '1102', 9),
(2964, '1315', 1),
(2964, '1348', 3),
(2964, '1997', 9),
(2965, '0104', 1),
(2965, '0106', 1),
(2965, '1102', 1),
(2965, '1362', 1),
(2965, '1363', 6),
(2965, '1364', 1),
(2965, '1365', 6),
(2965, '1367', 6),
(2965, '1591', 6),
(2966, '0106', 7),
(2966, '1102', 3),
(2966, '1362', 3),
(2966, '1363', 9),
(2966, '1364', 5),
(2966, '1365', 1),
(2966, '1367', 3),
(2966, '1591', 7),
(2967, '2377', 10),
(2969, '2102', 9),
(2969, '2107', 4),
(2969, '2197', 4),
(2969, '2377', 4),
(2969, '2587', 4),
(2969, '2589', 2),
(2970, '0506', 1),
(2970, '0518', 1),
(2970, '0520', 1),
(2970, '0522', 1),
(2970, '5010', 1),
(2970, '5023', 1),
(2970, '5024', 1),
(2970, '5025', 1),
(2970, '5080', 1),
(2970, '5287', 1),
(2971, '0518', 9),
(2971, '0520', 1),
(2971, '0522', 3),
(2971, '5010', 1),
(2971, '5023', 4),
(2971, '5024', 5),
(2971, '5025', 6),
(2971, '5080', 1),
(2971, '5287', 8),
(2973, '1102', 7),
(2973, '1440', 1),
(2973, '1479', 8),
(2973, '1601', 4),
(2973, '1602', 7),
(2973, '1604', 3),
(2974, '2603', 3),
(2974, '2605', 1),
(2974, '2606', 5),
(2978, '0118', 5),
(2978, '0128', 5),
(2978, '0131', 9),
(2978, '0194', 3),
(2978, '1232', 7),
(2979, '0201', 10),
(2979, '0206', 5),
(2979, '0233', 8),
(2979, '2008', 3),
(2979, '2243', 8),
(2980, '0101', 1),
(2980, '0104', 1),
(2980, '0106', 1),
(2980, '0118', 1),
(2980, '0121', 1),
(2980, '3771', 1),
(2985, '1440', 1),
(2985, '1479', 6),
(2985, '1601', 6),
(2985, '1602', 1),
(2986, '2603', 9),
(2986, '2604', 5),
(2986, '2605', 1),
(2987, '1607', 10),
(2987, '1609', 4),
(2987, '1611', 8),
(2987, '1612', 5);

-- --------------------------------------------------------

--
-- Estructura de tabla para la tabla `profesores`
--

CREATE TABLE `profesores` (
  `idProfesor` varchar(4) DEFAULT NULL,
  `apellido1` varchar(15) DEFAULT NULL,
  `apellido2` varchar(11) DEFAULT NULL,
  `nombre` varchar(15) DEFAULT NULL
) ENGINE=InnoDB DEFAULT CHARSET=utf8;

--
-- Volcado de datos para la tabla `profesores`
--

INSERT INTO `profesores` (`idProfesor`, `apellido1`, `apellido2`, `nombre`) VALUES
('AGA', 'ASENCIO', 'GAMARRA', 'ANTONIO'),
('AGAN', 'ARENAS', 'GAVILA', 'ANGEL'),
('ALJ', 'APARICIO', 'LOZANO', 'FCO.JAVIER'),
('AMM', 'ARANA', 'MARCOS', 'MARIO'),
('BAF', 'BASTERRA', 'AYESA', 'FERNANDO'),
('BMA', 'BUENO', 'MARIN', 'ANA'),
('BMP', 'BENZAL', 'MOLERO', 'PEDRO'),
('BNA', 'BAUTISTA', 'NAVARES', 'ANA ISABEL'),
('BRP', 'BENAVIDES', 'RUIZ', 'PEDRO'),
('CCJ', 'CABALLERO', 'CASAS', 'JUAN'),
('CCJO', 'CORTES', 'CARRETERO', 'JOAQUIN'),
('CDC', 'CRUZ', 'DIAZ', 'CARLOS'),
('CDM', 'COLLADOS', 'DIAZ', 'MANUEL'),
('CFD', 'CANTERO', 'FUENTES', 'DIONISIO'),
('CHF', 'CALLEJAS', 'HERVIAS', 'FRANCISCO'),
('CMN', 'CARA', 'MANZANO', 'NURIA'),
('CPI', 'CASTILLO', 'POLAINA', 'ILDEFONSO DEL'),
('CTA', 'CORTÉS', 'TENEDOR', 'AGUSTIN'),
('EME', 'EISMAN', 'MOLINA', 'EDUARDO'),
('EVE', 'ESCOBEDO', 'VASCO', 'ENCARNACION'),
('FCE', 'FERNANDEZ', 'CUESTA', 'ELISEO'),
('FHP', 'FERNANDEZ', 'HERRAIZ', 'PILAR'),
('FOJ', 'FERNANDEZ', 'ORTEGA', 'JAIME'),
('FRA', 'FERNANDEZ', 'REGA', 'ANTONIO'),
('FSC', 'FERNANDEZ', 'SALIDO', 'CASILDA'),
('GBE', 'GENARO', 'BELMONTE', 'EMILIO'),
('GEJ', 'GERARDO', 'ENTRENA', 'JUAN'),
('GFM', 'GORDO', 'FUENTES', 'MARIA CRUZ'),
('GGJ', 'GARCIA', 'GONZALEZ', 'JUAN CARLOS'),
('GGM', 'GINES', 'GONZALEZ', 'MARIA LINAREJOS'),
('GMI', 'GONZALEZ', 'MERELO', 'ISABEL'),
('GMS', 'GUIRADO', 'MARTINEZ', 'MARIA SOLEDAD'),
('GPG', 'GIJON', 'PUERTA', 'GABRIEL'),
('HCJ', 'HERNANDEZ', 'CALLEJAS', 'JOSE'),
('HGA', 'HIGUERAS', 'GUTIERREZ', 'ALFONSO'),
('HGM', 'HIGUERA', 'GONZALEZ', 'MARIA'),
('HPJ', 'HERRERA', 'PEREZ', 'JOSE VICENTE'),
('ILJ', 'IGLESIAS', 'LOSADA', 'JOSE LUIS'),
('JCJ', 'JIMENEZ', 'CASTILLO', 'JOSE MANUEL'),
('JRJ', 'JIMENEZ', 'RUIZ', 'JUAN MANUEL'),
('LAI', 'LOPEZ', 'AVILA', 'INES'),
('LAM', 'LOPEZ', 'DEL ALCAZAR', 'MARIA ASUNCION'),
('LCD', 'LEAL', 'CARRILLO', 'DOLORES TERESA'),
('LJE', 'LOPEZ', 'JIMENEZ', 'JOSE ENRIQUE'),
('LLJ', 'LLAMAS', 'LUNA', 'JUAN DE DIOS'),
('MAA', 'MOLINA', 'ABRIL', 'ANTONIO'),
('MBA', 'MOLINA', 'BALSERA', 'ANGEL'),
('MFJ', 'MEDINA', 'FERRER', 'JUAN'),
('MGA', 'MORENO', 'GALINDO', 'ANDRES'),
('MJF', 'MARTINEZ', 'JIMENEZ', 'FRANCISCO'),
('MLA', 'MARFIL', 'LIÑAN', 'ANTONIA'),
('MMC', 'MARRODAN', 'MARTINEZ', 'CARMEN'),
('MMM', 'MOMBLANT', 'MARTINEZ', 'Mª CARMEN'),
('MMO', 'MUDARRA', 'MORAL', 'OLGA'),
('MMP', 'MIR', 'MIRAS', 'PILI'),
('MPJ', 'MUÑOZ', 'PAREJA', 'JOSE'),
('MPM', 'MAQUEDA', 'PACHECO', 'Mª CARMEN'),
('MPMI', 'MARTINEZ', 'POZO', 'MIGUEL'),
('MRF', 'MORENO', 'RODRIGUEZ', 'FEDERICO'),
('MRJ', 'MONTALVO', 'RODRIGUEZ', 'JUAN DE DIOS'),
('MRJE', 'MARTINEZ', 'RUIZ', 'JERONIMO'),
('MSC', 'MORALES', 'SOTO', 'CRISTINA'),
('MSM', 'MARTINEZ', 'SIMON', 'MANUEL'),
('NRJ', 'NIETO', 'RUIZ', 'JESUS'),
('OLM', 'ORTEGA', 'LACHICA', 'Mª SOLEDAD'),
('ORS', 'ORTIZ', 'RIVAS', 'SEVERIANO'),
('PAJ', 'PEDROSA', 'ALVAREZ', 'JOSE ISIDRO'),
('PGJ', 'POLO', 'GARCIA', 'JOSE MANUEL'),
('PGJU', 'PERALES', 'GARCIA', 'JUAN'),
('PGR', 'PARRAS', 'GUIJOSA', 'RAMONA'),
('PIE', 'PUERTAS', 'IZQUIERDO', 'EMILIO'),
('PLGP', 'PEREZ-LEMAUR', 'GUEZALA', 'PALOMA'),
('PMR', 'PICAZO', 'MUÑOZ', 'RAFAEL'),
('PSA', 'PLEGUEZUELOS', 'SIERRA', 'AURORA'),
('PTB', 'PEÑA', 'DE LA TORRE', 'BERNARDO'),
('RAB', 'RUIZ', 'ARANDA', 'BALTASAR'),
('RHC', 'ROLDAN', 'HERNANDEZ', 'CARLOS'),
('RLA', 'ROJAS', 'LOPEZ', 'ANGEL'),
('RLZ', 'RUIZ DE LOIZAGA', 'ZAZO', 'MARIA ISABEL'),
('RMI', 'RODRIGUEZ', 'MADERA', 'INMACULADA'),
('RRR', 'RODRIGUEZ', 'RAMIREZ', 'ROSA Mª'),
('RTM', 'RUIZ', 'TISCAR', 'MARCIANA'),
('RTMI', 'RODRIGUEZ', 'TIRADO', 'MIGUEL ANGEL'),
('RZM', 'RUIZ', 'ZANABRIA', 'MANUEL'),
('SGE', 'SANTAMARIA', 'GUTIERREZ', 'EDUARDO'),
('SGM', 'SEVILLA', 'GARCIA', 'Mª CARMEN'),
('SHJ', 'SOLANA', 'HOCES', 'JULIA'),
('SME', 'SANCHEZ', 'MARFIL', 'ENCARNACION'),
('SRC', 'SANCHEZ', 'REGUERO', 'CARMEN'),
('TAA', 'TORICES', 'ARGUELLES', 'ALBERTO'),
('TCM', 'TORNERO', 'CHECA', 'MARIA DOLORES'),
('TMM', 'TULIN', 'MASCARA', 'MIGUEL'),
('TRR', 'TABOADA', 'RODRIGUEZ', 'ROSARIO'),
('VMP', 'VILCHEZ', 'MARTINEZ', 'PIEDAD'),
('VMR', 'VARGAS', 'MORALES', 'RAFAEL'),
('VPM', 'VEGA', 'PEREZ', 'Mª ANGELES'),
('YMM', 'YAGÜE', 'MARTINEZ', 'Mª ANGELES'),
('ZBM', 'ZAFRA', 'BARRANCO', 'MANUEL'),
('ZPM', 'ZARAGOZA', 'PEREZ', 'Mª ANGELES');
COMMIT;

/*!40101 SET CHARACTER_SET_CLIENT=@OLD_CHARACTER_SET_CLIENT */;
/*!40101 SET CHARACTER_SET_RESULTS=@OLD_CHARACTER_SET_RESULTS */;
/*!40101 SET COLLATION_CONNECTION=@OLD_COLLATION_CONNECTION */;
